smiles,hERG,BBBP,ClinTox,Tox21,hERG_prob,BBBP_prob,ClinTox_prob,Tox21_prob
Fc1ccc(C(OCC[NH+]2CC[NH+](CCCc3ccccc3)CC2)c2ccc(F)cc2)cc1,1.0,,,,0.59548163,0.5382931,0.4175638,0.16339679
Fc1ccc(-n2cc(C3CCN(CCN4CCNC4=S)CC3)c3ccccc32)cc1,1.0,,,,0.6029926,0.5687739,0.4114837,0.15975204
C[NH+]1CCC[C@@H]1CCO[C@](C)(c1ccccc1)c1ccc(Cl)cc1,1.0,,,,0.5537494,0.5139588,0.44697943,0.18513174
Cc1cccc(CC[NH+]2CCC(C(=O)c3ccc(NS(C)(=O)=O)cc3)CC2)n1,1.0,,,,0.53948563,0.48552108,0.4482614,0.22873616
Cc1cccc(C)c1NC(=O)C[NH+]1CC[NH+](CCCC(c2ccc(F)cc2)c2ccc(F)cc2)CC1,1.0,,,,0.55902517,0.48153785,0.42747632,0.20245294
O=C1N=c2ccccc2=[N+]1C1CC[NH+](CCCC(c2ccc(F)cc2)c2ccc(F)cc2)CC1,1.0,,,,0.5891255,0.5242186,0.4192694,0.16021979
O=C1NCCN1CCN1CCC([C@@H]2CN(c3ccc(F)cc3)c3ccccc32)CC1,1.0,,,,0.5564795,0.5195137,0.47134358,0.48692566
O=C(CCC[NH+]1CC=C([N+]2=c3ccccc3=NC2=O)CC1)c1ccc(F)cc1,1.0,,,,0.59198195,0.5344612,0.4229009,0.13199762
NC(=O)C(c1ccccc1)(c1ccccc1)[C@@H]1CCN(CCc2ccc3c(c2)CCO3)C1,1.0,,,,0.54011065,0.4924428,0.47709957,0.39783436
c1ccc(-c2[nH]c3ccccc3c2C2CCN(c3ccccc3)CC2)cc1,1.0,,,,0.54513216,0.5515311,0.47640273,0.38678527
CC(C)(C)OC(=O)N1CC[C@@H]2C[NH+](C[C@@H](O)COc3ccc(C#N)cc3)C[C@@H](C1)O2,1.0,,,,0.543739,0.47727048,0.4697283,0.27671894
Cc1cn(-c2cc(NC(=O)c3ccc(C)c(Nc4nccc(-c5cccnc5)n4)c3)cc(C(F)(F)F)c2)cn1,1.0,,,,0.61047703,0.5356185,0.40357202,0.12737593
CN(CCN(C)S(=O)(=O)c1ccc(NS(C)(=O)=O)cc1)c1nc2ccccc2n1C,1.0,,,,0.54496187,0.5250789,0.4318033,0.17213388
COc1ccc(C2CCN(CC[C@H]3CCOc4ccccc43)CC2)cc1OC,1.0,,,,0.5499372,0.51679003,0.45122436,0.24341643
O=C(O[C@@H]1CN2CCC1CC2)N1CCc2ccccc2[C@@H]1c1ccccc1,1.0,,,,0.5337199,0.51424,0.4954989,0.43607572
c1ccc(C[NH+]2CCC[C@H](c3c(-c4ccccc4)[nH]c4ccccc34)C2)cc1,1.0,,,,0.5727425,0.54261917,0.4383378,0.24362056
CC[NH+](CC)CCCN(CC(=O)N(C1CCCCC1)C1CCCCC1)C(=O)c1ccc([N+](=O)[O-])cc1,1.0,,,,0.5973735,0.5610876,0.4258769,0.09474592
O=C1CCc2ccc(OCCCCN3CCN(c4cccc(Cl)c4Cl)CC3)cc2N1,1.0,,,,0.55167717,0.5432594,0.4750977,0.49566296
CC[C@H]1[C@H]2C[C@H]3[C@@H]4N(C)c5ccccc5[C@]45C[C@@H]([C@H]2[C@H]5O)N3[C@@H]1O,1.0,,,,0.5535579,0.5082872,0.45212227,0.24913947
O=C1CCC(c2ccc(Nc3ccncc3)cc2)=NN1,1.0,,,,0.57288766,0.54952466,0.44893053,0.1592434
COc1ccc(C(=O)N2CCN(c3ccc4c(c3)CCC(=O)N4)CC2)cc1OC,1.0,,,,0.5421755,0.47387612,0.4722374,0.37973908
CS(=O)(=O)CCNCc1ccc(-c2ccc3ncnc(Nc4ccc(OCc5cccc(F)c5)c(Cl)c4)c3c2)o1,1.0,,,,0.56452507,0.48337188,0.42771098,0.1673405
C[NH2+]CCCC1c2ccccc2C=Cc2ccccc21,1.0,,,,0.52651495,0.5238278,0.4974896,0.4096482
O=C1NC[C@@H](c2ccccc2)C12CCN([C@H]1CCCC[C@@H]1c1ccccc1)CC2,1.0,,,,0.5734799,0.54401493,0.44762057,0.37416884
COc1cc2nc(N3CCN(C(=O)c4ccco4)CC3)[nH]c(=N)c2cc1OC,1.0,,,,0.59130913,0.5570507,0.43279144,0.15747757
Cc1ccc(-c2nc(NC(=O)CN3CCC(CN(C)C)CC3)cc(-n3nccc3C)n2)o1,1.0,,,,0.55659294,0.5091582,0.44683087,0.21531577
CCC(=O)N(c1ccccc1)C1CC[NH+](CCc2ccccc2)CC1,1.0,,,,0.53208995,0.51394427,0.4819354,0.36513
COc1cc2c(cc1OC)[C@@H](Cc1ccc(Oc3cc(C[C@@H]4c5cc(OC)c(OC)cc5CCN4C)ccc3O)cc1)N(C)CC2,1.0,,,,0.51701295,0.51076937,0.5003318,0.51050204
O=c1n(CCCN2CCN(c3cccc(Cl)c3)CC2)nc2ccccn12,1.0,,,0.0,0.59145844,0.588647,0.43059438,0.16648768
C[NH2+]CCCC12CCC(c3ccccc31)c1ccccc12,1.0,,,,0.53367794,0.51817137,0.47019562,0.24794605
O=C1CN(CCc2ccc(F)cc2)CCN1[C@H]1CCc2cc(Cn3ccnc3)ccc2C1,1.0,,,,0.5924333,0.51855904,0.42871854,0.22835967
COCCC[NH+]1CCC(NC(=O)c2cc(Cl)c(N)c3c2OCC3)CC1,1.0,,,,0.46776107,0.45008624,0.55056816,0.75142443
N#Cc1ccc(Cn2cncc2C[NH2+][C@@H]2CCN(C(=O)c3cccc(Cl)c3)C2=O)cc1,1.0,,,,0.54231095,0.5070386,0.4776832,0.31900096
O=C(OC1C[C@H]2CC3C[C@H](C1)[NH+]2CC3=O)C1=c2ccccc2=NC1,1.0,,,,0.5940308,0.5292635,0.4136325,0.12057867
CCCCc1nc(Cl)c(CO)n1Cc1ccc(-c2ccccc2-c2nn[n-]n2)cc1,1.0,,,,0.57990205,0.528916,0.4142216,0.09910146
CC(C)c1nc(CN(C)C(=O)N[C@H](C(=O)N[C@@H](Cc2ccccc2)C[C@H](O)[C@H](Cc2ccccc2)NC(=O)OCc2cncs2)C(C)C)cs1,1.0,,,,0.5704855,0.47781706,0.4124236,0.059973385
CN(C(=O)Cc1ccc(CNS(C)(=O)=O)cc1)[C@@H](CN1CC[C@@H](O)C1)c1ccccc1,1.0,,,,0.57284427,0.49525422,0.4290512,0.12461563
CCCc1nc(C)c2c(=O)nc(-c3cc(S(=O)(=O)N4CC[NH+](CC)CC4)ccc3OCC)[nH]n12,1.0,,,,0.5607093,0.51827633,0.42879578,0.14624526
Cc1cc2c(s1)Nc1ccccc1N=C2N1CCNCC1,1.0,,,,0.5972945,0.56704706,0.4306052,0.13288808
Cc1nnc(C(C)C)n1C1C[C@@H]2CC[C@H](C1)N2CC[C@H](NC(=O)C1CCC(F)(F)CC1)c1ccccc1,0.0,,,,0.54061127,0.5091404,0.4623933,0.21832998
CCOP(=O)(Sc1ccccc1)Sc1ccccc1,0.0,,,,0.52797556,0.52441245,0.45966226,0.24715102
CC(C)Oc1cc([C@@H](C2=CCC(=O)N=C2)C2=CN[C@@H](C(C)(C)O)C=C2)ccc1OC(F)F,0.0,,,,0.51523775,0.44424006,0.4655555,0.2436794
O=C(NCCN1CCOCC1)c1ccc(Cl)cc1,0.0,,,,0.4866818,0.4907912,0.5026265,0.4764965
COc1cc2nc(N(C)CCCNC(=O)[C@H]3CCCO3)nc(C)c2cc1OC,0.0,,,,0.5113628,0.45628604,0.49547818,0.43183374
CCOC(=O)[C@H](CCc1ccccc1)N[C@@H](C)C(=O)N1CCC[C@H]1C(=O)O,0.0,,,,0.5482239,0.5002327,0.44618595,0.124745056
O=c1c(O)c(-c2ccc(O)cc2O)oc2cc(O)cc(O)c12,0.0,,,,0.48321703,0.48353472,0.51490724,0.5763451
COc1c(N2C[C@H]3CCC[NH2+][C@H]3C2)c(F)cc2c1[N+](C1CC1)=C[C@@H](C(=O)[O-])C2=O,0.0,,,,0.54815704,0.5100263,0.4453474,0.16803579
O=C1NCCN1CC[NH+]1CCC(c2cn(C3CCCCC3)c3ccc(Cl)cc23)CC1,0.0,,,,0.595099,0.56528836,0.4184629,0.24528028
NC1=[NH+]C[C@H]2c3ccccc3Cc3ccccc3N12,0.0,,,,0.53491616,0.54427564,0.4836145,0.44743595
CO/N=C1\CN(c2nc3c(cc2F)C(=O)[C@H](C(=O)O)CN3C2CC2)CC12CNC2,0.0,,,,0.5378393,0.45075735,0.47212833,0.34157065
O=C1NC(=O)C(c2ccccc2)(c2ccccc2)N1,0.0,,,0.0,0.54602116,0.5471263,0.45563102,0.22600959
C[NH+]1CCC[C@@H]1c1cccnc1,0.0,,,,0.5477143,0.52496785,0.46484956,0.38486066
COc1ccc2c(c1)c(CC(=O)[O-])c(C)n2C(=O)c1ccc(Cl)cc1,0.0,,,,0.5166667,0.48894373,0.4709525,0.25153488
CC(=O)Oc1ccc2c3c1O[C@H]1[C@@H](OC(C)=O)C=C[C@H]4[C@@H](C2)N(C)CC[C@]314,0.0,,,,0.5483885,0.48953584,0.4613289,0.33011553
O=C([O-])C1=C[N+](C2CC2)=C2C=C(N3CC[NH2+]CC3)C(F)=C[C@H]2C1=O,0.0,,,,0.53855795,0.486665,0.46770218,0.3342055
Cc1cc(NS(=O)(=O)c2ccc(N)cc2)no1,0.0,,,,0.5323231,0.51588243,0.4503306,0.26344538
CC(C)(C#N)c1cc(Cn2cncn2)cc(C(C)(C)C#N)c1,0.0,,,0.0,0.570887,0.5423403,0.43565208,0.1773977
Nc1nc(N)nc(CCCCc2nc(N)nc(N)n2)n1,0.0,,,,0.5410049,0.5102254,0.45145464,0.25901783
NCCNC[C@@H](O)CO,0.0,,,,0.53032464,0.48615515,0.45362487,0.28432453
NCCSCCC(=O)O,0.0,,,,0.50051904,0.47759512,0.4780701,0.33783692
N[C@H](CNO)C(=O)O,0.0,,,,0.51583433,0.4871294,0.4677257,0.27879742
O=c1[nH]c(SCc2c(Cl)c(Cl)c(Cl)c(Cl)c2Cl)nc(=S)[nH]1,0.0,,,,0.5677988,0.5370449,0.43872753,0.18442556
CCc1nc(N)nc(N)c1-c1ccc(Cl)cc1,0.0,,,,0.53199756,0.51446795,0.45162308,0.18217352
Nc1nc2ccc(OC(F)(F)F)cc2s1,0.0,,,,0.5338003,0.51552063,0.46524355,0.26785648
CNS(=O)(=O)Cc1ccc2c(c1)C(CC[NH+](C)C)C=N2,0.0,,,,0.5363267,0.46905553,0.44482154,0.20917416
CCN1CCN(C(=O)N[C@@H](C(=O)N[C@H]2[C@H]3SCC(=C(N3C2=O)C(O)=O)CSc4nnnn4C)c5ccc(O)cc5)C(=O)C1=O,,1.0,,,0.56869924,0.4440138,0.4512347,0.079063974
COc1ccc(Cl)cc1C(=O)NCCc2ccc(cc2)[S](=O)(=O)NC(=O)NC3CCCCC3,,1.0,,,0.5708707,0.5183253,0.41363692,0.11395578
CN(C)c1cc(C2=NC(N)=NN2)ccn1,,0.0,,,0.5398726,0.5148955,0.4484814,0.3203241
CN(C)Cc1ccc(c2cccc(NC3C([N+]([O-])=O)=CC=N3)c2)o1,,1.0,,,0.54436016,0.48155272,0.44425985,0.1877045
ClC1=CC=CC(OC2CCN(CCC3CCCN3S(C4=CC(N([H])C=C5)=C5C=C4)(=O)=O)CC2)=C1,,1.0,,,0.5655745,0.5271674,0.42038846,0.14471653
CCCCC[C@H](O)/C=C/[C@H]1[C@H](O)CC(=O)[C@@H]1CCCCCCC(O)=O,,0.0,,,0.52019256,0.46137547,0.47604856,0.28957406
CCCCc1oc2ccccc2c1C(=O)c3cc(I)c(OCCN(CC)CC)c(I)c3,,0.0,,,0.5705544,0.5248289,0.43549824,0.14448786
OC(=O)CCC(O)=O.FC(F)(F)c1ccc2Sc3ccccc3N(CCCN4CCN(CCC5OCCCO5)CC4)c2c1,,1.0,,,0.6179485,0.58877766,0.4221883,0.14145826
Cc1c(O)cccc1C(=O)N[C@@H](CSc2ccccc2)[C@H](O)CN3C[C@H]4CCCC[C@H]4C[C@H]3C(=O)NC(C)(C)C,,0.0,,,0.54596066,0.48157206,0.4442519,0.15081194
COc1ccc(CCN2CCC(CC2)Nc3nc4ccccc4n3Cc5ccc(F)cc5)cc1,,0.0,,,0.57955503,0.5129582,0.45457998,0.22340077
COc1ccc2nc([nH]c2c1)[S](=O)Cc3ncc(C)c(OC)c3C,,0.0,,,0.5853857,0.55761397,0.4265869,0.123639986
N[S](=O)(=O)c1cc2c(NC=N[S]2(=O)=O)cc1Cl,,0.0,,,0.5456407,0.5141164,0.44945025,0.19972056
CO[C@@H]([C@@H]1Cc2cc3cc(O[C@H]4C[C@@H](O[C@H]5C[C@@H](O)[C@H](O)[C@@H](C)O5)[C@H](O)[C@@H](C)O4)c(C)c(O)c3c(O)c2C(=O)[C@H]1O[C@H]6C[C@@H](O[C@H]7C[C@@H](O[C@H]8C[C@](C)(O)[C@H](O)[C@@H](C)O8)[C@H](O)[C@@H](C)O7)[C@H](O)[C@@H](C)O6)C(=O)[C@@H](O)[C@@H](C)O,,1.0,,,0.5077903,0.41671187,0.49816757,0.36633104
Clc1ccc2N(C3CCN(CCCN4C(=O)Nc5ccccc45)CC3)C(=O)Nc2c1,,0.0,,,0.6038624,0.5812957,0.42869428,0.17292401
CO[C@H]1[C@@H](C[C@@H]2CN3CCc4c([nH]c5cc(OC)ccc45)[C@H]3C[C@@H]2[C@@H]1C(=O)OC)OC(=O)\C=C\c6cc(OC)c(OC)c(OC)c6,,1.0,,,0.58632237,0.4899956,0.4242813,0.14483929
CC[N+](C)(C)Cc1ccccc1Br.Cc2ccc(cc2)[S]([O-])(=O)=O,,0.0,,,0.5557549,0.52124256,0.43107578,0.15289491
COC1=CC=C2[C@H]3Cc4ccc(OC)c5O[C@@H]1[C@]2(CCN3C)c45,,1.0,,,0.4767624,0.5290909,0.52541685,0.7275351
Clc1cccc(c1)N2CCN(CCCN3N=C4C=CC=CN4C3=O)CC2,,1.0,,,0.59145844,0.588647,0.43059438,0.16648768
CC1=C(N2[C@H](SC1)[C@H](NC(=O)[C@H](N)C3=CCC=CC3)C2=O)C(O)=O,,0.0,,,0.49645275,0.38421065,0.5080815,0.4741729
N[S](=O)(=O)c1cc(C(O)=O)c(NCc2occc2)cc1Cl,,0.0,,,0.5454794,0.5246706,0.44096023,0.16101809
[Br-].C[N+]1(C)CCC(C1)OC(=O)C(O)(C2CCCC2)c3ccccc3,,0.0,,,0.57044303,0.5453873,0.44309494,0.15402846
CCCCNC(=O)OCC(C)(CCC)COC(N)=O,,1.0,,,0.5285633,0.48686874,0.4714872,0.26541212
OC(COc1ccc2OC(=CC(=O)c2c1)C(O)=O)COc3cccc4OC(=CC(=O)c34)C(O)=O,,0.0,,,0.54531854,0.47979784,0.45210755,0.32979178
CC#C[C@]1(O)CC[C@H]2[C@@H]3CCC4=CC(=O)CCC4=C3[C@H](C[C@]12C)c5ccc(cc5)N(C)C,,0.0,,,0.37676004,0.49859875,0.6537571,0.9362499
CCc1nc(N)nc(N)c1c2ccc(Cl)cc2,,1.0,,,0.53199756,0.51446795,0.45162308,0.18217352
COc1ccc(CN(CCN(C)C)c2ccccn2)cc1,,0.0,,,0.5726946,0.5390186,0.44008198,0.21871565
CC(C)[C@H](NC(=O)N(C)Cc1csc(n1)C(C)C)C(=O)N[C@H](C[C@H](O)[C@H](Cc2ccccc2)NC(=O)OCc3scnc3)Cc4ccccc4,,0.0,,,0.5704855,0.47781706,0.4124236,0.059973385
Nc1ccc(cc1)[S](=O)(=O)Nc2ncccn2,,1.0,,,0.54089206,0.53110427,0.4423093,0.2378123
C[C@H]1O[C@@H](O[C@@H]\2C[C@@H]3O[C@](O)(C[C@@H](O)C[C@@H](O)[C@H](O)CC[C@@H](O)C[C@@H](O)CC(=O)O[C@@H](C)[C@H](C)[C@H](O)[C@@H](C)\C=C/C=C\C=C/C=C\C=C/C=C\C=C2)C[C@H](O)[C@H]3C(O)=O)[C@@H](O)[C@@H](N)[C@@H]1O,,0.0,,,0.53567904,0.4366612,0.4763549,0.3129288
NC1=C(F)C=NC(=O)N1,,1.0,,,0.55363125,0.54385495,0.44669452,0.24672022
COc1cc(cc(OC)c1O)[C@H]2[C@@H]3[C@H](COC3=O)[C@H](OC4OC5COC(OC5C(O)C4O)c6sccc6)c7cc8OCOc8cc27,,1.0,,,0.55346394,0.44018632,0.4420801,0.19504227
CN[C@H](CC(C)C)C(=O)NC1[C@H](O)c2ccc(Oc3cc4cc(Oc5ccc(cc5Cl)[C@@H](O)[C@@H]6NC(=O)[C@H](NC(=O)[C@@H]4NC(=O)[C@H](CC(N)=O)NC1=O)c7ccc(O)c(c7)c8c(O)cc(O)cc8[C@@H](NC6=O)C(O)=O)c3O[C@@H]9O[C@H](CO)[C@@H](O)[C@H](O)[C@H]9O[C@H]%10C[C@](C)(N)[C@H](O)[C@H](C)O%10)c(Cl)c2,,0.0,,,0.5302819,0.33517817,0.49609798,0.31457713
CC(Cl)(Cl)Cl,,1.0,,,0.5225716,0.5236646,0.47009465,0.33715594
S=C(NC1CCCCC1)N2CCC(CC2)c3[nH]cnc3,,1.0,,,0.5636405,0.50882137,0.44695678,0.2975051
CC1C=CC=C(C(=O)NC2=C(C3=C(C(=C4C(=C3C(=O)C2=CNN5CCN(CC5)C)C(=O)C(O4)(OC=CC(C(C(C(C(C(C1O)C)O)C)OC(=O)C)C)OC)C)C)O)O)C,,0.0,,,0.5946988,0.47992268,0.3935849,0.075413264
C[C@]1(O)CC[C@H]2[C@@H]3CC[C@H]4Cc5[nH]ncc5C[C@]4(C)[C@H]3CC[C@]12C,,0.0,,,0.40754074,0.5430341,0.6240078,0.91883874
CCC(C)CC,,1.0,,,0.5225077,0.51882905,0.46581867,0.3262325
CC(C)(C)OC(=O)c1ncn2c3cccc(Br)c3C(=O)N4CCC[C@H]4c12,,1.0,,,0.5598453,0.4981728,0.4391026,0.21701261
CN1C(CNC(=O)c2cscc2)CN=C(c3ccccc3F)c4ccccc14,,1.0,,,0.53786445,0.50636536,0.47215718,0.40191457
Nc1nc(N)c2nc(c3ccccc3)c(N)nc2n1,,0.0,,,0.5607567,0.55608076,0.4369948,0.21268453
CC(C)[C@@H]1NC(=O)[C@H](C)OC(=O)C(NC(=O)[C@H](OC(=O)[C@@H](NC(=O)[C@H](C)OC(=O)[C@H](NC(=O)[C@H](OC(=O)[C@@H](NC(=O)[C@H](C)OC(=O)[C@H](NC(=O)[C@H](OC1=O)C(C)C)C(C)C)C(C)C)C(C)C)C(C)C)C(C)C)C(C)C)C(C)C,,0.0,,,0.51638097,0.49567568,0.4756876,0.47449648
CCC(C)=O,,1.0,,,0.5024221,0.49610806,0.48164672,0.35130885
Fc1ccc(cc1)C(=O)CCCN2CCC(CC2)N3C(=O)Nc4ccccc34,,1.0,,,0.6067843,0.5653425,0.43310317,0.15917748
OC(CCN1CCCCC1)(C2CC3CC2C=C3)c4ccccc4,,1.0,,,0.5830045,0.573689,0.43893772,0.18619066
CC(C)(C)NC(=O)[C@@H]1CN(CCN1C[C@@H](O)C[C@@H](Cc2ccccc2)C(=O)N[C@@H]3[C@H](O)Cc4ccccc34)Cc5cccnc5,,1.0,,,0.5800566,0.48045567,0.43134883,0.114393085
CCN1C=C(C(O)=O)C(=O)c2cc(F)c(nc12)N3CCNCC3,,0.0,,,0.53475136,0.50184286,0.47135368,0.31853935
CCCCCc1cc(O)c(C2C=C(C)CC[C@H]2C(C)=C)c(O)c1,,1.0,,,0.54512185,0.48330027,0.48310933,0.36903706
CCCCC,,1.0,,,0.5177711,0.5121558,0.4750965,0.33949924
CC(C)=O,,1.0,,0.0,0.49927363,0.50186443,0.48822057,0.41002178
CN=C1CN(O)C(=C2C=C(Cl)C=CC2=N1)c3ccccc3,,1.0,,,0.5623069,0.5546204,0.43435696,0.12778687
Clc1ccc2OC(=O)Nc2c1,,1.0,,,0.542281,0.5468398,0.45882112,0.32780683
C[N+](C)(C)CCO,,1.0,,0.0,0.5275222,0.49440995,0.45862088,0.26981312
CN1C(=C(\O)Nc2cc(C)on2)/C(=O)c3ccccc3[S]1(=O)=O,,0.0,,,0.54077286,0.50015557,0.45424438,0.28439188
COC(=O)[C@H]1[C@H](CC2CCC1N2C)OC(=O)c3ccccc3,,1.0,,,0.5282126,0.4705091,0.49017546,0.43939924
CC(C)Nc1cccnc1N2CCN(CC2)C(=O)c3[nH]c4ccc(N[S](C)(=O)=O)cc4c3,,0.0,,,0.5787715,0.5335487,0.4205906,0.1543308
c1(ccc(c(c1)Cl)Cl)CC(N1[C@H](C[C@]2(CC1)NC(NC2=O)=O)CN1CCCC1)=O,,0.0,,,0.5949635,0.5256705,0.41638115,0.12753932
c1(ccc(c(c1)Cl)Cl)CC(N1[C@H](CN2CCCC2)c2n(CC1)ncn2)=O,,1.0,,,0.5716728,0.5172822,0.44129828,0.1917427
Fc1ccc(cc1)C(=O)CCCN2CCC(=CC2)N3C(=O)Nc4ccccc34,,1.0,,,0.5809353,0.5592036,0.4364972,0.21270455
CCC(O)(\C=C\Cl)C#C,,1.0,,,0.5405409,0.49101475,0.45083678,0.2245348
Cc1nccc2c1[nH]c3ccccc23,,1.0,,,0.5666006,0.5551099,0.4391729,0.23714924
CN1C(=C(\O)Nc2ccccn2)/C(=O)c3sccc3[S]1(=O)=O,,0.0,,,0.5653737,0.5129722,0.42393848,0.18490277
CN(C1CCCC[C@H]1N2CCCC2)C(=O)Cc3ccc(Cl)c(Cl)c3,,1.0,,,0.5815646,0.5765737,0.43140456,0.18119292
c1(nccc(c1)c1nc([nH]n1)N)N(C)C,,0.0,,,0.5362358,0.50478137,0.45124003,0.30770424
n1(c(c2nc[nH]c2n(c1=O)C)=O)C,,1.0,,,0.51529735,0.5193719,0.480188,0.40299737
CCCC(C)(COC(N)=O)COC(N)=O,,1.0,,,0.51307666,0.5022342,0.47537133,0.28789532
NCCCNCCS[P](O)(O)=O,,0.0,,,0.52796113,0.5042782,0.46107262,0.24896179
C[C@@H](CN1CC(=O)NC(=O)C1)N2CC(=O)NC(=O)C2,,0.0,,,0.5253943,0.50381416,0.46512643,0.3468217
CN1CCC(=CC1)c2ccccc2,,1.0,,,0.54254717,0.5642477,0.46650952,0.3085994
CN1CCC[C@H]1c2cccnc2,,1.0,,,0.5474229,0.55673677,0.46833292,0.41268384
CCOC(=O)[C@H](CCc1ccccc1)N[C@@H](C)C(=O)N2CCC[C@H]2C(O)=O,,0.0,,,0.5482239,0.5002327,0.44618595,0.124745056
CC[C@@]1(O)C[C@H](OC2CC(C(OC3CC(O)C(OC4CCC(=O)C(C)O4)C(C)O3)C(C)O2)N(C)C)c5c(O)c6C(=O)c7c(O)cccc7C(=O)c6cc5[C@H]1C(=O)OC,,0.0,,,0.5068962,0.45259184,0.46872446,0.2522412
CC(C)COCC(CN(Cc1ccccc1)c2ccccc2)N3CCCC3,,0.0,,,0.5708083,0.55202925,0.43451735,0.22611228
CO/N=C(C(=O)N[C@H]1[C@H]2SCC(=C(N2C1=O)C(O)=O)CSc3nnnn3C)/c4csc(N)n4,,0.0,,,0.5723484,0.44419375,0.43908554,0.041773967
CO[C@]1(NC(=O)C2S\C(S2)=C(\C(N)=O)C(O)=O)[C@H]3SCC(=C(N3C1=O)C(O)=O)CSc4nnnn4C,,0.0,,,0.5714818,0.46932527,0.4352393,0.059725445
CO/N=C(C(=O)N[C@H]1[C@H]2SCC(=C(N2C1=O)C(O)=O)CSC(=O)c3occc3)/c4csc(N)n4,,0.0,,,0.57123613,0.44589338,0.43784332,0.04684232
CO/N=C(C(=O)N[C@H]1[C@H]2SCC(=C(N2C1=O)C(O)=O)\C=C\SC3=NNC(=O)C(=O)N3CC=O)/c4csc(N)n4,,0.0,,,0.5729349,0.39448735,0.43955997,0.104290895
CO/N=C(C(=O)N[C@H]1[C@@H]2N(C1=O)C(=C(COC(C)=O)C[S]2=O)C(O)=O)/c3csc(N)n3,,0.0,,,0.53453135,0.42177072,0.46024895,0.10045307
CO/N=C(C(=O)N[C@H]1[C@H]2SCC(=C(N2C1=O)C(O)=O)CSc3snnc3)/c4csc(N)n4,,0.0,,,0.5662925,0.44249192,0.44519573,0.045246944
CC(C)C1NC(=O)C(NC(=O)c2ccc(C)c3OC4=C(C)C(=O)C(=C(C(=O)NC5C(C)OC(=O)C(C(C)C)N(C)C(=O)CN(C)C(=O)C6CCCN6C(=O)C(NC5=O)C(C)C)C4=Nc23)N)C(C)OC(=O)C(C(C)C)N(C)C(=O)CN(C)C(=O)C7CCCN7C1=O,,0.0,,,0.53275764,0.45673594,0.47713307,0.40397075
[Na].CO[C@]1(NC(=O)CSC(F)(F)F)[C@H]2OCC(=C(N2C1=O)C(O)=O)CSc3nnnn3CCO,,0.0,,,0.5799633,0.45489427,0.40772662,0.06256549
COc1cccc(OC)c1C(=O)N[C@H]2[C@H]3SC(C)(C)[C@@H](N3C2=O)C(O)=O,,0.0,,,0.49029306,0.40807363,0.52207285,0.54502916
COCC(=O)O[C@]1(CCN(C)CCCc2[nH]c3ccccc3n2)CCc4cc(F)ccc4[C@@H]1C(C)C,,0.0,,,0.61270124,0.5155157,0.41451395,0.1383008
CO[C@@]12[C@H](COC(N)=O)C3=C(N1C[C@@H]4N[C@H]24)C(=O)C(=C(N)C3=O)C,,0.0,,,0.54418856,0.4725641,0.44876847,0.23770313
CO[C@]1(NC(=O)C(C(O)=O)c2ccc(O)cc2)[C@H]3OCC(=C(N3C1=O)C(O)=O)CSc4nnnn4C,,0.0,,,0.5581007,0.44288927,0.43695655,0.08269157
CN(C)[C@H]1[C@@H]2C[C@H]3C(=C(O)c4c(O)cccc4[C@@]3(C)O)C(=O)[C@]2(O)C(=O)\C(=C(/O)NCNC(C(=O)NC5C6SC(C)(C)C(N6C5=O)C(O)=O)c7ccccc7)C1=O,,0.0,,,0.51650673,0.3326517,0.4996787,0.20223431
COc1cccc2C(=O)c3c(O)c4C[C@](O)(C[C@H](O[C@H]5C[C@H](N)[C@H](O[C@H]6CCCCO6)[C@H](C)O5)c4c(O)c3C(=O)c12)C(=O)CO,,0.0,,,0.5365151,0.45434844,0.4448235,0.22981746
CC1(C)S[C@@H]2[C@H](NC(=O)c3nc4ccccc4nc3C(O)=O)C(=O)N2[C@H]1C(O)=O,,0.0,,,0.510055,0.4145693,0.49660888,0.375868
CO[C@H]1/C=C/O[C@@]2(C)Oc3c(C)c(O)c4C(=O)C(=C5NC6(CCN(CC6)CC(C)C)N=C5c4c3C2=O)NC(=O)C(=C\C=C\[C@H](C)[C@H](O)[C@@H](C)[C@@H](O)[C@@H](C)[C@H](OC(C)=O)[C@@H]1C)/C,,0.0,,,0.6051249,0.49737716,0.40103754,0.08117846
COC1C=COC5(C)Oc4c(C)c(O)c3c(O)c(NC(=O)C(=CC=CC(C)C(O)C(C)C(O)C(C)C(OC(C)=O)C1C)C)c(C=NN2CCN(C)CC2)c(O)c3c4C5=O,,0.0,,,0.5781701,0.46654928,0.41464022,0.1159547
CO[C@@H]1C[C@@H](CC[C@H]1O)/C=C(C)/[C@H]2OC(=O)[C@@H]3CCCCN3C(=O)C(=O)[C@]4(O)O[C@H]([C@H](C[C@@H](C)CC(=C/[C@@H](CC=C)C(=O)C[C@H](O)[C@H]2C)/C)OC)[C@H](C[C@H]4C)OC,,0.0,,,0.5654937,0.4763484,0.449021,0.17447793
C[C@]1(Cn2ccnn2)[C@@H](N3[C@@H](CC3=O)[S]1(=O)=O)C(O)=O,,0.0,,,0.5176233,0.45034283,0.5065552,0.5037198
CC1(C)SC2C(NC(=O)CSc3ccccc3)C(=O)N2C1C(O)=O,,0.0,,,0.5042603,0.39104003,0.500906,0.43558258
CCCC[C@@H]1CC(=O)[C@]2(O)O[C@@H]3[C@@H](NC)[C@@H](O)[C@@H](NC)[C@H](O)[C@H]3O[C@@H]2O1,,0.0,,,0.5389244,0.5119343,0.46618602,0.2965719
[C@@]3(C1=CC=CS1)(N2CCCCC2)[C@H](CCCC3)C,,1.0,,,0.5741819,0.5456693,0.4383404,0.19176707
C(C(C(NC(NC(C)=O)=O)=O)(CC)Br)C,,1.0,,,0.5296148,0.50549966,0.45732868,0.20421942
C(C(NC(C)=O)C(O)=O)CC(N)=O,,1.0,,,0.52578855,0.49333042,0.45460096,0.26425004
C2=C(CC(C(NCC(OCC1=CC=CC=C1)=O)=O)CSC(C)=O)C=CC=C2,,1.0,,,0.5439364,0.471073,0.45939884,0.18439366
C1=CC=C3C2=C1C(N(CC(O)=O)C(C2=CC=C3)=O)=O,,1.0,,,0.54010886,0.5232505,0.45512187,0.28422534
C1=C(C=CC=C1N2C(C=CC=C2)=O)N,,1.0,,,0.5108593,0.5223663,0.47318742,0.42403728
C3=C(CCN1CCC(CC1)(C2=CC=CC=C2)C(OCC)=O)C=CC(=C3)N,,1.0,,,0.5566252,0.5401179,0.45493102,0.22657062
C1=CC(=CC5=C1N(C4CCN(CC3OC2=C(C=CC=C2)OC3)CC4)C(N5)=O)Cl,,1.0,,,0.59624356,0.5580927,0.42141983,0.13845842
CN(CCc2cc3cccc4CCc1ccccc1n2c34)Cc5ccccc5,,1.0,,,0.57697093,0.55168504,0.44612586,0.26200518
C3=C(C(SC(/CCOC(C1=CC=CC=C1)=O)=C(N(CC2=C(N=C(N=C2)C)N)C=O)/C)=O)C=CC=C3,,1.0,,,0.57082516,0.51287407,0.4274783,0.09668512
CC(C(C(NC(N)=O)=O)Br)C,,1.0,,,0.51506245,0.49044967,0.46591306,0.3180832
[C@]235[C@]([C@H](N(CC1CCC1)CC2)CC4=C3C=C(O)C=C4)(CCCC5)O,,1.0,,,0.53146863,0.51725763,0.4798529,0.35028222
C(C(OC(C(Cl)(Cl)Cl)O)C)C(C)(C)O,,1.0,,,0.5321798,0.5072561,0.4545926,0.2166465
C1=C(SC2=C1C(=NCC3=NN=C([N]23)C4CCCCC4)C5=CC=CC=C5Cl)Br,,1.0,,,0.5918082,0.5613618,0.43948346,0.2511026
C1=C(Cl)C=CC(=C1C(C2=C(C=CC=C2)Cl)=O)N(C(CNC3CC3)=O)C,,1.0,,,0.5440434,0.53068244,0.46952602,0.32143334
C1=C(C(=CC(=C1Cl)N)OC)C(NC3CCN(CC2=CC=CC=C2)CC3)=O,,1.0,,,0.5422086,0.49403897,0.47414812,0.32344562
C1=CC=CC4=C1C(N(CCCN3CCN(C2=CC(=CC=C2)Cl)CC3)C(N4)=O)=O,,1.0,,,0.5506631,0.57829326,0.46298885,0.3645536
[C@H]26[C@H]1[C@@]([C@](C(COC(C)=O)=O)(O)[C@@H](C1)C)(C[C@@H]([C@@H]2[C@@]3(C(=CC4=C(C3)C=N[N]4C5=CC=CC=C5)C(=C6)C)C)O)C,,1.0,,,0.48283616,0.44828814,0.5482969,0.5775562
C1=CC=NC=C1C2N(C(=O)CC2)C,,1.0,,,0.54422367,0.5521175,0.4942763,0.5116866
CC2(CC(OC(C1NC(=O)CC1)=O)CC(C2)C)C,,1.0,,,0.47210684,0.48325545,0.52609605,0.63540554
C4=C(C(C2C(C1=CC=NC=C1)C2)(C3=CC=CC=C3)O)C=CC=C4,,1.0,,,0.55759,0.5245332,0.4633268,0.25841072
C1=C(N=C2[N]1C(=C(CC)C(=N2)OC)C)C(C3=CC=CC=C3)=O,,1.0,,,0.51111704,0.47812906,0.46869588,0.21686994
[C@]4([C@@]3([C@H]([C@H]2[C@@H]([C@@]1(C(=CC(=O)C=C1)CC2)C)[C@H](C3)O)CCC4)C)(OC(CCC)=O)C(C)=O,,1.0,,,0.32924727,0.53705055,0.7227955,0.9801492
C4=C(CCNC(C12CC3CC(C1)CC(C2)C3)=O)C=CC(=C4O)O,,1.0,,,0.529793,0.49254715,0.4734015,0.2938602
C1=C(C(F)(F)F)C=CC3=C1N(C2=C(C=CC=C2)S3)CCCN5CCC(C(C4=CC=C(F)C=C4)=O)CC5,,1.0,,,0.6287467,0.60037863,0.4205445,0.14957733
C2=C(N1N=C(C)CC1=O)C=CC=C2,,1.0,,,0.54923517,0.5519853,0.45439157,0.22917119
C1=C(Cl)C=CC3=C1C(C2=CC=CC=C2)SC(=N3)NCC,,1.0,,,0.58562607,0.5674238,0.44730958,0.11143835
C=C,,1.0,,,0.50318515,0.5120632,0.47922525,0.4556455
C3=C(C1=NC(=N[N]1C)C2=CC=CN=C2)C(=CC=C3)CO,,1.0,,,0.56024736,0.5428498,0.427445,0.22137082
C1=CC=CC=C1[P](C2=CC=CC=C2)(CC(NN)=O)=O,,1.0,,,0.5174938,0.4908407,0.48479223,0.36828208
C1=NC(=C(C2=C1[NH]C3=C2C(=CC=C3)OC4=CC=C(C=C4)Cl)COC)C(OC(C)C)=O,,1.0,,,0.5680138,0.5128069,0.42558196,0.10579271
C3=C2N(C1=CC=CC=C1C=CC2=CC=C3)CCCN4C=CN(CC=C4)CCO,,1.0,,,0.5453608,0.53948504,0.4612778,0.33072254
C1=C(O)C=CC2=C1C(=C(C)[N]2CC3=CC=C(OC)C=C3)CCN,,1.0,,,0.53322357,0.48872843,0.46605542,0.25423008
C1=CC=NC(=N1)N3CCN(CCCC[N]2C=C(Cl)C=N2)CC3,,1.0,,,0.56941503,0.5415013,0.44073835,0.19707702
C1=CC(=CC4=C1N2C(=NC(/C2=O)=C\N3CCN(C)CC3)CN=C4C5=C(C=CC=C5)Cl)[N+](=O)[O-],,1.0,,,0.5977556,0.5928574,0.4530248,0.35200605
[C@@]123OC4=C(C(C1CN(CC2)C)CC(=O)N3)C=C(Cl)C=C4,,1.0,,,0.52946424,0.5029927,0.46775836,0.31960535
C2=C(C(C1C(=CC(O1)=O)OC)O)C(=CC=C2)Cl,,1.0,,,0.5454472,0.5285784,0.46131533,0.28886893
CNC(NC(C(Cl)(Cl)Cl)O)=O,,1.0,,,0.50526965,0.4577723,0.49702364,0.42685533
C1(=NC(NC1(C(F)(F)F)C(F)(F)F)(C(F)(F)F)C(F)(F)F)N,,1.0,,,0.5437455,0.51204544,0.45255244,0.21316229
[C@@]126C3=C4C[C@H]([C@@H]1C=C[C@@H]([C@@H]2OC3=C(C=C4)OCC5=CC=CC=C5)OC(CCCCCCCCCCCCC)=O)N(CC6)C,,1.0,,,0.5664931,0.4935669,0.45438275,0.22284794
C1=CN=CC=C1C(NNCCC(NCC2=CC=CC=C2)=O)=O,,1.0,,,0.5305136,0.47451946,0.46437833,0.2964025
C(C(F)(F)F)F,,1.0,,,0.5238373,0.5201533,0.4655803,0.34535545
C(C(NN)C)CCCCC,,1.0,,,0.54355824,0.5133446,0.45105532,0.24794072
C1=CC=CC=C1C[N+](C(CC2=CC=CC=C2)C)(C)[O-],,1.0,,,0.56025445,0.54928476,0.45185214,0.15015651
CC1OC(C)OC(O1)C,,1.0,,,0.51509035,0.5030698,0.47417548,0.35054868
C(C(COC(C(Cl)(Cl)Cl)O)(COC(C(Cl)(Cl)Cl)O)COC(C(Cl)(Cl)Cl)O)OC(C(Cl)(Cl)Cl)O,,1.0,,,0.51973027,0.50168663,0.4668353,0.31909618
C1(=CC=CC=C1)OC2=CC=CC=C2C(=O)[O-],,1.0,,,0.50459963,0.50080717,0.48581767,0.35265854
C2=C(C1=CC=CC=C1)N=C4C(=C2CCC3CCNCC3)C=CC=C4,,1.0,,,0.5831632,0.5787857,0.4270425,0.17528203
C2=C(N1CCN(C)CC1)N=NC3=C2N(C4=C(O3)C=CC=C4)C,,1.0,,,0.5747085,0.57411486,0.45323205,0.42885044
C1=CC=CC(=C1N2C(=NC3=C(C2=O)C=CC=C3)\C=C\C4=NC=CC=C4)C,,1.0,,,0.5699371,0.5338311,0.4234295,0.15992664
[N]14C3=C(C2=C1C=CC(=C2)C)CCCC3NCC4.[H+].[Cl-],,1.0,,,0.5734175,0.5478964,0.42889926,0.28020635
C(C(OC4CC3=CCC2C1C(C(CC1)C(C)=O)(CCC2C3(CC4)C)C)=O)CC(O)=O,,1.0,,,0.4397372,0.5081043,0.59761477,0.8215932
C1=CC=CC2=C1N(C(C3=C(N2)N=CC=C3)=O)CC(N(C)C)C,,1.0,,,0.5836723,0.5941974,0.42770997,0.13735044
C2=C(C1=CC=NC=C1)OC3=C2C=CC=C3,,1.0,,,0.56283754,0.5527582,0.4427404,0.26419812
C1=C(C(=C(C(=N1)C)O)CO)CSSCC2=CN=C(C(=C2CO)O)C,,1.0,,,0.50873905,0.49245626,0.49008784,0.36967805
C1=CC(=CC3=C1N(C2=NC(=O)CO2)CCN=C3C4=CC=CC=C4Cl)Cl,,1.0,,,0.59683317,0.58147424,0.42788315,0.21513343
CC4CN(CCCn2c1ccccc1c3ccccc23)CC(C)N4,,1.0,,,0.54508704,0.53095496,0.45043293,0.3191744
C1=CC=CC=C1C2=NCC(NC3=C2[N](N=C3C)CC)=O,,1.0,,,0.57191,0.57579076,0.44802162,0.18790548
C3=C(C2C(NC(=O)C1NC(CC1)=O)C2)C=CC=C3,,1.0,,,0.4936257,0.4579286,0.526632,0.5663357
C1=C(C(=CC=C1C2CNC(C2)=O)OC)OC3CCCC3,,1.0,,,0.5497294,0.48985612,0.47371063,0.39480686
[C@@H]25C(=C[C@@H](CN1CC(NC(C1)=O)=O)CN2C)C3=CC=CC4=C3C(=C[NH]4)C5,,1.0,,,0.57482463,0.5269074,0.42756394,0.26584792
N#Cc5ccc4Oc1ccccc1C2=C(CCN(CC2)CC3CCCC3)c4c5,,1.0,,,0.5830656,0.565874,0.45933715,0.39239636
C1=CC=CC2=C1C4(C3=C(OC2)C=CC=C3)OC(CN(C)C)CO4,,1.0,,,0.576755,0.5473756,0.42965183,0.147089
C(C1=NC2=C([N]1C)C(N(C)C(N2C)=O)=O)CCN3CCN(C(N(CC)CC)=O)CC3,,1.0,,,0.5434941,0.51945347,0.45974728,0.25146347
C1=CC=CC3=C1C(C2=CC=CC=C2)(SC3(C)C)CCCNC,,1.0,,,0.5419438,0.55484706,0.4654296,0.31334874
C1=CC=CC2=C1C3=C([N]2CC)C(SCC3)(CCN(C)C)C,,1.0,,,0.5447645,0.5453266,0.46474293,0.31648344
C2=C(C1=NOC(=N1)C)N=C3[N]2C4=C(C(=N3)OC)CCCC4,,1.0,,,0.56039155,0.5234898,0.44822803,0.24633881
C(C2(C1CCCC=C1)C(NC(=S)NC2=O)=O)C=C,,1.0,,,0.5483027,0.48733237,0.44948736,0.22340475
C2=C(N1C(SCC1)=N)C(=CC(=C2)Cl)N,,1.0,,,0.56008613,0.547553,0.44755915,0.27951252
C2=C1C(=NSC1=CC=C2)N5CCN(CCCCN3C(CC4(CC3=O)CCCC4)=O)CC5,,1.0,,,0.5609691,0.58395475,0.46914315,0.36180663
O=[P](O)(OCC(Cl)(Cl)Cl)O,,1.0,,,0.5128392,0.48659027,0.46195447,0.28151512
C3=C2N(CC1=CC=CC=C1)C(=O)\C(NNC2=CC=C3)=C(\N)N=O,,1.0,,,0.565597,0.5492272,0.44250053,0.24793063
C(C(C=C)N)CC(O)=O,,1.0,,,0.51236343,0.46706954,0.4707617,0.28222185
C1=C(Cl)C=CC2=C1C(=NO2)C([N]3C=CN=C3)C,,1.0,,,0.5586199,0.5392791,0.43645093,0.21482864
C2=C(OCC1=NN=C(S1)C(C)C)C=CC3=C2OC(=O)C(=C3C)C,,1.0,,,0.5158284,0.45108035,0.47578925,0.4447005
C3=C(C(N2CCN(CC1=CC=CC=C1)CC2)=O)OC4=C3C=CC=C4,,1.0,,,0.54498583,0.5274799,0.45382056,0.25262576
C2=C(C1CCNCC1)OC3=C2C=C(OC)C=C3Br,,1.0,,,0.54327476,0.4934934,0.46957743,0.32350242
C1=CC=CC=C1C3(C2=CC=CC=C2)CCN(C(C)(C)C)CC3,,1.0,,,0.5578192,0.580666,0.45159507,0.18962519
C1=NC(=NC=C1)N4CCN(CCCCN2C(CC3(CC2=O)CCCC3)=O)CC4,,1.0,,,0.5682762,0.565686,0.45719224,0.29408816
C1=C(C(=CC(=C1[N+](=O)[O-])N)OCC)C(NC3CCN(CC2CCC=CC2)CC3)=O,,1.0,,,0.5509955,0.49312648,0.45368537,0.293488
C1=C(Cl)C=NC2=C1SC4=C(N2CCCN3CCN(CCO)CC3)C=CC=C4,,1.0,,,0.61013764,0.59236455,0.424072,0.18724464
C(C(N(C(\C=C\C)=O)CCC)C(N(C)C)=O)C,,1.0,,,0.52246034,0.4859927,0.47007433,0.24071404
C2=C(C1C(CCC1)N)C=CC=C2,,1.0,,,0.50616485,0.5222747,0.5087856,0.5597778
C1=CC=C3C(=C1OCC2CNCCO2)N(CCC3)C,,1.0,,,0.5925642,0.57890743,0.42517856,0.19915442
O(C(C(F)(F)F)F)C(F)F,,1.0,,,0.5197939,0.5170183,0.47129902,0.37329027
Clc1ccc(cc1)C(OCCN2CCOCC2)c3ccccc3,,1.0,,,0.5469581,0.51045257,0.46157375,0.30264482
C1=CC(=CC=C1C(NCCCN2CCOCC2)=O)Cl,,1.0,,,0.48614675,0.50038785,0.5087422,0.49331915
C1=C(C(=N[N]1CCCN(C)C)C2=CC=CC=C2)C3=CC=CC=C3,,1.0,,,0.5952667,0.588626,0.42446172,0.14416106
[C@]234C1=C(C=CC(=C1O[C@H]2C[C@@H](O)C=C3)OC)CN(CC4)C,,1.0,,,0.52953035,0.4906189,0.46351892,0.24125278
C(C2(C1=CCCCCC1)C(NC(=O)NC2=O)=O)C,,1.0,,,0.5421054,0.5255065,0.45784238,0.2786984
C1=CC(=CC=C1C(N2CCN(C)CCC2)C3=CC=CC=C3)Cl,,1.0,,,0.5463883,0.5487828,0.45392537,0.3128708
[C@@]4(O)(C3(C(C2C(C1(C(=CC(=O)CC1)C=C2)C)C(O)C3)CC4=C)C)C(=O)CO,,1.0,,,0.40054455,0.4869846,0.5933026,0.8391974
[C@]235[C@H]([C@H](N(CC1CC1)CC2)CC4=C3C(=CC=C4)O)CCC(C5)=O,,1.0,,,0.48783773,0.5103337,0.50674397,0.69230413
C3=C(N2CCN(C\C=C\C1=CC=CC=C1)CC2)N=NC(=C3)Cl,,1.0,,,0.5966221,0.5408684,0.42581776,0.15322435
C1=CC(=CC(=C1\C(=C\[N]2C=NC=N2)Cl)Cl)Cl,,1.0,,,0.526807,0.5220446,0.49705663,0.46492714
C1=CC(=CC(=C1OC)OC)CCN2CCN(CC2)C3=CC(=CC=C3)Cl,,1.0,,,0.56585014,0.55985737,0.44346505,0.19674717
C1=CC=CC=C1/C=C/C2C(NC(O2)(C)C)=O,,1.0,,,0.5511335,0.50516635,0.469536,0.40181684
C1=C4C(=C2C(=C1)C=CC=C2)CC3CN(C)CC(C3(O4)O)C,,1.0,,,0.5363848,0.52709895,0.46378925,0.31939012
[C@]235[C@]([C@H](N(CC1CC1)CC2)CC4=C3C=C(O)C=C4)(CCCC5)O,,1.0,,,0.52954954,0.5175166,0.47579977,0.35074875
C1=CC=CC3=C1N(C2=C(C=CC=C2)[S]3(=O)=O)CC(CN(C)C)C,,1.0,,,0.5566211,0.5610174,0.4440003,0.18900496
C1=CC=CC3=C1C(C2=C(C=CC=C2)S3)=C4CCN(C)CC4,,1.0,,,0.56424385,0.5815989,0.45500788,0.35010648
C1=C(C=CC=C1)C(C2=CC=CC=C2)(C3NCCCC3)O,,1.0,,,0.5521262,0.5370445,0.45260304,0.22078736
C1=CC=CC4=C1N(C2C3CCN(C2)CC3)C5=C(CC4)C=CC=C5,,1.0,,,0.5221464,0.5542112,0.49037558,0.5313352
C3=C(N2C1=C([NH]N=C1N(C(=O)CC2=O)C)C)C=CC=C3,,1.0,,,0.57730645,0.591173,0.4302229,0.17278428
[H+].C1=C(OC(F)(F)F)C=CC2=C1SC(=N2)N.[Cl-],,1.0,,,0.5363956,0.51368237,0.4645288,0.2843219
COC(C(F)Br)(F)F,,1.0,,,0.5272625,0.5067216,0.46123692,0.30908954
C1=C(C(=C(C=C1C(\C=C\N2CC=CC2)=O)OC)OC)OC,,1.0,,,0.5298748,0.50937504,0.46741202,0.27735955
O=C1N2C(CC1)CCC2=O,,1.0,,,0.48805276,0.50343406,0.53558147,0.6609845
C1=C(C(N)=O)N=N[N]1CC2=C(C=CC=C2F)F,,1.0,,,0.5327994,0.50728357,0.45477447,0.20285006
C1=CC=CC2=C1N=C(S2)N(C4CCN(CC(COC3=CC=C(C=C3)F)O)CC4)C,,1.0,,,0.6030777,0.5468484,0.42064354,0.26302865
[C@H]2(C1=CC(=C(OC)C=C1CCN(C2)C)OC)C3=CC=CC=C3,,1.0,,,0.56653863,0.54620427,0.4591403,0.37877566
[N+](=O)([O-])[O-],,,1.0,,0.5197658,0.52159816,0.4673733,0.36355612
[O-]S(=O)(=S)[O-],,,1.0,,0.51983476,0.5232995,0.4683311,0.3501366
C#CCC(Cc1cnc2c(n1)c(nc(n2)N)N)c3ccc(cc3)C(=O)N[C@@H](CCC(=O)[O-])C(=O)[O-],,,1.0,,0.5595973,0.48346412,0.4351214,0.17174686
C(C(C(=O)[O-])S)(C(=O)[O-])S,,,1.0,,0.5053761,0.49508363,0.48340386,0.34688312
C(C(CO)(CO)[NH3+])O,,,1.0,,0.53219897,0.51724255,0.4630847,0.26155484
C(C(F)(F)F)(Cl)Br,,,1.0,,0.5263702,0.52292776,0.46537068,0.33459413
C(C(F)(F)F)(OC(F)F)F,,,1.0,,0.5197939,0.5170183,0.47129902,0.37329027
C(=C(F)F)(F)F,,,1.0,,0.5102367,0.50135255,0.47493264,0.39629418
C(C[NH3+])C(O)(P(=O)([O-])[O-])P(=O)([O-])[O-],,,1.0,,0.52198917,0.50452167,0.47099254,0.2603297
C(CC(O)(P(=O)([O-])[O-])P(=O)([O-])[O-])C[NH3+],,,1.0,,0.53197014,0.510942,0.4633259,0.24010454
C(CC(=O)N[C@@H](CSSC[C@@H](C(=O)NCC(=O)[O-])NC(=O)CC[C@@H](C(=O)[O-])[NH3+])C(=O)NCC(=O)[O-])[C@@H](C(=O)[O-])[NH3+],,,1.0,,0.5166678,0.4646837,0.46597278,0.35337952
C(CS(=O)(=O)[O-])S,,,1.0,,0.5171862,0.5175911,0.46812776,0.29715055
C(=O)([O-])[O-],,,1.0,,0.5020491,0.5014609,0.4825332,0.38240394
C(OC(C(F)(F)F)C(F)(F)F)F,,,1.0,,0.53329563,0.52026016,0.458429,0.25151768
C1[C@@H]2N(C1=O)[C@H](/C(=C/CO)/O2)C(=O)[O-],,,1.0,,0.43959793,0.49540222,0.5695726,0.7507446
c1c(c(c(c(c1I)NC(=O)CCCCC(=O)Nc2c(cc(c(c2I)C(=O)[O-])I)I)I)C(=O)[O-])I,,,1.0,,0.53520006,0.50256646,0.45015723,0.25544226
c1c(c(c(c(c1I)NC(=O)CCOCCOCCOCCOCCC(=O)Nc2c(cc(c(c2I)C(=O)[O-])I)I)I)C(=O)[O-])I,,,1.0,,0.5284696,0.4856107,0.4603849,0.26788723
c1c2c([nH]n1)ncnc2O,,,1.0,,0.5379491,0.48163578,0.4488519,0.22227268
c1c2=N/C(=C/3\C=CON3)/N=c2c4c(n1)CCOC4,,,1.0,,0.5150098,0.45232102,0.5104085,0.45064625
c1cc(c(c(c1)Cl)Cl)c2c(nc(nn2)N)N,,,1.0,,0.5672342,0.55843955,0.43487957,0.21316034
c1cc(c(c2c1nccn2)Br)NC3=[NH+]CCN3,,,1.0,,0.56993806,0.52073383,0.43175867,0.2572595
c1cc(c(c2c1nsn2)NC3=[NH+]CCN3)Cl,,,1.0,,0.5466039,0.50289184,0.4594861,0.28343546
c1cc(ccc1[C@@H]2CC[NH2+]C[C@H]2COc3ccc4c(c3)OCO4)F,,,1.0,,0.5698008,0.51843244,0.44913155,0.31907007
c1cc2c(cc(nc2c(c1)C(F)(F)F)C(F)(F)F)C(C3CCCC[NH2+]3)O,,,1.0,,0.59163535,0.5584439,0.40814877,0.15566806
c1cc2c(cc1Cl)[C@@](OC(=O)N2)(C#CC3CC3)C(F)(F)F,,,1.0,,0.54144907,0.48142576,0.47996205,0.39291862
c1cc2c3c(c1)C(=O)N(C[C@H]3CCC2)[C@@H]4C[NH+]5CCC4CC5,,,1.0,,0.56333125,0.5253433,0.4360054,0.28122428
c1ccc(cc1)[C@H]2c3ccccc3CCN2C(=O)O[C@H]4C[NH+]5CCC4CC5,,,1.0,,0.53030986,0.5098716,0.50062746,0.41624758
c1ccc(cc1)[C@H]2CN3CCSC3=[NH+]2,,,1.0,,0.5695509,0.54214257,0.44946164,0.25213104
c1ccc(cc1)C(c2ccccc2)([C@@H]3CC[NH+](C3)CCc4ccc5c(c4)CCO5)C(=O)N,,,1.0,,0.5413459,0.49717623,0.48996612,0.41845757
c1ccc(cc1)C(CC[NH+]2CCCCC2)(C3CCCC3)O,,,1.0,,0.567259,0.5416959,0.4447081,0.1397916
c1ccc(cc1)CC2Nc3cc(c(cc3S(=O)(=O)N2)S(=O)(=O)N)C(F)(F)F,,,1.0,,0.55693436,0.52928936,0.44145387,0.19023195
C1=CC=C(C=C1)NS(=O)(=O)C2=CC=CC(=C2)/C=C/C(=O)NO,,,0.0,,0.5289686,0.4933672,0.4617275,0.23785512
c1ccc2c(c1)C(=[NH+]c3ccccc3S2)N4CC[NH+](CC4)CCOCCO,,,1.0,,0.59026927,0.5347587,0.41698024,0.10142855
c1cnc2cc3c(cc2n1)[C@@H]4C[C@H]3C[NH2+]C4,,,1.0,,0.5194455,0.46802694,0.48269564,0.36859664
c1nc2c(n1[C@H]3C[C@@H]([C@H](O3)CO)O)NC=[NH+]C[C@H]2O,,,1.0,,0.55541515,0.48505247,0.43154836,0.13962318
C[C@@]1([C@@H](N2[C@H](S1(=O)=O)CC2=O)C(=O)[O-])Cn3ccnn3,,,1.0,,0.5322173,0.46534997,0.48170117,0.36105147
C[C@@]1(C(=O)N2[C@H](C(=O)N3CCC[C@H]3[C@@]2(O1)O)Cc4ccccc4)NC(=O)[C@H]5C[NH+]([C@@H]6Cc7c[nH]c8c7c(ccc8)C6=C5)C,,,1.0,,0.5699405,0.47844496,0.42055133,0.14095989
C[C@@H](C1=CCC23C1(C[C@H](C45C2=CC[C@H]6[C@@]4(CC[C@@](C6)(O5)O)C)O)C[NH+](CCO3)C)OC(=O)c7ccccc7,,,1.0,,0.5133112,0.4616496,0.5057299,0.41753063
C[C@@H]1[C@@H]2[C@H](C(=O)N2C(=C1S[C@H]3C[C@H]([NH2+]C3)C(=O)Nc4cccc(c4)C(=O)[O-])C(=O)[O-])[C@@H](C)O,,,1.0,,0.55483806,0.49134445,0.43817326,0.12070612
C[C@@H]1C/C=C/C=C/C=C/C=C/[C@@H](C[C@H]2[C@@H]([C@H](C[C@](O2)(C[C@H](C[C@@H]3[C@H](O3)/C=C/C(=O)O1)O)O)O)C(=O)[O-])OC4[C@H]([C@H]([C@@H]([C@H](O4)C)O)[NH3+])O,,,1.0,,0.48347643,0.4675226,0.5365387,0.6255272
C[C@@H]1CC(=O)C=C([C@]12C(=O)c3c(cc(c(c3O2)Cl)OC)OC)OC,,,1.0,,0.50322825,0.45415214,0.49310994,0.35708153
C[C@]12CC[C@H]3[C@H]([C@@H]1CC[C@@H]2C(=O)NC(C)(C)C)CC[C@@H]4[C@@]3(C=CC(=O)N4)C,,,1.0,,0.43167663,0.46727586,0.59625757,0.7870293
C[C@]12CC[C@H]3[C@H]([C@@H]1CC[C@]2(C#C)O)CCC4=Cc5c(cno5)C[C@]34C,,,1.0,,0.39118183,0.55161005,0.6309132,0.9219811
C[C@]12CCC(=O)C=C1[C@@H]3C[C@@H]3[C@@H]4[C@@H]2CC[C@]5([C@H]4[C@@H]6C[C@@H]6[C@@]57CCC(=O)O7)C,,,1.0,,0.35592353,0.5180088,0.6580217,0.9558157
C[C@]12CCC(=O)C=C1CC[C@@H]3[C@@H]2[C@H](C[C@]4([C@H]3CC[C@@]4(C(=O)COC(=O)CCC5CCCC5)O)C)O,,,1.0,,0.311239,0.53550947,0.6844395,0.9787796
C[C@]12CCC3=C4CCC(=O)C=C4CC[C@H]3[C@@H]1CC[C@]2(CC#N)O,,,1.0,,0.38446596,0.5046029,0.6207903,0.9131607
C[C@H]([C@@H](C(=O)NCC(=O)N[C@@H](Cc1c[nH]c2c1cccc2)C(=O)N[C@@H](CCSC)C(=O)N[C@@H](CC(=O)[O-])C(=O)N[C@@H](Cc3ccccc3)C(=O)N)NC(=O)[C@H](Cc4ccc(cc4)OS(=O)(=O)[O-])NC(=O)[C@H](CC(=O)[O-])NC(=O)[C@H](CCC(=O)N)NC(=O)[C@@H]5CCC(=O)N5)O,,,1.0,,0.52588236,0.40598193,0.4531319,0.16913573
C[C@H](Cc1cc2c(c(c1)C(=O)N)N(CC2)CCCO)[NH2+]CCOc3ccccc3OCC(F)(F)F,,,1.0,,0.5734419,0.5176964,0.4334357,0.14337961
C[C@H]1CCC=C([C@]12CC[C@H](C2)C(=C)C)C,,,1.0,,0.5245516,0.48959804,0.47674903,0.29495287
C[N+](C)(C)CCCCCC[NH2+]CC=C,,,1.0,,0.5539106,0.5247501,0.44264537,0.18020704
C[N+](C)(C)CCOC(=O)CCC(=O)OCC[N+](C)(C)C,,,1.0,,0.5144613,0.48364636,0.4618779,0.26961088
C[N+]1([C@@H]2CC(C[C@H]1[C@H]3[C@@H]2O3)OC(=O)C(c4cccs4)(c5cccs5)O)C,,,1.0,,0.5631418,0.5112489,0.4421675,0.20224841
C[N+]1(CCC(C1)OC(=O)C(c2ccccc2)(C3CCCC3)O)C,,,1.0,,0.5701559,0.54859596,0.44529912,0.14389248
C[NH+](C)CC/C=C\1/c2ccccc2COc3c1cc(cc3)CC(=O)[O-],,,1.0,,0.55845994,0.52440774,0.43493605,0.15363674
C[NH+](C)CC/C=C\1/c2ccccc2Sc3c1cc(cc3)Cl,,,1.0,,0.5747852,0.5774593,0.427987,0.16043943
C[NH+](C)CCc1c[nH]c2c1cc(cc2)Cn3cncn3,,,1.0,,0.592564,0.5587239,0.4263621,0.08811171
C[NH+](C)CCOC(=O)C(c1ccccc1)C2(CCCC2)O,,,1.0,,0.51227874,0.4724769,0.47557843,0.34672502
C[NH+]1[C@@H]2CC[C@@H]1CC(C2)OC(c3ccccc3)c4ccccc4,,,1.0,,0.55627877,0.54101986,0.45941615,0.2943802
C[NH+]1CCC(C1)CN2c3ccccc3Sc4c2cccc4,,,1.0,,0.5900623,0.58847,0.43144652,0.16047637
C[NH+]1CCc2cccc-3c2[C@H]1Cc4c3c(c(cc4)O)O,,,1.0,,0.5222651,0.47758606,0.47367468,0.3278801
C[NH2+]CCCC1c2ccccc2C=Cc3c1cccc3,,,1.0,,0.52651495,0.5238278,0.4974896,0.4096482
CC(C(=O)[O-])O,,,1.0,,0.49693584,0.4870217,0.485121,0.429175
CC(C)([C@H](C(=O)[O-])[NH3+])S,,,1.0,,0.51519084,0.49866349,0.47248167,0.27757177
CC(C)(C#N)C1=CC=C(C=C1)N2C3=C4C=C(C=CC4=NC=C3N(C2=O)C)C5=CC6=CC=CC=C6N=C5,,,0.0,,0.55774534,0.52826554,0.44499832,0.26653188
CC(C)(C)c1cc(cc(c1O)C(C)(C)C)SC(C)(C)Sc2cc(c(c(c2)C(C)(C)C)O)C(C)(C)C,,,1.0,,0.50924575,0.48630005,0.4748764,0.3156008
CC(C)(C)c1ccc(cc1)C(=O)CC(=O)c2ccc(cc2)OC,,,1.0,,0.526522,0.50427675,0.46324483,0.22390878
CC(C)(C)c1ccc(cc1)S(=O)(=O)[N-]c2c(c(nc(n2)c3ncccn3)OCCO)Oc4ccccc4OC,,,1.0,,0.56672066,0.521732,0.4211719,0.13548613
CC(C)C[C@@H](C(=O)N[C@@H](CCC[NH+]=C(N)N)C(=O)N1CCC[C@H]1C(=O)NCC(=O)N)NC(=O)[C@@H](Cc2c[nH]c3c2cccc3)NC(=O)[C@H](Cc4ccc(cc4)O)NC(=O)[C@H](CO)NC(=O)[C@H](Cc5c[nH]c6c5cccc6)NC(=O)[C@H](Cc7cnc[nH]7)NC(=O)[C@@H]8CCC(=O)N8,,,1.0,,0.5844435,0.44435197,0.4282594,0.1306095
CC(C)CC(C1(CCC1)c2ccc(cc2)Cl)[NH+](C)C,,,1.0,,0.5336193,0.5200403,0.45380995,0.19505084
CC(C)CC1C[NH+]2CCc3cc(c(cc3C2CC1=O)OC)OC,,,1.0,,0.5227236,0.4952948,0.50152606,0.53037584
CC(C)n1c2ccccc2c(c1/C=C/[C@@H](C[C@@H](CC(=O)[O-])O)O)c3ccc(cc3)F,,,1.0,,0.5001817,0.48153183,0.47738612,0.45331967
CC(C)Nc1cccnc1N2CCN(CC2)C(=O)c3cc4cc(ccc4[nH]3)NS(=O)(=O)C,,,1.0,,0.5787715,0.5335487,0.4205906,0.1543308
CC(c1ccc(cc1)C(=O)c2cccs2)C(=O)[O-],,,1.0,,0.5431681,0.49710435,0.45689705,0.23659532
CC(C[N+](C)(C)C)OC(=O)C,,,1.0,,0.52046716,0.5021088,0.4680932,0.29189453
CC(C[NH2+]C1CCCCC1)OC(=O)c2ccccc2,,,1.0,,0.55476713,0.5464779,0.443616,0.12933245
CC(Cc1ccc2c(c1)OCO2)[NH2+]CC(c3ccc(c(c3)O)O)O,,,1.0,,0.5415545,0.5074862,0.44777444,0.1859678
CC(Cc1ccccc1)[NH+](C)Cc2ccccc2,,,1.0,,0.55190754,0.5526328,0.4587187,0.22347857
CC(O)(P(=O)([O-])[O-])P(=O)([O-])[O-],,,1.0,,0.5380638,0.52353126,0.45646077,0.2510595
CC(=O)N(CC(CN(c1c(c(c(c(c1I)C(=O)NCC(CO)O)I)C(=O)NCC(CO)O)I)C(=O)C)O)c2c(c(c(c(c2I)C(=O)NCC(CO)O)I)C(=O)NCC(CO)O)I,,,1.0,,0.5163895,0.4429356,0.4481274,0.27960363
CC(=O)Nc1c(c(c(c(c1I)N(C)C(=O)C)I)C(=O)N[C@@H]2[C@H]([C@@H]([C@H](OC2O)CO)O)O)I,,,1.0,,0.52076423,0.43938637,0.4597618,0.19886523
CC(=O)Nc1nnc(s1)S(=O)(=O)N,,,1.0,,0.5067602,0.4813971,0.46714747,0.24211693
CC(=O)NCCCS(=O)(=O)[O-],,,1.0,,0.5219028,0.49921304,0.4587173,0.27643594
CC(=O)NO,,,1.0,,0.50334835,0.497209,0.4804586,0.387384
CC(=O)O[C@H]1C[C@@H]2CC[C@@H]3[C@@H]([C@]2(C[C@@H]1N4CC[N+](CC4)(C)C)C)CC[C@]5([C@H]3C[C@@H]([C@@H]5OC(=O)C)N6CC[N+](CC6)(C)C)C,,,1.0,,0.39001,0.545206,0.63784194,0.9394487
CC(=O)OCC(=O)[C@]1(CC[C@@H]2[C@@]1(CC(=O)[C@H]3[C@H]2CCC4=CC(=O)CC[C@]34C)C)O,,,1.0,,0.28645596,0.5624035,0.7298835,0.99084526
CC(=O)OCC[N+](C)(C)C,,,1.0,,0.50637686,0.4717929,0.47359225,0.27707237
CC1([C@@H](N2[C@H](S1(=O)=O)CC2=O)C(=O)[O-])C,,,1.0,,0.4902134,0.47097376,0.5405395,0.5668941
CC1([C@@H](N2[C@H](S1)[C@@H](C2=O)/[NH+]=C/N3CCCCCC3)C(=O)[O-])C,,,1.0,,0.53635335,0.47847012,0.47095305,0.19712394
CC1([C@@H](N2[C@H](S1)[C@@H](C2=O)NC(=O)C3(CCCCC3)[NH3+])C(=O)[O-])C,,,1.0,,0.530008,0.43730107,0.48097292,0.2483792
CC1([C@@H](N2[C@H](S1)[C@@H](C2=O)NC(=O)COc3ccccc3)C(=O)[O-])C,,,1.0,,0.52137595,0.42973492,0.49442977,0.4086582
CC1(C(=O)N(C(=O)N1)c2ccc(c(c2)C(F)(F)F)[N+](=O)[O-])C,,,1.0,,0.5313945,0.49284098,0.4540199,0.31534114
CC1(C[C@@H]1C(=O)N/C(=C\CCCCSC[C@@H](C(=O)[O-])[NH3+])/C(=O)[O-])C,,,1.0,,0.55457765,0.48873007,0.4391158,0.10577547
CC1=C(C(=O)C2=C(C1=O)[NH+]3C[C@H]4[C@@H]([C@@]3([C@@H]2COC(=O)N)OC)N4)[NH3+],,,1.0,,0.54561514,0.49143547,0.4728797,0.2809605
CC1=C(C(=O)C[C@@H]1OC(=O)[C@@H]2[C@H](C2(C)C)C=C(C)C)C/C=C/C=C,,,1.0,,0.5092531,0.43157917,0.47970372,0.23973912
Cc1c(c2c3c4c1O[C@@](C4=O)(O/C=C/[C@@H]([C@H]([C@H]([C@@H]([C@@H]([C@@H]([C@H]([C@H](/C=C/C=C(\C(=O)Nc(c2O)c(c3O)/C=N/N5CC[NH+](CC5)C)/C)C)O)C)O)C)OC(=O)C)C)OC)C)O,,,1.0,,0.57454884,0.46840432,0.41575214,0.0990021
Cc1c(ccc(c1)c2cc(c(cc2)N/N=C\3/C(=O)c4c(cc(cc4C=C3S(=O)(=O)[O-])S(=O)(=O)[O-])N)C)N/N=C\5/C(=O)c6c(cc(cc6C=C5S(=O)(=O)[O-])S(=O)(=O)[O-])N,,,1.0,,0.5494278,0.5110357,0.44318867,0.20344749
Cc1c(cccc1O)C(=O)N[C@@H](CSc2ccccc2)[C@@H](C[NH+]3C[C@H]4CCCC[C@H]4C[C@H]3C(=O)NC(C)(C)C)O,,,1.0,,0.5708125,0.4995012,0.42636368,0.107835665
Cc1c(noc1N(C(=O)C)S(=O)(=O)c2ccc(cc2)N)C,,,1.0,,0.5123115,0.45781738,0.46712598,0.254464
CC1C(OCC[NH2+]1)c2ccccc2,,,1.0,,0.55869615,0.53556377,0.46433875,0.25536203
Cc1c2c(c(c(c1OC)C/C=C(\C)/CCC(=O)OCC[NH+]3CCOCC3)[O-])C(=O)OC2,,,1.0,,0.5221371,0.42277676,0.46945673,0.25965124
Cc1cc(c(cn1)C(=O)N[C@H](c2ccc(cc2)O)C(=O)N[C@H]3[C@@H]4N(C3=O)C(=C(CS4)CSc5nnnn5C)C(=O)[O-])O,,,1.0,,0.5330015,0.39964134,0.45122313,0.0963191
Cc1cc(c(n1c2ccccc2)C)/C=C/c3ccc4cc(ccc4[n+]3C)N(C)C,,,1.0,,0.58608824,0.53770715,0.41733986,0.09889929
Cc1cc(no1)C(=O)NNCc2ccccc2,,,1.0,,0.5364655,0.47979724,0.4670402,0.2609388
Cc1cc2c(cc1C)N3C=N2[Co+]456(N7=C8[C@H](C(C7=CC9=N4C(=C(C1=N5[C@@]([C@@H]2N6C(=C8C)[C@@]([C@H]2CC(=O)N)(CCC(=O)NC[C@H](OP(=O)(O[C@@H]2[C@H](O[C@H]3[C@@H]2O)CO)[O-])C)C)([C@@]([C@@H]1CCC(=O)N)(C)CC(=O)N)C)C)[C@@]([C@@H]9CCC(=O)N)(C)CC(=O)N)(C)C)CCC(=O)N)O,,,1.0,,0.5655784,0.42113245,0.45090103,0.1779661
Cc1cc2c(cc1C)N3C=N2[Co]456(N7=C8[C@H](C(C7=CC9=N4C(=C(C1=N5[C@@]([C@@H]2N6C(=C8C)[C@@]([C@H]2CC(=O)N)(CCC(=O)NC[C@H](OP(=O)(O[C@@H]2[C@H](O[C@H]3[C@@H]2O)CO)O)C)C)([C@@]([C@@H]1CCC(=O)N)(C)CC(=O)N)C)C)[C@@]([C@@H]9CCC(=O)N)(C)CC(=O)N)(C)C)CCC(=O)N)C#N,,,1.0,,0.59544826,0.419674,0.43131608,0.15386625
CC1Cc2ccccc2N1NC(=O)c3ccc(c(c3)S(=O)(=O)N)Cl,,,1.0,,0.57364446,0.51877606,0.42473483,0.18141986
Cc1ccc(cc1)C(=O)c2ccc(n2C)CC(=O)[O-],,,1.0,,0.5231162,0.5307711,0.46371305,0.18728125
Cc1ccc(cc1)c2c(n3cc(ccc3n2)C)CC(=O)N(C)C,,,1.0,,0.5459178,0.5235288,0.45066544,0.1683956
Cc1ccc(cc1Nc2nccc(n2)c3cccnc3)NC(=O)c4ccc(cc4)CN5CC[NH+](CC5)C,,,1.0,,0.60229355,0.56203383,0.40682706,0.07855953
Cc1cccc(c1OCC(=O)N[C@@H](Cc2ccccc2)[C@H](C[C@H](Cc3ccccc3)NC(=O)[C@H](C(C)C)N4CCCNC4=O)O)C,,,1.0,,0.6126101,0.56576896,0.39085147,0.0773334
Cc1nccn1CC2CCc3c(c4ccccc4n3C)C2=O,,,1.0,,0.5502784,0.5264178,0.44180247,0.2032535
Cc1nnc(s1)[N-]S(=O)(=O)c2ccc(cc2)N,,,1.0,,0.5182748,0.48985386,0.46653524,0.31347895
CC[C@@]1(c2cc-3n(c(=O)c2COC1=O)Cc4c3nc5ccc(c(c5c4)C[NH+](C)C)O)O,,,1.0,,0.5419719,0.45850116,0.4634452,0.30009452
CC[C@H]1C(=O)N(CC(=O)N([C@H](C(=O)N[C@H](C(=O)N([C@H](C(=O)N[C@H](C(=O)N[C@@H](C(=O)N([C@H](C(=O)N([C@H](C(=O)N([C@H](C(=O)N([C@H](C(=O)N1)[C@@H]([C@H](C)C/C=C/C)O)C)C(C)C)C)CC(C)C)C)CC(C)C)C)C)C)CC(C)C)C)C(C)C)CC(C)C)C)C,,,1.0,,0.48748365,0.42198998,0.4970751,0.3621646
CCC(/C=C/Cl)(C#C)O,,,1.0,,0.5405409,0.49101475,0.45083678,0.2245348
CCC(C)C1C(=O)NC(C(=O)NC(C(=O)NC(C(=O)NC(C(=O)NCCCCC(C(=O)NC(C(=O)N1)CCC[NH3+])NC(=O)C(C(C)CC)NC(=O)C(CCC(=O)[O-])NC(=O)C(CC(C)C)NC(=O)C2CSC(=N2)C(C(C)CC)[NH3+])CC(=O)N)CC(=O)[O-])CC3C=NC=[NH+]3)Cc4ccccc4,,,1.0,,0.58549017,0.45429403,0.41976318,0.07567264
C=CC(CCC(=O)[O-])[NH3+],,,1.0,,0.5265726,0.48773813,0.4577866,0.25335005
CCC(=O)NCC[C@@H]1CCc2c1c3c(cc2)OCC3,,,1.0,,0.51301986,0.48122138,0.48944262,0.43569204
CCC1(C(=O)NCNC1=O)c2ccccc2,,,1.0,,0.54500395,0.54016125,0.45257834,0.2836231
CCc1c([nH]c2c1C(=O)C(CC2)C[NH+]3CCOCC3)C,,,1.0,,0.44568858,0.44272855,0.5633424,0.70067436
CCc1ccc(nc1)CCOc2ccc(cc2)CC3C(=O)[N-]C(=O)S3,,,1.0,,0.57727736,0.53505486,0.42631656,0.13981701
CCC1=CN=C(C=C1)CCOC2=CC=C(C=C2)CC3C(=O)NC(=O)S3,,,0.0,,0.56198627,0.5285168,0.4389172,0.16099241
CCC[C@@H](C(=O)C(=O)NC1CC1)NC(=O)[C@@H]2[C@H]3CCC[C@H]3CN2C(=O)[C@H](C(C)(C)C)NC(=O)[C@H](C4CCCCC4)NC(=O)c5cnccn5,,,1.0,,0.569485,0.4570795,0.41690513,0.092817165
CCC[C@@H](C(=O)OCC)[NH2+][C@@H](C)C(=O)N1[C@H]2CCCC[C@H]2C[C@H]1C(=O)[O-],,,1.0,,0.5406277,0.503285,0.44289583,0.16116315
CCCC(CCC)C(=O)[O-],,,1.0,,0.51376855,0.49834302,0.46664736,0.2666883
CCCC(CCC)C(=O)O[C@H]1C[C@H]2CC[C@@H](C1)[N+]2(C)C,,,1.0,,0.51510316,0.48714763,0.4794551,0.5301483
CCCc1c2c(cc3c1oc(cc3=O)C(=O)[O-])c(=O)cc(n2CC)C(=O)[O-],,,1.0,,0.5399854,0.51167214,0.45056412,0.19776481
CCCCC[C@H](CC[C@H]1[C@@H]2Cc3cccc(c3C[C@@H]2C[C@@H]1O)OCC(=O)[O-])O,,,1.0,,0.52141154,0.48021698,0.50619525,0.54579484
CCCCCCCCCC(=O)N[C@@H](Cc1c[nH]c2c1cccc2)C(=O)N[C@H](CC(=O)N)C(=O)N[C@@H](CC(=O)[O-])C(=O)N[C@H]3[C@H](OC(=O)[C@@H](NC(=O)[C@@H](NC(=O)[C@H](NC(=O)CNC(=O)[C@@H](NC(=O)[C@H](NC(=O)[C@@H](NC(=O)[C@@H](NC(=O)CNC3=O)CCC[NH3+])CC(=O)[O-])C)CC(=O)[O-])CO)[C@H](C)CC(=O)[O-])CC(=O)c4ccccc4N)C,,,1.0,,0.46357077,0.38895515,0.5324567,0.60230434
CCCCCCCCCCCCCC(=O)OC[C@H](COP(=O)([O-])OCC[N+](C)(C)C)OC(=O)CCCCCCCCCCCCC,,,1.0,,0.540814,0.46607655,0.444101,0.13765654
CCCCCCCCCCCCCCOS(=O)(=O)[O-],,,1.0,0.0,0.53560144,0.50690705,0.4571573,0.22624668
CCCCN1C(=O)[C@H](NC(=O)C12CCN(CC2)CC3=CC=C(C=C3)OC4=CC=C(C=C4)C(=O)O)[C@@H](C5CCCCC5)O,,,0.0,,0.60508096,0.5259085,0.42259002,0.09428129
CCCCOc1ccc(cc1)C(=O)CC[NH+]2CCCCC2,,,1.0,,0.53490883,0.507572,0.46551353,0.22231674
CCNC(=O)CCC/C=C\C[C@H]1[C@H](C[C@H]([C@@H]1/C=C/[C@H](CCc2ccccc2)O)O)O,,,1.0,,0.54875666,0.46957636,0.46343994,0.24815102
CCOC(=O)[C@H](CCc1ccccc1)[NH2+][C@@H](C)C(=O)N2[C@H]3CCC[C@H]3C[C@H]2C(=O)[O-],,,1.0,,0.552159,0.50668335,0.4412726,0.13707723
CCOC(=O)c1cncn1C(C)c2ccccc2,,,1.0,,0.56504554,0.5250114,0.43610555,0.13766989
CCOc1ccc2ccccc2c1C(=O)N[C@H]3[C@@H]4N(C3=O)[C@H](C(S4)(C)C)C(=O)[O-],,,1.0,,0.5292677,0.4319651,0.47747025,0.3126397
CCOCCP(CCOCC)CCP(CCOCC)CCOCC,,,1.0,,0.5098545,0.5027772,0.49011052,0.4699792
CCOP(=O)(OCC)SCC[N+](C)(C)C,,,1.0,,0.5325308,0.502058,0.4495041,0.22283918
Cl[Zn]Cl,,,1.0,,0.5201834,0.51522857,0.47240782,0.38697156
CN1C(=O)N2C=NC(=C2N=N1)C(=O)N,,,1.0,,0.5353971,0.5266823,0.45655176,0.23326461
Cn1cc[nH]c1=S,,,1.0,,0.5307174,0.53204846,0.46241677,0.34088618
CNC(=O)C[NH+](CCN(CCN(CC(=O)NC)CC(=O)[O-])CC(=O)[O-])CC(=O)[O-],,,1.0,,0.5169181,0.47795874,0.48058802,0.3061697
CO[C@@H]1[C@@H]([C@H]([C@@H]([C@H](O1)COS(=O)(=O)[O-])O[C@H]2[C@@H]([C@H]([C@@H]([C@@H](O2)C(=O)[O-])O[C@@H]3[C@@H]([C@H]([C@@H]([C@H](O3)COS(=O)(=O)[O-])O[C@H]4[C@@H]([C@H]([C@@H]([C@H](O4)C(=O)[O-])O[C@@H]5[C@@H]([C@H]([C@@H]([C@H](O5)COS(=O)(=O)[O-])O)O)NS(=O)(=O)[O-])O)O)OS(=O)(=O)[O-])NS(=O)(=O)[O-])O)OS(=O)(=O)[O-])O)NS(=O)(=O)[O-],,,1.0,,0.51981205,0.43667886,0.4580441,0.21252736
COC(CNC(=O)N)C[Hg]Cl,,,1.0,,0.5066891,0.47956222,0.46842614,0.2424923
COc1c2c(cc(c1N3C[C@@H]4CCC[NH2+][C@@H]4C3)F)c(=O)c(cn2C5CC5)C(=O)[O-],,,1.0,,0.54100144,0.4714991,0.45462847,0.20171565
COc1cc2c(cc1OCCC[NH+]3CCOCC3)c(ncn2)Nc4ccc(c(c4)Cl)F,,,1.0,,0.5332311,0.46084243,0.46939653,0.2732755
O=[Al]O[Al]=O,,,1.0,,0.5250448,0.5222864,0.47093222,0.3474001
CCCCCCCCCCOCC(O)CN,,,,0.0,0.53853524,0.49742612,0.46415335,0.3757665
CC(C)(C)CC(C)(C)N,,,,0.0,0.5233741,0.5219712,0.46395147,0.31685343
O=[N+]([O-])[O-].O=[N+]([O-])[O-].[Ca+2],,,,0.0,0.5180602,0.519404,0.4690013,0.35899606
CCC(COC(=O)CCS)(COC(=O)CCS)COC(=O)CCS,,,,0.0,0.51123446,0.49231866,0.46707162,0.26840612
CN1CCc2cccc3c2[C@H]1Cc1ccc(O)c(O)c1-3,,,,0.0,0.5224556,0.51621485,0.47907877,0.41623437
CCCC(CCC)C(=O)O[C@@H]1C[C@@H]2CC[C@H](C1)[N+]2(C)C,,,,0.0,0.51510316,0.48714763,0.4794551,0.5301483
OCCN1CCN(CCCN2c3ccccc3C=Cc3ccccc32)CC1,,,,0.0,0.5326968,0.5648108,0.47769594,0.43109098
CCNC(=O)N1CCN(CCCC(c2ccc(F)cc2)c2ccc(F)cc2)CC1,,,,0.0,0.56307536,0.5060617,0.4391465,0.22937109
C[Si](C)(C)N[Si](C)(C)C,,,,0.0,0.5215105,0.5140818,0.46948537,0.37920496
CN(C)CCc1c[nH]c2ccc(Cn3cncn3)cc12,,,,0.0,0.59738755,0.57334006,0.4305633,0.09507585
CCC[Si](OC)(OC)OC,,,,0.0,0.5138771,0.49719927,0.47201633,0.34286696
CCCCCNCCCCC,,,,0.0,0.52768165,0.522807,0.46522734,0.28805694
CC1CN1,,,,0.0,0.5278868,0.5075539,0.46549648,0.37363014
Clc1cnc(Oc2ccc(Oc3ncc(Cl)cc3Cl)cc2)c(Cl)c1,,,,0.0,0.54688126,0.5238812,0.45648363,0.28594744
O=C(O)CCCCCCCCC(=O)O,,,,0.0,0.50507265,0.50324404,0.47661033,0.36738425
CCCCCCCC(=O)OC,,,,0.0,0.5165535,0.48967296,0.4676604,0.26112264
CO[C@H]1C[C@H](O[C@@H]2[C@@H](C)C(=O)O[C@H](C)[C@H](C)[C@H](OC(C)=O)[C@@H](C)C(=O)[C@@]3(CO3)C[C@H](C)[C@H](O[C@@H]3O[C@H](C)C[C@H](N(C)C)[C@H]3OC(C)=O)[C@H]2C)O[C@@H](C)[C@@H]1OC(C)=O,,,,0.0,0.49610367,0.4164656,0.50995517,0.5552149
O.O.O.O.O.O.O=[N+]([O-])[O-].O=[N+]([O-])[O-].[Mg+2],,,,0.0,0.51881117,0.5150681,0.46760806,0.36434096
Cc1ccc(C=C2C(=O)C3CCC2C3(C)C)cc1,,,,0.0,0.5128901,0.48748496,0.47825205,0.3652538
Cc1ccccc1OCC(O)CNCCOc1ccc(C(N)=O)cc1,,,,0.0,0.5360126,0.4755094,0.4450083,0.2048264
O=c1oc2cc(O)ccc2c2oc3cc(O)ccc3c12,,,,0.0,0.48075017,0.45954475,0.53194904,0.6556408
COC(=O)c1ccc(C)cc1C1=NC(=O)C(C)(C(C)C)N1,,,,0.0,0.514616,0.44428518,0.47190756,0.3132362
O=C1NCN(c2ccccc2)C12CCN(CCCOc1ccc(F)cc1)CC2,,,,0.0,0.58812344,0.5559028,0.4321545,0.21583028
O=C(NC1CCN(CCc2c[nH]c3ccccc23)CC1)c1ccccc1,,,,0.0,0.5488429,0.5178335,0.45442632,0.22802596
CNc1cc(OC)c(C(=O)N[C@H]2CCN(Cc3ccccc3)[C@H]2C)cc1Cl,,,,0.0,0.5331964,0.49232677,0.47815707,0.3772365
COc1cc2c(cc1OC)C1CC(=O)C(CC(C)C)CN1CC2,,,,0.0,0.53671455,0.50139445,0.46752477,0.4646413
Cc1occc1SSc1ccoc1C,,,,0.0,0.53148067,0.5218595,0.4623933,0.2537217
Nc1cnn([C@@H]2O[C@H](CO)[C@@H](O)[C@H]2O)c(=O)n1,,,,0.0,0.54529965,0.5001835,0.45000374,0.30469567
O=C(OC[C@H]1O[C@@H](OC(=O)c2cc(O)c(O)c(OC(=O)c3cc(O)c(O)c(O)c3)c2)[C@H](OC(=O)c2cc(O)c(O)c(OC(=O)c3cc(O)c(O)c(O)c3)c2)[C@@H](OC(=O)c2cc(O)c(O)c(OC(=O)c3cc(O)c(O)c(O)c3)c2)[C@@H]1OC(=O)c1cc(O)c(O)c(OC(=O)c2cc(O)c(O)c(O)c2)c1)c1cc(O)c(O)c(OC(=O)c2cc(O)c(O)c(O)c2)c1,,,,1.0,0.4853286,0.42920148,0.48944217,0.38239023
CC1(S(=O)(=O)[O-])CC(=O)c2ccccc2C1=O,,,,0.0,0.5281828,0.5347561,0.46609396,0.30861646
CC(C)(N)CO,,,,0.0,0.52145964,0.5152269,0.46023694,0.25848368
OCC(CO)(CO)COCC(CO)(CO)CO,,,,0.0,0.51900595,0.4968233,0.46819088,0.33955052
COC(=O)CCC(=O)O,,,,0.0,0.5030667,0.46708992,0.47811788,0.3412911
CCCC[Sn](CCCC)(OC(C)=O)OC(C)=O,,,,0.0,0.52311283,0.5011955,0.47535345,0.30407873
C[NH+](C)CCC(c1ccccc1)c1cccc[nH+]1,,,,0.0,0.53847873,0.51973325,0.44528243,0.20770833
C=C(C)C(=O)OCCOP(=O)(O)OCCOC(=O)C(=C)C,,,,0.0,0.51393265,0.45862716,0.47057778,0.31899783
C=C(C)OC(C)=O,,,,0.0,0.49865276,0.4773412,0.48476207,0.36527506
Cc1cc2c3c(c1)C(c1ccccc1)=N[C@@H](NC(=O)c1ccncc1)C(=O)N3CC2,,,,0.0,0.53842103,0.4727813,0.47448793,0.37048823
CCc1cc(C2=C(C(=O)[O-])N(c3ccccc3C(F)(F)F)S(=O)(=O)c3ccccc32)cc2c1OCO2,,,,0.0,0.516812,0.5098633,0.4789111,0.29734385
C1CCC2(CCCCO2)OC1,,,,0.0,0.50793606,0.5092419,0.4813467,0.37914538
N#CCCC#N,,,,0.0,0.5338352,0.5298243,0.4612078,0.2940254
CCN1CC(CCN2CCOCC2)C(c2ccccc2)(c2ccccc2)C1=O,,,,0.0,0.54265916,0.50414413,0.45249796,0.24645941
CCCCC(CC)COC(=O)CCCCCCCCC(=O)OCC(CC)CCCC,,,,0.0,0.520354,0.49282843,0.45893437,0.24186713
CCOP(=O)(CC)OCC,,,,0.0,0.49865702,0.5212549,0.49533948,0.42170718
NC(=O)CCCCC(N)=O,,,,0.0,0.5180491,0.50843036,0.46507582,0.30497718
COc1cc(-c2ccc(=O)[nH]n2)ccc1OC(F)F,,,,0.0,0.5563641,0.54494184,0.44335994,0.21618971
CSCCC=O,,,,0.0,0.5137494,0.4875172,0.4719398,0.34841433
C/C=C/C=C/C(=O)[O-],,,,0.0,0.516027,0.4944476,0.4715315,0.27785248
CCCCCC=CCC(=O)OC,,,,0.0,0.51755905,0.46817666,0.45899317,0.20661722
CCCCCCCC#N,,,,0.0,0.5502417,0.5323445,0.45194662,0.18665932
O=C([O-])c1ccc2c(c1)nc(C(=O)NC1CCN(C3CC3)CC1)n2Cc1cc(-c2ccc(Cl)s2)on1,,,,0.0,0.557637,0.5207136,0.46870157,0.29056674
CCOC(=O)c1ccc([C@H]2CC[C@H](NC[C@H](O)COc3ccc(O)c(NS(C)(=O)=O)c3)CC2)cc1,,,,0.0,0.5457904,0.44812405,0.4562862,0.21977183
c1ccc(CN(Cc2ccccc2)Cc2ccccc2)cc1,,,,0.0,0.5431015,0.5400114,0.46571586,0.30256337
O=S(=O)([O-])[O-].[Na+].[Na+],,,,0.0,0.5113868,0.50884384,0.47163862,0.35977295
CCOC(C)(C)C,,,,0.0,0.5344508,0.5280013,0.45875683,0.25999022
COc1ccccc1N1CCN(CCCC(=O)c2ccc(F)cc2)CC1,,,,0.0,0.5884494,0.57152253,0.4431065,0.2239561
CC(C)COC(=O)CCCCC(=O)OCC(C)C,,,,0.0,0.51841074,0.49909672,0.46018553,0.29348826
O=C(Nc1ccccc1SSc1ccccc1NC(=O)c1ccccc1)c1ccccc1,,,,0.0,0.5232071,0.51161194,0.46932074,0.27839723
CCCCCO,,,,0.0,0.53744197,0.4988092,0.4487892,0.24073723
N=C(N)NN,,,,0.0,0.53148335,0.52730066,0.4612618,0.30673102
OCCSSCCO,,,,0.0,0.5290261,0.50049114,0.46282005,0.30511177
CCOC(=O)CP(=O)(OCC)OCC,,,,0.0,0.51334625,0.48983818,0.46946,0.2816697
C1CCC2=NCCCN2CC1,,,,0.0,0.52301526,0.5255953,0.4800498,0.34082308
CN(CCOc1ccc(CC2SC(=O)NC2=O)cc1)c1ccccn1,,,,0.0,0.5370614,0.48756984,0.45840907,0.27475548
C=CC(=O)NCNC(=O)C=C,,,,0.0,0.5032369,0.4749385,0.47926113,0.30090258
C[C@H](CN1CCOCC1)C(C(=O)N1CCCC1)(c1ccccc1)c1ccccc1,,,,0.0,0.5672908,0.5386462,0.44965908,0.19020703
CS(=O)(=O)c1ccc(C2=C(c3ccccc3)C(=O)OC2)cc1,,,,0.0,0.5552457,0.54222894,0.44294417,0.17184095
C[Si](C)(C)O[Si](C)(C)O[Si](C)(C)C,,,,0.0,0.5310677,0.5176447,0.4622828,0.3543428
N=C1NC(=N)c2ccccc21,,,,0.0,0.5472456,0.55234224,0.45865786,0.35000724
N#CCCOCCOCCC#N,,,,0.0,0.53626174,0.5248499,0.45870137,0.27294743
CN(C)CCN(C)CCO,,,,0.0,0.5440378,0.5174651,0.44712868,0.27097404
C(COCC1CO1)OCC1CO1,,,,0.0,0.524399,0.5131545,0.47209433,0.37379184
Nc1ccn(C2CO[C@H](CO)O2)c(=O)n1,,,,0.0,0.5590837,0.5173436,0.43607086,0.24100974
OC(CCN1CCCCC1)(c1ccccc1)C1CC2C=CC1C2,,,,0.0,0.5830045,0.573689,0.43893772,0.18619066
CC(=O)OCCOCCOCCOC(C)=O,,,,0.0,0.51732653,0.49403396,0.47148138,0.3036741
CN(C)CCCN,,,,0.0,0.5354984,0.5285923,0.45947608,0.30540988
CC(C)N(CCO)C(C)C,,,,0.0,0.5304243,0.50074154,0.45417506,0.2588927
CCC(C)=NO,,,,0.0,0.5240531,0.49910372,0.47131035,0.2966762
CCC(=O)CC,,,,0.0,0.4898869,0.48712775,0.49148017,0.3725832
C/C(=C(/CCO)SSCC1CCCO1)N(C=O)Cc1cnc(C)nc1N,,,,0.0,0.5705561,0.519399,0.42207903,0.10700113
CCCOCCO,,,,0.0,0.52892566,0.50270826,0.45624882,0.2924472
COC(=O)CCS,,,,0.0,0.4878072,0.4624498,0.4924105,0.38545
C/C=C/C=C/CO,,,,0.0,0.53713745,0.5228576,0.44992983,0.23419285
CC1CCCC(C)N1NC(=O)c1ccc(Cl)c(S(N)(=O)=O)c1,,,,0.0,0.5269488,0.47911575,0.4500444,0.20329392
CCOC(=O)C1=NOC(c2ccccc2)(c2ccccc2)C1,,,,0.0,0.543933,0.5070024,0.44872776,0.13296768
C/C=C(\C)C(=O)OC/C=C(\C)CCC=C(C)C,,,,0.0,0.5090586,0.46245795,0.46612856,0.20761871
O=C(C=Cc1ccccc1)OCCCc1ccccc1,,,,0.0,0.55446583,0.51554245,0.44441912,0.18968251
CC=CC=CCOC(=O)C(C)C,,,,0.0,0.5211192,0.50281894,0.4623612,0.23134963
NCCC[C@H](N)C(=O)O,,,,0.0,0.50954664,0.47426286,0.4798417,0.39285263
CC(C)(C)N,,,,0.0,0.52806836,0.52791804,0.46584898,0.32056272
NCCOS(=O)(=O)O,,,,0.0,0.50127447,0.47077796,0.4762761,0.29048643
NC(CO)(CO)CO.O=C(c1ccccc1)c1ccc2n1CC[C@H]2C(=O)O,,,,0.0,0.5511881,0.5110423,0.46351248,0.21714275
CN(C)CCCNCCCN,,,,0.0,0.5388704,0.53330135,0.45814803,0.2770457
ClC=CCl,,,,0.0,0.5211555,0.5101916,0.47494534,0.3823424
CCC12COCN1COC2,,,,0.0,0.5201242,0.5165396,0.47382987,0.35721183
COc1ccc(CCNCC(O)COc2cccc(C)c2)cc1OC,,,,0.0,0.55484325,0.51536685,0.44023207,0.18291396
CCCCCCCCP(=O)(O)O,,,,0.0,0.53065133,0.5104275,0.4603467,0.28802088
CCOC(=O)c1ccc(NC(=O)CN2CCCCC2)cc1,,,,0.0,0.52911043,0.48102486,0.46569827,0.22819205
CC(C(O)c1ccccc1)N(C)CCOC(c1ccccc1)c1ccccc1,,,,0.0,0.5716047,0.53249794,0.4309433,0.2135983
CC(=O)O[C@@H]1C(=O)O[C@H]2[C@@H](OC(C)=O)C(=O)O[C@@H]12,,,,0.0,0.46205202,0.48070621,0.53038746,0.6672644
CN(CC1(C)CCCO1)S(=O)(=O)c1ccc(Cl)c(S(N)(=O)=O)c1,,,,0.0,0.54665685,0.5218226,0.4438091,0.14609945
CN(C)CCC=C1c2ccccc2C=Cc2ccccc21,,,,0.0,0.56141984,0.5606952,0.44413787,0.26230392
CCNP(=S)(OC)O/C(C)=C/C(=O)OC(C)C,,,,0.0,0.5267885,0.49348992,0.46110138,0.20393635
Cc1nc2sccn2c(=O)c1CCN1CCC(=C(c2ccc(F)cc2)c2ccc(F)cc2)CC1,,,,0.0,0.57451844,0.5379315,0.43633807,0.21991666
CC(=O)Nc1c(I)c(C(=O)N[C@H]2C(O)O[C@H](CO)[C@@H](O)[C@@H]2O)c(I)c(N(C)C(C)=O)c1I,,,,0.0,0.52076423,0.43938637,0.4597618,0.19886523
N#C[C@@H]1C[C@@H]2C[C@@H]2N1C(=O)[C@@H](N)C12CC3CC(CC(O)(C3)C1)C2,,,,0.0,0.55899197,0.5073101,0.45238882,0.17338108
CC(C)CC(C)O,,,,0.0,0.51638335,0.49640012,0.4635424,0.3452995
C[C@@H](C1=C(CCN(C)C)Cc2ccccc21)c1ccccn1,,,,0.0,0.59233195,0.54137415,0.41838202,0.16683602
O=C1NS(=O)(=O)c2ccccc21,,,,0.0,0.5259858,0.52419114,0.4693049,0.34996995
CC(C)(CO)COC(=O)C(C)(C)CO,,,,0.0,0.5077575,0.48816523,0.46964166,0.2820717
c1ccc2c(c1)[nH]c1cnccc12,,,,0.0,0.5756176,0.56175846,0.44345018,0.23695192
ClC(Cl)=C(Cl)C(Cl)=C(Cl)Cl,,,,0.0,0.51847297,0.5071862,0.46892712,0.40306383
CN=C=O,,,,0.0,0.50327915,0.5029245,0.5002562,0.47420192
O=CNNC=O,,,,0.0,0.5212509,0.5173862,0.4710672,0.3469442
CCN(C=O)CC,,,,0.0,0.51978844,0.51127076,0.46653396,0.3184689
Cc1cccc(N(C)C(=S)Oc2ccc3ccccc3c2)c1,,,,0.0,0.55922496,0.5550178,0.44199392,0.15542467
CCCCOCC(C)OCC(C)O,,,,0.0,0.55002576,0.5041464,0.4459818,0.27622825
Cl/C=C/Cl,,,,0.0,0.5211555,0.5101916,0.47494534,0.3823424
CN(C)CCN(Cc1cccs1)c1ccccn1.CN(C)CCN(Cc1cccs1)c1ccccn1,,,,0.0,0.5818603,0.5410378,0.43490565,0.1905773
COc1cc(OC)nc(Oc2cccc(Oc3nc(OC)cc(OC)n3)c2C(=O)[O-])n1,,,,0.0,0.53498185,0.5295207,0.45145917,0.22749273
Nc1ccc(S(=O)(=O)[N-]c2ncccn2)cc1.[Ag+],,,,0.0,0.5288877,0.50460374,0.45478868,0.24912599
CCCCCCCCCCCCCCBr,,,,0.0,0.5315321,0.51466525,0.4663421,0.30705717
ClC1(Cl)C2(Cl)C3(Cl)C4(Cl)C(Cl)(Cl)C5(Cl)C3(Cl)C1(Cl)C5(Cl)C24Cl,,,,0.0,0.5246013,0.5136154,0.46963346,0.37408322
CCCCC(CC)COP(=O)(O)OCC(CC)CCCC,,,,0.0,0.5248793,0.46966538,0.47272834,0.33411372
CCCCOC(=O)CCCCC(=O)OCCCC,,,,0.0,0.5140308,0.49442142,0.4670918,0.28567556
[Cr+3],,,,0.0,0.5164718,0.5199229,0.47477534,0.41185609
CC1OC(=O)C(C)OC1=O,,,,0.0,0.4737773,0.5062267,0.5172609,0.62438804
CC(C(=O)O)c1ccc(C2CCCCC2)c2ccccc12,,,,0.0,0.5288222,0.50705945,0.47226602,0.29397365
c1cc[n+]2c(c1)-c1cccc[n+]1CC2,,,,0.0,0.54843205,0.55448246,0.4519578,0.23731971
CN(C)CCC=C1c2ccccc2C(C)(C)c2ccccc21,,,,0.0,0.57375467,0.5728718,0.43598795,0.20234352
COC(=O)CC(C)CCC=C(C)C,,,,0.0,0.5138272,0.44930822,0.46237323,0.21644858
O=S1OCCO1,,,,0.0,0.51286864,0.49999404,0.48419362,0.4350573
CSC1=N[C@@](C)(c2ccccc2)C(=O)N1Nc1ccccc1,,,,0.0,0.5594369,0.53684014,0.45234257,0.25345448
N[C@@H](CCC(=O)N[C@@H](CS)C(=O)NCC(=O)O)C(=O)O,,,,0.0,0.52427423,0.4321611,0.47143152,0.3936226
CCCN(CCc1cccs1)[C@H]1CCc2c(O)cccc2C1,,,,0.0,0.54281205,0.499867,0.46306053,0.23950076
CN1CC(=O)N=C1NC(=O)Nc1cccc(Cl)c1,,,,0.0,0.55576885,0.54916847,0.4387431,0.14194505
CC(C)CN(C[C@@H](O)[C@H](Cc1ccccc1)NC(=O)O[C@H]1CO[C@H]2OCC[C@@H]12)S(=O)(=O)c1ccc(N)cc1,,,,0.0,0.5575723,0.48752645,0.42135006,0.09814807
O=P(OCC(Br)CBr)(OCC(Br)CBr)OCC(Br)CBr,,,,0.0,0.5326288,0.5223552,0.45905358,0.30235854
[NH3+]O.[NH3+]O,,,,0.0,0.5120584,0.5165128,0.47876018,0.4281842
NCCNCCO,,,,0.0,0.54434395,0.5201872,0.45312506,0.2698591
CCCOCC(C)O,,,,1.0,0.52935934,0.4949715,0.45926836,0.34523407
C=CCOC(=O)C(C)(C)OC(=O)c1cc(-n2c(=O)cc(C(F)(F)F)n(C)c2=O)ccc1Cl,,,,0.0,0.54733557,0.49424896,0.43484622,0.17771856
CN(C(=O)CCCOc1ccc2[nH]c(=O)ccc2c1)C1CCCCC1,,,,0.0,0.5575399,0.53790003,0.45808077,0.28688836
Cl[Nd](Cl)Cl,,,,0.0,0.4976428,0.51871765,0.49714577,0.53782505
O=C(Oc1ccccc1)c1ccc2ccccc2c1O,,,,0.0,0.49653465,0.48328307,0.48536417,0.34228072
CN(C)C(=S)[S-].CN(C)C(=S)[S-].[Cu+2],,,,0.0,0.527286,0.5238089,0.4674045,0.3651625
COc1ccc2c3c1O[C@H]1C[C@@H](O)C=C[C@@]31CCN(C)C2,,,,0.0,0.52953035,0.4906189,0.46351892,0.24125278
C=C(C#N)C(=O)OCC,,,,0.0,0.50524676,0.4877902,0.47347522,0.273982
Cc1c(-c2cccnc2)c2ccccc2n1CCCCC(=O)O,,,,0.0,0.54649734,0.52788514,0.4460082,0.260829
NC(=O)N1C(=O)C(C(=O)c2cc(Cl)cs2)c2cc(F)c(Cl)cc21,,,,0.0,0.5150727,0.5157259,0.47728834,0.2684669
CN1C[C@@H]2C[C@H]1CN2c1cc2c(cc1F)c(=O)c(C(=O)O)cn2C1CC1,,,,0.0,0.49623784,0.4837762,0.5289054,0.68491644
CCN(CC)CCOc1ccc(C(O)(Cc2ccc(Cl)cc2)c2ccc(C)cc2)cc1,,,,0.0,0.56486523,0.531515,0.43301603,0.092831425
O=C1CCCCCCCCCCC1,,,,0.0,0.5107406,0.5173252,0.48572126,0.40646294
S=C(SSC(=S)N1CCCCC1)N1CCCCC1,,,,0.0,0.5324612,0.52917033,0.4631087,0.3383556
CC(C)CCCCCCN,,,,0.0,0.5247529,0.50892466,0.4582133,0.37069875
CC(C)NC(=O)NC(C)C,,,,0.0,0.49735835,0.4802805,0.49083093,0.4703554
CCCCC(CC)COC(=O)CC#N,,,,0.0,0.5300098,0.47910932,0.44979334,0.21540113
CC1(c2ccccc2)OC(C(=O)O)=CC1=O,,,,0.0,0.50940657,0.50722325,0.47801113,0.31332263
COc1cc(N)c(Cl)cc1C(=O)NC1CN2CCC1CC2,,,,0.0,0.46869156,0.46799153,0.5360346,0.66070294
O=C(O)CC/C=C\CC[C@H]1[C@@H](OCc2ccc(-c3ccccc3)cc2)C[C@H](O)[C@@H]1N1CCCCC1,,,,0.0,0.5986783,0.55166537,0.42820567,0.11313396
C=CCN1C(=O)C(CC(C)C)NC1=S,,,,0.0,0.48548517,0.49627796,0.5031185,0.48288378
CN1CCCC(CC2c3ccccc3Sc3ccccc32)C1,,,,0.0,0.56332314,0.566717,0.4453035,0.233796
O=c1[nH]c(=O)c2c[nH]nc2[nH]1,,,,0.0,0.52650124,0.5018229,0.4657701,0.38261083
C=CCSSCC=C,,,,0.0,0.53291917,0.50613344,0.45646197,0.236043
Cl[Yb](Cl)Cl,,,,0.0,0.5055224,0.5137795,0.4822175,0.444048
C=C(C)C(=O)OCCCCCC,,,,0.0,0.50943154,0.48170862,0.47569633,0.28583434
CCCCCCCCCCCCCCCCC(=O)O,,,,0.0,0.5111564,0.5035667,0.4742114,0.29563478
c1ccc(CN2CCNCC2)cc1,,,,0.0,0.5672532,0.569615,0.4540626,0.21804681
Cc1ccccc1N1C(=O)c2cc(S(N)(=O)=O)c(Cl)cc2NC1C,,,,0.0,0.5767733,0.5320154,0.42558405,0.16527504
CCn1ccnc1CC1COc2ccccc2O1,,,,0.0,0.5608422,0.55102384,0.44823048,0.23146836
CCCCNP(N)(N)=S,,,,0.0,0.5172573,0.4882365,0.47586223,0.32424945
ON=C1CCCC1,,,,0.0,0.5188606,0.51838785,0.47463232,0.36983123
OCC(CO)n1cnc(-c2ccc(F)cc2)c1-c1ccnc(Oc2ccccc2)n1,,,,0.0,0.56183004,0.5144338,0.42898396,0.17540531
CC(C)(O)c1ccccc1CC[C@@H](SCC1(CC(=O)[O-])CC1)c1cccc(/C=C/c2ccc3ccc(Cl)cc3n2)c1,,,,0.0,0.5718225,0.49835807,0.42004922,0.08930495
CCCCCCCCCCCC[N+](C)(C)C,,,,0.0,0.5401006,0.52118003,0.45624033,0.23662056
CCO[Si](CCCNC(N)=O)(OCC)OCC,,,,0.0,0.5363749,0.49582615,0.46160036,0.22263634
CCCCCOC(=O)CCCCC,,,,0.0,0.51468545,0.49869984,0.46757475,0.26343536
CCCCCc1cccc(=O)o1,,,,0.0,0.52894485,0.5355791,0.47106475,0.3506524
O=C([N-]S(=O)(=O)/C=C/c1ccccc1)c1ccc(F)cc1Cl,,,,0.0,0.5420583,0.4919003,0.45393744,0.2824352
O=C1C(Cl)C(CCl)CN1c1cccc(C(F)(F)F)c1,,,,0.0,0.551059,0.5318371,0.45454317,0.27201346
O=C(O)CF,,,,0.0,0.506836,0.50154775,0.47936973,0.34214148
CCCCCCCCCCCCCC/C(O)=N\C(CO)CCCCCCCCCCCCCC,,,,0.0,0.55146015,0.50819004,0.45124528,0.22647674
CO[C@@]1(NC(=O)C2SC(=C(C(N)=O)C(=O)O)S2)C(=O)N2C(C(=O)O)=C(CSc3nnnn3C)CS[C@@H]21,,,,0.0,0.5714818,0.46932527,0.4352393,0.059725445
CCCN[C@H]1CCc2nc(N)sc2C1,,,,0.0,0.53090656,0.51360816,0.4760415,0.3404595
[Fe+3],,,,0.0,0.5157136,0.51552474,0.47775185,0.43231916
C#CCN1CC(=O)N(COC(=O)[C@@H]2[C@@H](C=C(C)C)C2(C)C)C1=O,,,,0.0,0.46901682,0.4473115,0.5080706,0.41995752
C=CCOC(Cn1ccnc1)c1ccc(Cl)cc1Cl,,,,0.0,0.5603792,0.5221679,0.44206533,0.22711621
Nc1ccc(S(=O)(=O)Nc2cnc3ccccc3n2)cc1,,,,1.0,0.54002005,0.5239905,0.44415632,0.2547632
CC1(C)C(/C=C\C=C/C=C\C=C2\N(CCCCS(=O)(=O)[O-])c3ccc4ccccc4c3C2(C)C)=[N+](CCCCS(=O)(=O)[O-])c2ccc3ccccc3c21,,,,0.0,0.5822673,0.5204501,0.41289663,0.08875509
CN1C(=O)C[C@@H](C(=O)N[C@@H](Cc2c[nH]cn2)C(=O)N2CCC[C@H]2C(N)=O)NC1=O,,,,0.0,0.5712127,0.50651354,0.43051565,0.15600179
C=C(C)C(=O)OCCC[Si](Cl)(Cl)Cl,,,,0.0,0.51466674,0.46311298,0.4761587,0.32885733
CCCCC(CC)(CO)CO,,,,0.0,0.5364219,0.51106876,0.46582583,0.2576061
CC1=CCC2C(C1)C2(C)C,,,,0.0,0.46640062,0.49419585,0.52729994,0.616
C=C(C)C(=O)OCCCCCCCC(C)C,,,,0.0,0.5105703,0.4723057,0.4745157,0.35640794
CC[C@H]1C[C@@H]2C[C@H]3c4[nH]c5ccc(OC)cc5c4CCN(C2)[C@@H]13,,,,0.0,0.5171596,0.4994282,0.48579764,0.5090252
OCCOCCOCCO,,,,0.0,0.52813685,0.5033846,0.46341968,0.3303519
OCCN(CCO)CCO,,,,0.0,0.5327964,0.5060545,0.4597329,0.31499776
N#CN,,,,0.0,0.50462276,0.49984056,0.48024926,0.41974592
Cl[In](Cl)Cl,,,,0.0,0.5105037,0.5064071,0.47852793,0.42639515
COC(C)=O,,,,0.0,0.49792427,0.48047978,0.48560753,0.38528454
N#CCCN(CCO)CCO,,,,0.0,0.5545847,0.5084144,0.44347382,0.1765467
CN(C)C(=O)CCSC(SCCC(=O)[O-])c1cccc(/C=C/c2ccc3ccc(Cl)cc3n2)c1,,,,0.0,0.541075,0.48545432,0.44698897,0.23061116
CCCCC/C=C\C/C=C\CCCCCCCC(=O)OCC,,,,0.0,0.5437591,0.5104757,0.44100636,0.1721773
C=C[Si](OC(C)=O)(OC(C)=O)OC(C)=O,,,,0.0,0.52167904,0.49624425,0.46417913,0.28269348
COc1cc(C(=O)N2CCCCCCC2)cc(OC)c1OC,,,,0.0,0.53207827,0.51122004,0.46057656,0.28899348
CC(C)C[C@H]1C(=O)N2CCC[C@H]2[C@]2(O)O[C@](NC(=O)[C@@H]3C[C@@H]4c5cccc6[nH]cc(c56)C[C@H]4N(C)C3)(C(C)C)C(=O)N12,,,,0.0,0.51662654,0.4592091,0.4986543,0.5185825
COC(=O)N[C@H](C(=O)N[C@@H](Cc1ccccc1)[C@@H](O)CN(Cc1ccc(-c2ccccn2)cc1)NC(=O)[C@@H](NC(=O)OC)C(C)(C)C)C(C)(C)C,,,,0.0,0.5870932,0.51229036,0.41988263,0.08203286
C1CN(P2(N3CC3)=NP(N3CC3)(N3CC3)=NP(N3CC3)(N3CC3)=N2)CCO1,,,,0.0,0.5521954,0.5258979,0.46029097,0.28330785
O=C1CC2(CCCC2)CC(=O)N1CCCCN1CCN(c2ncccn2)CC1,,,,0.0,0.5682762,0.565686,0.45719224,0.29408816
COCCOC,,,,0.0,0.5022131,0.4975583,0.48452216,0.43099236
CC(C)N(C(=O)COc1nnc(C(F)(F)F)s1)c1ccc(F)cc1,,,,0.0,0.57159406,0.54278284,0.43324736,0.17892048
Cc1nn(C)c(Oc2ccccc2)c1/C=N/OCc1ccc(C(=O)OC(C)(C)C)cc1,,,,0.0,0.5544265,0.49596846,0.44706178,0.161696
Cc1cc(NC(=O)C2=C(O)c3ccccc3S(=O)(=O)N2C)no1,,,,0.0,0.5470627,0.50926495,0.4501817,0.22395368
CCCCCCCCCCO,,,,0.0,0.53744197,0.4988092,0.4487892,0.24073723
CCCCCCCCO,,,,0.0,0.53744197,0.4988092,0.4487892,0.24073723
CCCCCCCCCC(C)=O,,,,0.0,0.5199153,0.51959807,0.4702203,0.27903995
CC12CCCC=C1C(=O)OC2=O,,,,0.0,0.49714547,0.523293,0.5136026,0.5739151
O=C(CCN1CCC(c2ccccc2)C1)c1ccc2c(c1)OCCO2,,,,0.0,0.567866,0.53016394,0.45058376,0.26065353
O=C(COc1ccc(Cl)cc1)OCCNC12CC3CC(CC(C3)C1)C2,,,,0.0,0.52816445,0.48896384,0.45747644,0.21102026
CCCCCCCCCCCCCCCC(=O)OC,,,,0.0,0.5165535,0.48967296,0.4676604,0.26112264
CN1CCC[C@@H]1Cc1c[nH]c2ccc(CCS(=O)(=O)c3ccccc3)cc12,,,,0.0,0.5746989,0.561291,0.44018397,0.13252942
C/C(=C\c1csc(C)n1)C1C[C@@H]2O[C@]2(C)CCC[C@H](C)C(O)[C@@H](C)C(=O)C(C)(C)[C@@H](O)CC(=O)O1,,,,0.0,0.49438557,0.47195953,0.5497516,0.68605787
O=[N+]([O-])c1c(Cl)cccc1-c1c[nH]cc1Cl,,,,0.0,0.55102676,0.5494937,0.44637737,0.2539452
CC[C@]12CCCN3CCc4c(n(c5ccccc45)[C@@](O)(C(=O)OC)C1)[C@@H]32,,,,0.0,0.52621907,0.5180352,0.47193885,0.18456388
FC(F)(Cl)C(F)(Cl)Cl,,,,0.0,0.5272535,0.525134,0.46541673,0.32018772
CCC(Cl)CC(Cl)C(Cl)C(Cl)C(Cl)C(C)Cl,,,,0.0,0.5247506,0.50337446,0.46379027,0.2580459
O=C([O-])[C@H](O)[C@@H](O)[C@H](O)[C@H](O)CO.O=C([O-])[C@H](O)[C@@H](O)[C@H](O)[C@H](O)CO.[Ba+2],,,,0.0,0.50820726,0.46702892,0.46713445,0.30832735
CC(C)=CCC/C(C)=C/CO,,,,0.0,0.52432346,0.48058692,0.46183756,0.2790259
CCCCCCCOC(C)=O,,,,0.0,0.5143145,0.48760659,0.472213,0.25943676
CC(C)=CC(=O)C=C(C)C,,,,0.0,0.5039964,0.48198447,0.48584908,0.42307818
C=C(C)C(=O)OCCOCCOCCOC(=O)C(=C)C,,,,0.0,0.51194364,0.48261094,0.47502467,0.32412437
O=C(O)Cc1nn(Cc2ccc(Br)cc2F)c(=O)c2ccccc12,,,,0.0,0.54924196,0.5513555,0.4509951,0.21118213
CNC(=S)NN,,,,0.0,0.5070388,0.5005081,0.4746174,0.3350384
CC(=N\O)/C(C)=N/O,,,,0.0,0.5208057,0.5023684,0.4714282,0.32442075
c1ccc([Bi](c2ccccc2)c2ccccc2)cc1,,,,0.0,0.536557,0.5448673,0.4675379,0.35084227
CC(C)(Sc1cc(C(C)(C)C)c(O)c(C(C)(C)C)c1)Sc1cc(C(C)(C)C)c(O)c(C(C)(C)C)c1,,,,0.0,0.50924575,0.48630005,0.4748764,0.3156008
C=C(C)C(=O)OCC(CC)CCCC,,,,0.0,0.511083,0.4818466,0.4814167,0.298956
CC(COc1ccccc1)N(CCCl)Cc1ccccc1,,,,0.0,0.5664125,0.5549247,0.44169647,0.18003519
[C-]#N.[Cu+],,,,0.0,0.5171593,0.51708794,0.47548226,0.40573522
CCC(C)n1ncn(-c2ccc(N3CCN(c4ccc(OC[C@H]5CO[C@](Cn6cncn6)(c6ccc(Cl)cc6Cl)O5)cc4)CC3)cc2)c1=O,,,,0.0,0.56008625,0.5075516,0.45415294,0.2381868
CC[C@H](C)[C@H]1O[C@]2(CC[C@@H]1C)C[C@@H]1C[C@@H](CC=C(C)[C@@H](O[C@H]3C[C@H](OC)[C@@H](O[C@H]4C[C@H](OC)[C@@H](O)[C@H](C)O4)[C@H](C)O3)[C@@H](C)C=CC=C3CO[C@@H]4[C@H](O)C(C)=C[C@@H](C(=O)O1)[C@]34O)O2,,,,0.0,0.5415971,0.43538147,0.44573605,0.1576478
CCCCC(CC)COP(=O)(O)O,,,,0.0,0.52988154,0.48672047,0.46184394,0.28654978
CCC(C)(C#N)/N=N/C(C)(C#N)CC,,,,0.0,0.51800907,0.48889968,0.4672652,0.31457236
C=CCCCCCCCCC(=O)O,,,,0.0,0.51946527,0.4831868,0.46563673,0.24889725
N#CCN(CC#N)CCN(CC#N)CC#N,,,,0.0,0.5274696,0.5213606,0.4659557,0.3184287
CC(O)C(CO)C(C)O,,,,0.0,0.526839,0.50933397,0.4588534,0.3215766
CC/C=C\CCCCCCCCCCOC(C)=O,,,,0.0,0.52161765,0.4836535,0.46944404,0.26976055
CC(C)(c1ccccc1)c1cc(-n2nc3ccccc3n2)c(O)c(C(C)(C)c2ccccc2)c1,,,,0.0,0.5295356,0.5190235,0.4603419,0.2781624
CC/C=C/C/C=C/C/C=C/CCCCCCCC(=O)OCC,,,,0.0,0.5434756,0.51352596,0.44286397,0.20136136
C=C(C)C(=O)OCC(C)O,,,,0.0,0.50292754,0.46626374,0.48579696,0.36932978
CCCCCCCCBr,,,,0.0,0.5315321,0.51466525,0.4663421,0.30705717
CCCCCCCCCCCO,,,,0.0,0.53744197,0.4988092,0.4487892,0.24073723
Nc1nc(=O)c(Br)c(-c2ccccc2)[nH]1,,,,0.0,0.5675818,0.5601608,0.44203496,0.23701185
c1ccc([Hg]c2ccccc2)cc1,,,,0.0,0.5215326,0.5218842,0.4822376,0.38054392
C=C(C)C(=O)OCC(CC)(COC(=O)C(=C)C)COC(=O)C(=C)C,,,,0.0,0.50536776,0.49413198,0.47542435,0.25361726
CC(CN)CC(C)(C)CCN,,,,0.0,0.51332563,0.4967831,0.46668965,0.3289613
CC(C)CC(C)(N)C#N,,,,0.0,0.53950214,0.5184393,0.45371825,0.22483881
CNC(=S)[S-],,,,0.0,0.5261996,0.5148524,0.46780443,0.30936402
CCCCCCCCCCCCCCCCCC(=O)OCC(O)CO,,,,0.0,0.5356702,0.4838184,0.4475768,0.23815209
[SnH2+2],,,,0.0,0.5113545,0.51479286,0.47650114,0.44029704
CCCCc1nc2cccnc2n1Cc1ccc(-c2ccccc2-c2nnn[n-]2)cc1,,,,0.0,0.58602285,0.53520155,0.4092565,0.08388598
CN1CCc2cccc3c2[C@H]1Cc1ccc(O)c(O)c1-3.CN1CCc2cccc3c2[C@H]1Cc1ccc(O)c(O)c1-3,,,,0.0,0.5224556,0.51621485,0.47907877,0.41623437
C=C1C[C@H]2[C@@H]3C=C(C)C4=CC(=O)CC[C@]4(C)[C@H]3CC[C@]2(C)[C@@]1(OC(C)=O)C(C)=O,,,,1.0,0.35354748,0.49801135,0.65115327,0.9411915
C[N+](C)(C)CCCCCC[N+](C)(C)C,,,,0.0,0.53387594,0.51722187,0.46014473,0.27188188
COC(=O)CCCCCCCC(=O)OC,,,,0.0,0.51162696,0.4912161,0.46696854,0.31055883
CC(C)(C)C(=O)CC(=O)C(C)(C)C,,,,0.0,0.5183764,0.5048222,0.4685468,0.27179104
CCOC(=O)C=CC(=O)O,,,,0.0,0.51408845,0.49538612,0.46849692,0.22906716
N#CCNCC#N,,,,0.0,0.518249,0.5014818,0.4669517,0.35622722
O=C(O)Cn1c(=O)n(Cc2ccc(Br)cc2F)c(=O)c2ccc(Cl)cc21,,,,0.0,0.5499311,0.55393887,0.4435112,0.21029207
O=C(O)CC(=O)O,,,,0.0,0.50864005,0.5001267,0.47527534,0.3768305
O=C(O)CN(CC(=O)O)CC(=O)O,,,,0.0,0.5216074,0.5114049,0.47191387,0.32708696
O=C(NC(Cc1cc(=O)[nH]c2ccccc12)C(=O)O)c1ccc(Cl)cc1,,,,0.0,0.5494713,0.5248204,0.43927822,0.15171541
CCOP(=O)(OCC)SCCSCC,,,,0.0,0.5304521,0.49058172,0.45164126,0.19964282
CCNCC,,,,0.0,0.51813126,0.5117182,0.47030446,0.345332
C=C(C)C(=O)OCCOCCOCCOCCOC(=O)C(=C)C,,,,0.0,0.51194364,0.48261094,0.47502467,0.32412437
CCCOC(=O)C(C)O,,,,0.0,0.5199805,0.50112253,0.46284282,0.2984866
OC[P+](CO)(CO)CO,,,,0.0,0.52327067,0.50296193,0.46886656,0.37155062
S=P(N1CC1)(N1CC1)N1CC1,,,,0.0,0.5324359,0.5245861,0.466179,0.3503948
Cc1ccsc1C(=CCCN1CCC[C@@H](C(=O)O)C1)c1sccc1C,,,,0.0,0.5533405,0.5169254,0.4642709,0.34338772
OC(CCN1CCCC1)(c1ccccc1)C1CCCCC1,,,,0.0,0.5714802,0.5608618,0.45001855,0.19406739
O=C(c1ccccc1)C1CCC1,,,,0.0,0.50225043,0.5035807,0.5031639,0.4143001
CCCC(CC)CCCCCCCN,,,,0.0,0.5339845,0.5120352,0.45953918,0.33818826
CC(=O)OC[C@H]1O[C@@H](O)[C@H](OC(=O)c2ccccc2C(=O)O)[C@@H](O)[C@@H]1O[C@@H]1O[C@H](COC(C)=O)[C@@H](O)[C@H](OC(=O)c2ccccc2C(=O)O)[C@H]1O,,,,0.0,0.5160801,0.47298488,0.47307897,0.39633322
C=C(C)C(=O)OCC,,,,0.0,0.4979381,0.48930672,0.4734954,0.26802018
CCOS(C)(=O)=O,,,,0.0,0.5170944,0.5024067,0.46602932,0.30471298
CC=C1CC2C=CC1C2,,,,0.0,0.47326687,0.49852884,0.5339538,0.6893958
CCCCc1nc(Cl)c(CO)n1Cc1ccc(-c2ccccc2-c2nnn[nH]2)cc1,,,,0.0,0.5967422,0.5452023,0.40700424,0.0705746
C[Si](C)(C)O[Si](C)(C)C,,,,0.0,0.52375764,0.51098186,0.47102094,0.39334238
COc1cc2[nH]c(=O)[nH]c(=O)c2cc1OC,,,,0.0,0.5427343,0.5270648,0.45976353,0.37065116
CCC(C=O)CC,,,,0.0,0.513347,0.49979338,0.47678745,0.37673688
CCCCN1CCCC1C(=O)Nc1c(C)cc(C)cc1C,,,,0.0,0.53300416,0.4958201,0.45496458,0.25261226
NS(=O)(=O)C(F)(F)C(F)(F)C(F)(F)C(F)(F)C(F)(F)C(F)(F)C(F)(F)C(F)(F)F,,,,0.0,0.52940416,0.52094877,0.45815518,0.2916465
CCn1cc(C(=O)O)c(=O)c2ccc(C)nc21,,,,0.0,0.508728,0.48346227,0.4760918,0.35106763
NC[C@H]1O[C@H](O[C@@H]2[C@@H](N)C[C@@H](N)C(O)[C@H]2O[C@@H]2O[C@H](CO)[C@@H](O)[C@H]2O)[C@H](N)[C@@H](O)[C@@H]1O,,,,0.0,0.4794928,0.41891718,0.51980174,0.56326383
O=C(CCCCCCCCCCCCC1CCCC1)Nc1ccc(S(=O)(=O)c2ccc(NC(=O)CCCCCCCCCCCCC3CCCC3)cc2)cc1,,,,0.0,0.54812187,0.5286507,0.45335352,0.21783559
N#CC(Cl)(Cl)Cl,,,,0.0,0.5241917,0.51680845,0.4677496,0.3057289
O=S(=O)([O-])c1ccc(Nc2nc(Nc3ccc(/C=C/c4ccc(Nc5nc(Nc6ccc(S(=O)(=O)[O-])cc6)nc(N(CCO)CCO)n5)cc4S(=O)(=O)[O-])c(S(=O)(=O)[O-])c3)nc(N(CCO)CCO)n2)cc1,,,,0.0,0.56064606,0.49079424,0.41451713,0.12772858
FB(F)F,,,,0.0,0.5144873,0.51085126,0.47445515,0.40439662
CCN(CC)N=O,,,,0.0,0.5249303,0.51107967,0.47015554,0.27464518
CC(C)=CCC/C(C)=C/C=C\C(C)=C\C=C\C(C)=C\C=C/C=C(C)/C=C/C=C(C)/C=C\C=C(/C)CCC=C(C)C,,,,0.0,0.5430133,0.4831201,0.4439817,0.2022874
CCC(O)C(C)(C)C,,,,0.0,0.53678864,0.5177893,0.45300075,0.2719467
CCOC(=O)C(C)O,,,,0.0,0.5198148,0.50818753,0.4634591,0.24959184
O[C@@H](CNC[C@H](O)[C@H]1CCc2cc(F)ccc2O1)[C@@H]1CCc2cc(F)ccc2O1,,,,0.0,0.52858883,0.4801114,0.46792242,0.3484091
CNS(=O)(=O)CCc1ccc2[nH]cc(C3CCN(C)CC3)c2c1,,,,0.0,0.56634957,0.5276686,0.43828103,0.18796198
COc1cc(OC)nc(NC(=O)NS(=O)(=O)c2ncccc2C(=O)N(C)C)n1,,,,0.0,0.55495566,0.5221057,0.4243096,0.1905121
CN(C)CCOC1=Cc2ccccc2Sc2ccc(Cl)cc21,,,,0.0,0.54679304,0.5204635,0.45976463,0.31978285
CCCCCCCCCCCCCCCC(=O)OCC(COC(=O)CCCCCCCCCCCCCCC)OC(=O)CCCCCCCCCCCCCCC,,,,0.0,0.52633697,0.50376654,0.4563125,0.20784324
Cc1cccc(C)c1NC(=O)NC1=CCCN1C,,,,0.0,0.5448632,0.5256282,0.4503406,0.23230569
N=C(N)NCC1COc2ccccc2O1,,,,0.0,0.5566968,0.5201634,0.4502066,0.2548861
CC/C=C\CCOC(=O)CCCCC,,,,0.0,0.53003263,0.50044733,0.45820785,0.2080961
OC[C@H](O)[C@H](O)[C@@H](O)[C@H](O)CO,,,,0.0,0.51492655,0.48238015,0.4632393,0.38521463
CN1C(C(=O)Nc2ccccn2)=C(O)c2sccc2S1(=O)=O,,,,0.0,0.5585809,0.50460666,0.43258688,0.16417044
CC(CCO)CC(C)(C)C,,,,0.0,0.5392623,0.5096987,0.44832167,0.23485707
CCCCCCCC[Sn](Cl)(Cl)CCCCCCCC,,,,0.0,0.53232145,0.50511163,0.46416095,0.31031767
C1CCNCC1.O=c1[nH]cnc2[nH]cc(CN3CCCCC3)c12,,,,0.0,0.57498163,0.5456134,0.43983218,0.17345509
CN(C)CCOc1ccccc1Cc1ccccc1.Nc1ccc(C(=O)O)c(O)c1,,,,0.0,0.5093696,0.46295348,0.48798075,0.4581797
OCCCCCCCCCCCCBr,,,,0.0,0.5339877,0.49223408,0.45314503,0.311295
COS(=O)(=O)C(F)(F)F,,,,0.0,0.52633536,0.506455,0.46593398,0.27967682
CC(COCCO)OCCO,,,,0.0,0.5230236,0.50282913,0.4642344,0.31626686
O=C(Cn1ccnc1[N+](=O)[O-])NCc1ccccc1,,,,0.0,0.5595169,0.5330142,0.43660778,0.2030046
O=S(=O)([O-])c1cc(O)c2c(N=Nc3ccc(Nc4ccccc4)c4c(S(=O)(=O)[O-])cccc34)cc(S(=O)(=O)[O-])cc2c1,,,,0.0,0.59131646,0.54199594,0.4095947,0.095008336
CCCN1CCC[C@@H]2Cc3nc(N)ncc3C[C@H]21,,,,0.0,0.5257379,0.49659842,0.46909064,0.4177408
O=C(O)C(Br)CBr,,,,0.0,0.5101649,0.47839212,0.47626787,0.32207915
CCC(O)OCC(C)OC(O)CC,,,,0.0,0.5201398,0.5112223,0.45390728,0.29640117
COC(=O)c1ccccc1CS(=O)(=O)NC(=O)Nc1nc(OC)cc(OC)n1,,,,0.0,0.53405064,0.4912395,0.44310287,0.18287547
O=C1C=CC(=O)O1,,,,0.0,0.4664969,0.49959138,0.52715915,0.6311821
BrC(Br)C(Br)Br,,,,0.0,0.5202568,0.51728195,0.47175866,0.3748469
CS(C)=O,,,,0.0,0.51621115,0.5102291,0.4704433,0.37683642
CNC(=O)OCC[N+](C)(C)C,,,,0.0,0.49841347,0.45642164,0.48186657,0.30215994
C[C@]12N[C@H](Cc3ccccc31)c1ccccc12,,,,0.0,0.5679773,0.5605355,0.45290443,0.25322816
CC1(C)S[C@@H]2[C@H](NC(=O)[C@H](C(=O)[O-])c3ccsc3)C(=O)N2[C@H]1C(=O)[O-],,,,0.0,0.50319517,0.38109735,0.5311402,0.6060757
C[C@@H](CN(C)C)CN1c2ccccc2Sc2ccccc21.C[C@@H](CN(C)C)CN1c2ccccc2Sc2ccccc21,,,,0.0,0.58463234,0.5988106,0.43151215,0.17257522
C1CCN2C[C@@H]3C[C@@H](CN4CCCC[C@H]34)[C@@H]2C1,,,,0.0,0.54254806,0.53739953,0.45593587,0.2797052
CC1(C)OC[C@@H](COC(=O)CCc2ccc(OC[C@@H](O)CNCCNC(=O)N3CCOCC3)cc2)O1,,,,0.0,0.5706805,0.48130962,0.42612615,0.1726728
CCCCCCCCCCCC(=O)N(C)CC(=O)[O-],,,,0.0,0.53333557,0.5278322,0.46447325,0.2075364
C=CC(C)(O)CCC=C(C)C,,,,0.0,0.5249179,0.48300815,0.45218185,0.17250578
CCCOCCC,,,,0.0,0.52627164,0.5173894,0.46294388,0.3447906
CSC(C)(C)/C=N\O,,,,0.0,0.5248576,0.4996026,0.46857846,0.29624242
N#Cc1sc2c(=O)c3ccccc3c(=O)c=2sc1C#N,,,,0.0,0.50946635,0.5270215,0.48761678,0.49524274
ClCBr,,,,0.0,0.5196737,0.5087204,0.46728662,0.35397276
CC(C)N1C(=O)c2ccccc2NS1(=O)=O,,,,0.0,0.5410949,0.53718966,0.45562172,0.29892242
CCCC[P+](C)(CCCC)CCCC.COS(=O)(=O)[O-],,,,0.0,0.5282235,0.509225,0.4565847,0.2439031
CN(C)C=O,,,,0.0,0.53011596,0.52328914,0.46823773,0.34487817
O=C1NCN(c2ccccc2)C12CCN(CC1COc3ccccc3O1)CC2,,,,0.0,0.5759526,0.53022724,0.44062045,0.21770999
CCN(Cc1ccncc1)C(=O)C(CO)c1ccccc1,,,,0.0,0.579985,0.54359007,0.4452205,0.11410906
CC1(C)C(=O)C(C)(C)C1=O,,,,0.0,0.47997007,0.50354064,0.507436,0.5612025
O=C(O)Cn1c2ccccc2c(=O)c2ccccc21,,,,0.0,0.52356833,0.52500653,0.46994275,0.3517259
C=O,,,,0.0,0.5089797,0.51345974,0.4799621,0.41520864
O=C1O[C@H]([C@@H](O)CO)C([O-])=C1O.O=C1O[C@H]([C@@H](O)CO)C([O-])=C1O,,,,0.0,0.5205515,0.48822194,0.46966907,0.3180425
CC(=O)OC/C=C(/C)CCC=C(C)C,,,,0.0,0.5100148,0.45391545,0.46861893,0.24492949
O=S(=O)(O)c1ccc2[nH]c(-c3ccccc3)nc2c1,,,,0.0,0.56633985,0.55636245,0.43734866,0.172705
C[C@]12CC[C@@H]3c4ccc(OC(=O)c5ccccc5)cc4CC[C@H]3[C@@H]1CC[C@@H]2O,,,,1.0,0.42244887,0.5227507,0.6315953,0.91993755
CCOP(=S)(OCC)OC(Cl)C(Cl)(Cl)Cl,,,,0.0,0.5550092,0.5536858,0.45027766,0.18210608
O=C(O)c1cc(O)c2c(c1)[C@H]([C@H]1c3cc(C(=O)O)cc(O)c3C(=O)c3c(O[C@@H]4O[C@H](CO)[C@@H](O)[C@H](O)[C@H]4O)cccc31)c1cccc(O[C@@H]3O[C@H](CO)[C@@H](O)[C@H](O)[C@H]3O)c1C2=O,,,,0.0,0.5142547,0.43461815,0.47137052,0.34420583
CC(CCl)OC(C)CCl,,,,0.0,0.51469034,0.520882,0.46548885,0.2917347
ClCCOCCCl,,,,0.0,0.5179645,0.5083229,0.46732068,0.34124103
CCCCCCCCCCCCCCCl,,,,0.0,0.54246634,0.5226436,0.45535812,0.2344463
CCCCN=C=O,,,,0.0,0.51202804,0.48716336,0.48021913,0.3881233
C=C1CCC=C(C)CC[C@@H]2[C@@H]1CC2(C)C,,,,0.0,0.44520122,0.51348025,0.5601938,0.79036844
CCC(C)Cl,,,,0.0,0.51863164,0.5121946,0.469696,0.34104773
CC(C)CON=O,,,,0.0,0.5194885,0.50780946,0.46878687,0.321025
O=C1NCCN1c1ncc([N+](=O)[O-])s1,,,,0.0,0.5634325,0.5476247,0.43675393,0.24478598
CN(CCCCCCCCCCN(C)C(=O)Oc1ccccc1[N+](C)(C)C)C(=O)Oc1ccccc1[N+](C)(C)C,,,,0.0,0.53244835,0.5014351,0.46067226,0.24874875
CCCCCCCCCC[N+](C)(C)[O-],,,,0.0,0.5411648,0.527181,0.45422065,0.20142484
ClC1=C(Cl)C2(Cl)C3C4OC4C(Cl)C3C1(Cl)C2(Cl)Cl,,,,0.0,0.52922326,0.4969971,0.47170743,0.3806737
ClCCOCCOCCCl,,,,0.0,0.5223301,0.51089895,0.46506006,0.32456446
O=C([O-])c1cc(O)c2c3nc4ccccc4oc-3cc(=O)c2n1,,,,0.0,0.5494685,0.5259805,0.46381304,0.26785776
CC(C)=CCC/C(C)=C/CC/C(C)=C/CC/C=C(\C)CC/C=C(\C)CCC=C(C)C,,,,0.0,0.50662345,0.4738297,0.47886994,0.33617225
CC/C(=N\OC/C=C/Cl)C1=C(O)CC(C2CCOCC2)CC1=O,,,,0.0,0.5492605,0.4982386,0.4684603,0.21207672
NC(=O)CF,,,,0.0,0.5096984,0.49835947,0.47026828,0.32517433
CCCCCCCCCCCCSC,,,,0.0,0.51980984,0.50536424,0.47246528,0.29982525
CCOC(=O)[C@H](CCc1ccccc1)N[C@@H](C)C(=O)N1[C@H](C(=O)O)C[C@@H]2CCC[C@@H]21,,,,0.0,0.5500014,0.49688417,0.43823332,0.10503639
O=C(c1ccc(OCCN2CCCCC2)cc1)c1c(-c2ccc(O)cc2)sc2cc(O)ccc12,,,,0.0,0.4906087,0.4744225,0.5183978,0.44913927
COC(=O)[C@H]1[C@H]2C[C@@H]3c4[nH]c5cc(OC)ccc5c4CCN3C[C@H]2C[C@@H](OC(=O)C=Cc2cc(OC)c(OC)c(OC)c2)[C@@H]1OC,,,,0.0,0.58632237,0.4899956,0.4242813,0.14483929
c1ccc(Nc2cccc3ccccc23)cc1,,,,0.0,0.56126183,0.55690676,0.4418731,0.17860575
O=c1c2ccccc2c(=O)c2c1cc(Cl)c1[nH]c3c([nH]c12)c(Cl)cc1c(=O)c2ccccc2c(=O)c13,,,,0.0,0.5579145,0.5624936,0.45370206,0.35247222
O=C(Nc1ncc([N+](=O)[O-])s1)c1cccs1,,,,0.0,0.55108076,0.50774246,0.4441281,0.20075364
CC[C@@H]1C[C@H](N(Cc2cc(C(F)(F)F)cc(C(F)(F)F)c2)C(C)=O)c2cc(C(F)(F)F)ccc2N1C(=O)OC(C)C,,,,0.0,0.5604743,0.50655687,0.45155886,0.20901187
CC(Cc1ccc(OCC(=O)O)cc1)NCC(O)c1csc(C(F)(F)F)n1,,,,0.0,0.58580047,0.5174085,0.41754642,0.10638349
CC(Cl)C(=O)O,,,,0.0,0.51135874,0.5015551,0.47287586,0.3374112
O=C(O)CCCl,,,,0.0,0.4988975,0.4768868,0.47877014,0.34459552
O=[Cd],,,,0.0,0.5163951,0.52279234,0.4734054,0.4136442
CC[N+](CC)(CC)CCOC(=O)C(C1CCCC1)C1CCCC1,,,,0.0,0.5209076,0.47488004,0.45830587,0.2400341
Cc1ccc(/C=N/n2c(-c3ccccc3)csc2=S)cc1,,,,0.0,0.5760422,0.54087085,0.43862095,0.15058638
c1ccc(P(c2ccccc2)c2ccccc2)cc1,,,,0.0,0.5316048,0.5394199,0.46788317,0.3267609
CC(CCl)OP(=O)(OC(C)CCl)OC(C)CCl,,,,0.0,0.5207808,0.5189575,0.4617362,0.2793439
CCOCCOCCOCC,,,,0.0,0.5247551,0.52604544,0.4688177,0.36828718
COCCOCCO,,,,0.0,0.51663446,0.4871311,0.47075862,0.3333103
O=C(OCC(COC(=O)c1ccccc1)(COC(=O)c1ccccc1)COC(=O)c1ccccc1)c1ccccc1,,,,0.0,0.5033293,0.5060298,0.48131433,0.2833619
COc1c2occc2c(OC)c2c(=O)cc(C)oc12,,,,0.0,0.5279074,0.5198755,0.4819264,0.43753105
Cc1cnc(NC(=O)C2=C(O)c3ccccc3S(=O)(=O)N2C)s1,,,,1.0,0.55467916,0.52921075,0.44091165,0.16416831
CC/C(C)=N/O[Si](C)(O/N=C(\C)CC)O/N=C(\C)CC,,,,0.0,0.52550477,0.489007,0.46793577,0.2569919
CC1C(C)(C)C2=C(C(=O)CCC2)C1(C)C,,,,0.0,0.5111803,0.46771163,0.5043616,0.4705894
CC(C)=CCC/C(C)=C/CC/C(C)=C/CO,,,,0.0,0.52536714,0.48173663,0.4618839,0.28139293
FC1(F)C(F)(F)C(F)(F)C2(F)C(F)(C1(F)F)C(F)(F)C(F)(F)C1(F)C(F)(F)C(F)(F)C(F)(F)C(F)(F)C12F,,,,0.0,0.5192253,0.517097,0.4781121,0.39144856
C=CCOC(=O)CCCCCC,,,,0.0,0.5270767,0.4968103,0.4563419,0.1706438
CCCCC(CC)COC(=O)CC(C(=O)OCC(CC)CCCC)S(=O)(=O)[O-],,,,0.0,0.50886863,0.47208267,0.46295246,0.24963136
CCCCCCCCCCCCOCCCN,,,,0.0,0.5302706,0.51993567,0.46268517,0.2896504
CCCC1([C@H](O)C/C=C/[C@H]2[C@H](O)CC(=O)[C@@H]2CCCCCCC(=O)OC)CCC1,,,,0.0,0.5316963,0.4727067,0.44755712,0.18465368
C1CNCCN1.C[C@H](CCC(=O)O)[C@H]1CC[C@H]2[C@H]3[C@H](C[C@H](O)[C@@]21C)[C@@]1(C)CC[C@@H](O)C[C@H]1C[C@H]3O,,,,0.0,0.49335593,0.48731565,0.49795654,0.38853496
OC(CCN1CCCCC1)(c1ccccc1)c1ccccc1,,,,0.0,0.56571466,0.5695867,0.45782697,0.23440257
CC(=O)N=c1sc(S(N)(=O)=O)nn1C,,,,0.0,0.52112585,0.4854929,0.47351137,0.37100008
[N-]=[N+]=[N-],,,,0.0,0.5103865,0.5137464,0.47985515,0.4308406
c1ccc2c(c1)Sc1ccccc1N2CCN1CCCC1,,,,0.0,0.5733608,0.58396065,0.44354331,0.2711644
CN(C(=O)Cc1cccc2occc12)[C@H]1CC[C@@]2(CCCO2)C[C@@H]1N1CCCC1,,,,0.0,0.55113417,0.54391086,0.4545723,0.22133395
CCOC(=O)CC(O)(CC(=O)OCC)C(=O)OCC,,,,0.0,0.5315519,0.5028088,0.4487015,0.17726411
CCOCCO,,,,0.0,0.5225176,0.5041136,0.46444526,0.34402907
O=C(COCCOCCOCC(=O)Nc1c(I)cc(I)c(C(=O)O)c1I)Nc1c(I)cc(I)c(C(=O)O)c1I,,,,0.0,0.5398916,0.4883304,0.460576,0.33252394
C[N+]1(CC2COC(c3ccccc3)(c3ccccc3)O2)CCCCC1,,,,0.0,0.57151675,0.5502301,0.44139984,0.18611613
O=P(O)(O)C(O)(Cc1cnc2ccccn12)P(=O)(O)O,,,,0.0,0.565707,0.5449979,0.42812005,0.16901347
CC=C(Cl)Cl,,,,0.0,0.5236189,0.50779355,0.46495426,0.34511182
CC(C)(C)C(O)(CCc1ccc(Cl)cc1)Cn1cncn1,,,,0.0,0.57016426,0.5418124,0.42807424,0.113412805
CC=CC=O,,,,0.0,0.51463455,0.5063534,0.47525078,0.3629193
O=C([O-])P(=O)([O-])[O-],,,,0.0,0.50223625,0.49913272,0.48499274,0.36302596
CN(C)CCOCCN(C)C,,,,0.0,0.52794003,0.5150974,0.4670193,0.35973728
O=C(Oc1cccc2cccnc12)c1ccccc1,,,,0.0,0.54221433,0.5281893,0.44730797,0.23298863
C1CCC(SSC2CCCCC2)CC1,,,,0.0,0.53106797,0.52911,0.47402737,0.33630458
CCCCCCCCCC(C)C=O,,,,0.0,0.5359701,0.50376517,0.45513555,0.29416487
CCCCCCCCCCCCCCCC[N+](C)(C)CC,,,,0.0,0.5437199,0.5184364,0.4548886,0.22008042
CN1CCN(C2=Nc3cc(Cl)ccc3Nc3ccccc32)CC1,,,,0.0,0.6040724,0.59633064,0.42119402,0.17641471
CC(=O)NCCCCCC(=O)O,,,,0.0,0.49965048,0.48933426,0.4847417,0.39153978
COc1cccc2c1[C@@H]1CN(CCCCn3c(=O)[nH]c4c(sc5ncc(-c6ccccc6)nc54)c3=O)C[C@@H]1CO2,,,,0.0,0.6099419,0.539024,0.41162792,0.13594773
C[C@@H]1[C@@H]2Cc3ccc(O)cc3[C@@]1(C)CCN2CC1CC1,,,,0.0,0.48539275,0.50768113,0.51424193,0.6150581
CC(C)(C)OC=O,,,,0.0,0.5229448,0.50734115,0.46624038,0.29295957
CCC(C)(C)OC,,,,0.0,0.5221001,0.5060494,0.46398923,0.25527823
C1C2OC2C2C1C1CC2C2OC12,,,,0.0,0.49398738,0.5017248,0.5062032,0.51970994
O=S(=O)([O-])O.[Na+],,,,0.0,0.52489376,0.513119,0.45986393,0.25162607
N#C[N-]C#N,,,,0.0,0.4822385,0.5126504,0.49780244,0.4876723
COCCOC(=O)C1=C(C)NC(C)=C(C(=O)OC/C=C/c2ccccc2)C1c1cccc([N+](=O)[O-])c1,,,,0.0,0.5678818,0.49575448,0.4528424,0.17944323
FC(F)(F)c1cccc(C2=CCN(CCc3ccc4ccccc4c3)CC2)c1,,,,0.0,0.5745287,0.5754491,0.4446079,0.16982642
O=C(NNCNNC(=O)c1ccncc1)c1ccncc1,,,,0.0,0.5328393,0.5032717,0.45744804,0.21828555
O=C([O-])[C@H](CC(=O)N1C[C@H]2CCCC[C@H]2C1)Cc1ccccc1.O=C([O-])[C@H](CC(=O)N1C[C@H]2CCCC[C@H]2C1)Cc1ccccc1,,,,0.0,0.5438694,0.49836043,0.45147502,0.18801378
COC(=O)/C=C\C(=O)OC,,,,0.0,0.5074682,0.49202073,0.47911784,0.34244767
Cc1cc(SCc2sc(-c3ccc(C(F)(F)F)c(F)c3)nc2C)ccc1OCC(=O)O,,,,0.0,0.56947815,0.51498383,0.42791647,0.16720727
c1ccc(CCCc2ccncc2)cc1,,,,0.0,0.5632538,0.5546647,0.4515992,0.24020147
CC(=O)Oc1ccc(C2(c3ccc(OC(C)=O)cc3)Oc3ccccc3NC2=O)cc1,,,,0.0,0.5341043,0.5151017,0.47338694,0.32206833
C=C[Si](OC)(OC)OC,,,,0.0,0.53103626,0.49987677,0.45557725,0.25859168
O=C(O)CCc1nc(-c2ccccc2)c(-c2ccccc2)o1,,,,0.0,0.5485858,0.527817,0.44522676,0.18864961
CN1C[C@H](CNC(=O)OCc2ccccc2)C[C@@H]2c3cccc4c3c(cn4C)C[C@H]21,,,,0.0,0.48338354,0.4442327,0.53993046,0.60295284
OCCO,,,,0.0,0.5159923,0.5028258,0.47024983,0.3885939
CCN(N=O)C(N)=O,,,,0.0,0.5155606,0.4877506,0.46643034,0.25621933
CC(CO)(CO)C(=O)O,,,,0.0,0.49878427,0.48379833,0.47194952,0.29405972
CC(C)C[C@@H]1NC(=O)[C@H](CCCN)NC(=O)[C@H](C(C)C)NC(=O)[C@@H]2CCCN2C(=O)[C@@H](Cc2ccccc2)NC(=O)[C@H](CC(C)C)NC(=O)[C@H](CCCN)NC(=O)[C@H](C(C)C)NC(=O)[C@@H]2CCCN2C(=O)[C@@H](Cc2ccccc2)NC1=O,,,,0.0,0.52651197,0.50925034,0.48114285,0.33057413
Fc1ccc(C2(Cn3cncn3)OC2c2ccccc2Cl)cc1,,,,0.0,0.5960743,0.56138426,0.43007836,0.14253652
O[C@H](CBr)[C@@H](O)[C@H](O)[C@H](O)CBr,,,,0.0,0.5116773,0.47326154,0.47344124,0.43229008
CCOCCn1c(N2CCCN(C)CC2)nc2ccccc21,,,,0.0,0.55074245,0.53422755,0.46517232,0.37076104
CCCCC/C=C\CCC(=O)N[C@H]1[C@H](Oc2c3cc4cc2Oc2ccc(cc2Cl)[C@@H](O[C@@H]2O[C@H](CO)[C@@H](O)[C@H](O)[C@H]2NC(C)=O)[C@@H]2NC(=O)[C@H](NC(=O)[C@@H]4NC(=O)[C@H]4NC(=O)[C@@H](Cc5ccc(c(Cl)c5)O3)NC(=O)[C@@H](N)c3ccc(O)c(c3)Oc3cc(O)cc4c3)c3ccc(O)c(c3)-c3c(O[C@H]4O[C@H](CO)[C@@H](O)[C@H](O)[C@@H]4O)cc(O)cc3[C@H](C(=O)O)NC2=O)O[C@H](CO)[C@@H](O)[C@@H]1O,,,,0.0,0.5689703,0.39160338,0.4512774,0.12571742
CCCCCCCCN(C)CCCCCCCC,,,,0.0,0.54317206,0.5304436,0.45854712,0.29385144
O=C(O)c1cccc(/C=C2/C[C@H]3[C@H](C[C@@H](O)[C@@H]3/C=C/[C@@H](O)C3CCCCC3)O2)c1,,,,0.0,0.54053926,0.4541142,0.4808442,0.34799302
C=CC(=O)OCCOCCOCC,,,,0.0,0.534644,0.5129897,0.45445675,0.17665283
C=C(C)[C@H]1Cc2c(ccc3c2O[C@@H]2COc4cc(OC)c(OC)cc4[C@@H]2C3=O)O1,,,,0.0,0.48915118,0.4326445,0.5057498,0.506095
CCCCCC(N)=O,,,,0.0,0.52115107,0.50849736,0.4648483,0.25164732
CC(C)OC(=S)[S-],,,,0.0,0.5189629,0.512024,0.46368894,0.31404993
C[C@]12C/C(=C/O)C(=O)C[C@@H]1CC[C@@H]1[C@@H]2CC[C@@]2(C)[C@H]1CC[C@]2(C)O,,,,1.0,0.38607466,0.5155749,0.6357403,0.9160819
COC(=O)CCCCC(=O)O,,,,0.0,0.50482917,0.4757923,0.4738305,0.32843658
CCOC(=O)CC(=O)CCl,,,,0.0,0.5009507,0.4767487,0.47061664,0.25982785
NC(=O)c1cc[n+](CC2=C(C(=O)[O-])N3C(=O)[C@@H](NC(=O)[C@H](c4ccccc4)S(=O)(=O)[O-])[C@@H]3SC2)cc1,,,,0.0,0.54616714,0.43489653,0.44437587,0.15320559
CNC(=O)CSP(=S)(OC)OC,,,,0.0,0.50748235,0.46511614,0.47600806,0.31542063
CCCC(=O)OCCC(C)C,,,,0.0,0.5073759,0.48007727,0.46381202,0.31787765
O=[Se](O)O,,,,0.0,0.5090442,0.50130427,0.47888443,0.4493243
CCOS(=O)(=O)OCC,,,,0.0,0.51522267,0.5100108,0.4705745,0.32959786
C=CC(=O)CCCCC,,,,0.0,0.5257435,0.5070421,0.4638636,0.23389488
C=CC(C)(CCC=C(C)C)OC(=O)CC(C)C,,,,0.0,0.493302,0.45248127,0.46993643,0.22924705
CNC(C)=O,,,,0.0,0.4989613,0.49530965,0.48135278,0.3548693
Cc1ccc2c(c1)OCC(=O)CO2,,,,0.0,0.52864105,0.50990754,0.46471447,0.26730454
C[Si](NC1CCCCC1)(NC1CCCCC1)NC1CCCCC1,,,,0.0,0.52080125,0.5169256,0.47150904,0.34235713
C=CC(=O)NCOCC(C)C,,,,0.0,0.5028707,0.46785226,0.47907767,0.266117
CCOC(=O)N(C)N=O,,,,0.0,0.5024282,0.47073802,0.48077145,0.3435739
Oc1cc(O)c2c(c1)O[C@H](c1ccc(O)c(O)c1)[C@H](O)C2,,,,0.0,0.49743804,0.4919932,0.51804525,0.5479183
FC(F)(F)C(Cl)(Cl)Cl,,,,0.0,0.5285145,0.5289312,0.4651956,0.3445223
CCSCC,,,,0.0,0.51938885,0.51245916,0.46838987,0.3075568
CCC(C)C=O,,,,0.0,0.5110182,0.50328994,0.47067833,0.41646728
O=[N+]([O-])C(Cl)(Cl)Cl,,,,0.0,0.5147919,0.5088871,0.46814042,0.31511888
OCCCO,,,,0.0,0.5329148,0.5061308,0.45576113,0.31888193
NS(=O)(=O)Cc1noc2ccccc12,,,,0.0,0.534977,0.52218217,0.45563704,0.23477414
CNC1=Nc2ccc(Cl)cc2C(c2ccccc2)=[N+]([O-])C1,,,,0.0,0.57714635,0.56651664,0.43264621,0.12847595
O=C1Nc2ccc(Cl)cc2[C@@](C#CC2CC2)(C(F)(F)F)O1,,,,0.0,0.54144907,0.48142576,0.47996205,0.39291862
CCOC(=O)O[C@H](C)OC(=O)c1ccc2c(c1)cc(C(=O)NC1CCN(C(C)C)CC1)n2Cc1cc(-c2ccc(Cl)s2)on1,,,,0.0,0.55316395,0.47960928,0.43474868,0.24086057
O=C(O)CCCCCCCCCC(=O)O,,,,0.0,0.50507265,0.50324404,0.47661033,0.36738425
O=C1Cc2ccccc2N1c1c(Cl)cccc1Cl,,,,0.0,0.55617714,0.557273,0.44891542,0.26515588
COC(=O)C1=C(C)NC(C)=C(C(=O)O[C@@H]2CCCN(Cc3ccccc3)C2)[C@@H]1c1cccc([N+](=O)[O-])c1,,,,0.0,0.59978485,0.5501187,0.4230909,0.12073988
CC1(C)N=C(N)N=C(N)N1c1ccc(Cl)cc1,,,,0.0,0.52244383,0.5146487,0.46450546,0.27394572
CN1C(=O)CCS(=O)(=O)C1c1ccc(Cl)cc1,,,,0.0,0.53320795,0.5324342,0.4870712,0.36784866
ClC/C=C\CCl,,,,0.0,0.5315663,0.5118323,0.4629375,0.33559078
CC(C(=O)O)c1ccc(N2Cc3ccccc3C2=O)cc1,,,,0.0,0.5343538,0.49828973,0.45510697,0.28304952
O=S(=O)([O-])C(F)(F)C(F)(F)C(F)(F)C(F)(F)C(F)(F)C(F)(F)F,,,,0.0,0.5321872,0.5150978,0.44897848,0.24110943
ClCC(Br)CBr,,,,0.0,0.51650006,0.51240027,0.47522593,0.3177108
C=CC(C)(O)CCC=C(C)CCC=C(C)C,,,,0.0,0.5274187,0.4840226,0.45084676,0.17874347
CCCCCCCCCCCCOCCO,,,,0.0,0.5279008,0.49359107,0.4596427,0.26395056
IC(I)=C(I)I,,,,0.0,0.5129403,0.50203174,0.47396746,0.39739162
O=P([O-])([O-])OP(=O)([O-])[O-],,,,0.0,0.5213981,0.516128,0.46583688,0.33234295
CC(Cl)C(Cl)Cl,,,,0.0,0.5186391,0.52741665,0.4682952,0.37637022
CC(=O)OCC(C)OC(C)=O,,,,0.0,0.5074446,0.48778635,0.47220337,0.32204345
CC(/C=C/C=C(\C)C(=O)O[C@@H]1O[C@H](CO[C@@H]2O[C@H](CO)[C@@H](O)[C@H](O)[C@H]2O)[C@@H](O)[C@H](O)[C@H]1O)=C\C=C\C=C(C)\C=C\C=C(/C)C(=O)O[C@@H]1O[C@H](CO[C@@H]2O[C@H](CO)[C@@H](O)[C@H](O)[C@H]2O)[C@@H](O)[C@H](O)[C@H]1O,,,,0.0,0.52792764,0.44344676,0.44885504,0.19086103
C/C=C1\NC(=O)[C@H]2CSSCCC=C[C@H](CC(=O)N[C@H](C(C)C)C(=O)N2)OC(=O)[C@H](C(C)C)NC1=O,,,,0.0,0.5052301,0.45562932,0.4880648,0.4820634
CCS(=O)(=O)C(C)(C)S(=O)(=O)CC,,,,0.0,0.52272755,0.5128681,0.46541882,0.2635747
Cc1nc2c([nH]1)c(=O)n(C)c(=O)n2Cc1ccco1,,,,0.0,0.54717094,0.55251735,0.44225505,0.2688074
CCCCNCC,,,,0.0,0.5259718,0.51315284,0.4706925,0.29572186
CN1CCN2c3ncccc3Cc3ccccc3C2C1,,,,0.0,0.5769229,0.57136554,0.4373566,0.27047473
O=S([O-])CO,,,,0.0,0.5372947,0.5281727,0.4544735,0.27289194
CCc1cccc2c3c([nH]c12)C(CC)(CC(=O)O)OCC3,,,,0.0,0.4921199,0.50577617,0.49194774,0.5069869
CCCCCCCCCCCC[N+](C)(C)CC(=O)[O-],,,,0.0,0.5503075,0.51982254,0.45087603,0.14725748
O=C(OCCCCCCOC(=O)c1ccccc1)c1ccccc1,,,,0.0,0.5244698,0.5073513,0.47098905,0.25302902
NC(=O)N(O)[C@@H]1COc2cc(OCc3ccccc3)ccc21,,,,0.0,0.4941122,0.46520355,0.5159055,0.43283978
CCN(C(=O)c1cc(C)cc(OC[C@H](C)Nc2ccncc2)c1)C(C)C,,,,0.0,0.54196435,0.4721725,0.44529974,0.16231573
O=C(NCCCN1CCOCC1)c1ccc(Cl)cc1,,,,0.0,0.48614675,0.50038785,0.5087422,0.49331915
CNCCCC1c2ccccc2C=Cc2ccccc21,,,,0.0,0.5171133,0.5312604,0.5055253,0.46360418
CS(=O)(=O)Nc1cc2occ(NC=O)c(=O)c2cc1Oc1ccccc1,,,,0.0,0.5304105,0.5185587,0.46893105,0.3032419
CC(O)CO,,,,0.0,0.5276553,0.49718317,0.457028,0.3211936
BrCCCCBr,,,,0.0,0.52361745,0.51884025,0.4689386,0.39090794
CCCNCCC,,,,0.0,0.5274191,0.5199667,0.46353287,0.2899505
C[Si](C)(C)C,,,,0.0,0.51296407,0.51289713,0.47834924,0.39839113
Cc1c(NC(=O)c2cccnc2)c(=O)n(-c2ccccc2)n1C,,,,0.0,0.5114502,0.4995949,0.48708805,0.44231546
CCCCOC(=O)CCC(=O)OCCCC,,,,0.0,0.52104384,0.49508902,0.4621435,0.28391153
CC(C)N(C(=O)SCC(Cl)=C(Cl)Cl)C(C)C,,,,0.0,0.5115937,0.48761526,0.47599658,0.3893197
O=C1O[Pt]2(N[C@@H]3CCCC[C@H]3N2)OC1=O,,,,0.0,0.5499759,0.5303128,0.46156862,0.3173425
CCCCCCCCCOC(C)=O,,,,0.0,0.5143145,0.48760659,0.472213,0.25943676
NC(=O)NO,,,,0.0,0.51613957,0.50410336,0.46966797,0.33900958
CC(C)(C)c1ccc(CCOc2ncnc3ccccc23)cc1,,,,0.0,0.5554656,0.5275314,0.44604787,0.25668317
CO[C@@]12CC[C@@]3(C[C@@H]1[C@](C)(O)C(C)(C)C)[C@H]1Cc4ccc(O)c5c4[C@@]3(CCN1CC1CC1)[C@H]2O5,,,,0.0,0.5021045,0.49165156,0.5168787,0.5301234
CCC(C)(O)CCC=C(C)C,,,,0.0,0.5187876,0.47571942,0.46401274,0.21283679
CO[Si](CCCNCCC[Si](OC)(OC)OC)(OC)OC,,,,0.0,0.5309621,0.50825924,0.46421704,0.29800883
N#CNC(=N)N,,,,0.0,0.54102933,0.5270413,0.45287153,0.24583402
CCCCCCCCCCCC[N+](C)(C)CCCS(=O)(=O)[O-],,,,0.0,0.54503065,0.51205605,0.44673398,0.1844159
S=c1nccc[nH]1,,,,0.0,0.56240785,0.55595464,0.44019955,0.2319431
Cc1ncc([C@@H](CCCCCCc2ccc3c(n2)NCCC3)CC(=O)O)cn1,,,,0.0,0.53110313,0.4636606,0.46929306,0.32540488
CCOc1cccc(-n2cc(C(=O)N3CCN(c4cc(C(=O)[O-])c5ccccc5c4)CC3)nc2-c2ccc(C)cc2)c1,,,,0.0,0.5663255,0.53571445,0.41639942,0.08360864
CN(C)C(=O)NC1(c2ccccc2)CCN(CC[C@@]2(c3ccc(F)c(F)c3)CN(C(=O)c3ccccc3)CCO2)CC1,,,,0.0,0.5750332,0.5549985,0.43318194,0.14667805
Cl[Ni]Cl,,,,0.0,0.5186536,0.5173852,0.47119322,0.37131405
c1coc(-c2nc3ccccc3[nH]2)c1,,,,0.0,0.55461997,0.5400545,0.4469631,0.23587947
CCCCCCCCCCCCCC[P+](CCCCCC)(CCCCCC)CCCCCC,,,,0.0,0.54118794,0.5185913,0.45530948,0.2850119
CCC(C)N,,,,0.0,0.5187798,0.5139006,0.4645071,0.3381874
CCOc1ccccc1O[C@H](c1ccccc1)[C@H]1CNCCO1,,,,0.0,0.5615083,0.552587,0.45349392,0.26904708
CC(CO)(CO)CO,,,,0.0,0.50611085,0.48937157,0.47714278,0.36286297
N=C(N)NCC1COC2(CCCCC2)O1.N=C(N)NCC1COC2(CCCCC2)O1,,,,0.0,0.53241175,0.48491743,0.46154526,0.307329
O=[Bi]Cl,,,,0.0,0.513188,0.516519,0.47314322,0.40468517
CCCCCCCC/C=C\CCCCCCCCOCCO,,,,0.0,0.5328244,0.49378696,0.4563452,0.23767139
CC[C@H]1NC(=O)[C@@H](NC(=O)c2ncccc2O)C(C)OC(=O)[C@H](c2ccccc2)NC(=O)C2CC(=O)CCN2C(=O)[C@H](Cc2ccccc2)N(C)C(=O)[C@@H]2CCCN2C1=O,,,,0.0,0.53860986,0.47142255,0.47612497,0.22875738
CC[C@@H](N)CO,,,,0.0,0.535634,0.5011589,0.46152306,0.2853047
CC(O)CN(CC(C)O)CC(C)O,,,,0.0,0.52634126,0.4923374,0.45974952,0.34903136
C=CC(=O)OCC(C)O,,,,0.0,0.5253908,0.4937661,0.45681006,0.20135935
O=C(CCNNC(=O)c1ccncc1)NCc1ccccc1,,,,0.0,0.5305136,0.47451946,0.46437833,0.2964025
O=C(OCC(COC(=O)c1cccnc1)(COC(=O)c1cccnc1)COC(=O)c1cccnc1)c1cccnc1,,,,0.0,0.51646185,0.50183874,0.47411674,0.2845767
CCOC(=O)C1=C(COCCN)NC(C)=C(C(=O)OC)C1c1ccccc1Cl.O=S(=O)(O)c1ccccc1,,,,0.0,0.55051804,0.49800774,0.4420777,0.122043245
CCCCN(CCCC)C(=O)N(CCCC)CCCC,,,,0.0,0.5191138,0.51644385,0.47674617,0.29322287
CN[C@H]1C[C@@H](N)[C@H](O)[C@@H](O[C@@H]2O[C@H](CO)[C@H](O)[C@@H]3OC4(O[C@H]23)O[C@H](C(N)CO)[C@H](O)[C@H](O)[C@H]4O)[C@@H]1O,,,,0.0,0.5474993,0.4071301,0.4497785,0.17247073
Nc1nc(NC2CC2)c2ncn([C@@H]3C=C[C@@H](CO)C3)c2n1,,,,0.0,0.50827897,0.45726526,0.48720488,0.3649154
O=C1[C@H]2CCCC[C@H]2C(=O)N1CCCCN1CCN(c2nsc3ccccc23)CC1,,,,0.0,0.5451617,0.56599855,0.4934466,0.48672986
Cc1cc(C(C#N)c2ccc(Cl)cc2)c(Cl)cc1NC(=O)c1cc(I)cc(I)c1O,,,,0.0,0.5559284,0.46327052,0.46243572,0.1854799
Cn1c(=O)cc(Oc2ccc(F)cc2F)c2cnc(NCC(C)(C)O)nc21,,,,0.0,0.5536149,0.5123105,0.43120125,0.16918959
CS(=O)(=O)c1ccc([C@@H](CC2CCCC2)C(=O)Nc2cnccn2)cc1Cl,,,,0.0,0.5373015,0.44895715,0.44654325,0.1858458
CCN(CC)N(O)N=O.CCNCC,,,,0.0,0.514522,0.48465022,0.46774313,0.27217242
O=C(O)[C@@H](O)[C@H](O)[C@H](O)[C@@H](O)C(=O)O,,,,0.0,0.50620013,0.484658,0.47529453,0.3639863
C[n+]1ccn(Cc2ccccc2)c1,,,,0.0,0.5486542,0.54464954,0.44449663,0.20270145
CCCC(=O)CC,,,,0.0,0.47873896,0.47649702,0.49758428,0.40649137
CC(C)C#N,,,,0.0,0.52007645,0.51625013,0.46953663,0.36004755
CCN(CC)c1cc(C)nc2ncnn12,,,,0.0,0.5358224,0.5105832,0.4538407,0.1828406
II,,,,0.0,0.50086105,0.50896454,0.48680228,0.4752116
CCCCC(CC)COC(=O)CS,,,,0.0,0.5166025,0.48412612,0.46510178,0.2568265
C=CC(=O)[O-],,,,0.0,0.49365306,0.47513613,0.49059606,0.38763574
O=C([O-])C(Cl)(Cl)Cl,,,,0.0,0.5083005,0.5059685,0.47723392,0.33453965
CCC(CO)(CO)[N+](=O)[O-],,,,0.0,0.5265278,0.50094193,0.45581946,0.21760483
CCC(CC)CO,,,,0.0,0.5187879,0.4943159,0.46857417,0.3413025
O=C(CCl)NCO,,,,0.0,0.5130734,0.4813458,0.47207105,0.30720338
NCCC[C@H](N)CC(=O)N[C@H]1CNC(=O)[C@H]([C@H]2C[C@H](O)N=C(N)N2)NC(=O)/C(=C/NC(N)=O)NC(=O)[C@H](CO)NC(=O)[C@H](CO)NC1=O,,,,0.0,0.5671314,0.45414495,0.44563526,0.1938494
O=C1NC(=O)[C@H]2[C@@H]1[C@@H]1C=C[C@H]2C1,,,,0.0,0.50279546,0.48806402,0.49201018,0.5181762
c1csc(SSc2cccs2)c1,,,,0.0,0.53399354,0.51714826,0.4645888,0.31852058
C=CC(C)(O)CCCC(C)CCCC(C)CCCC(C)C,,,,0.0,0.5441862,0.5167583,0.4360028,0.18338346
CCC/C=C/C=C/C(=O)O[C@H]1/C(=C/C(=O)OC)C[C@H]2C[C@H]([C@@H](C)O)OC(=O)C[C@H](O)C[C@@H]3C[C@H](OC(C)=O)C(C)(C)[C@](O)(C[C@@H]4C/C(=C/C(=O)OC)C[C@H](C=CC(C)(C)[C@]1(O)O2)O4)O3,,,,0.0,0.55483717,0.39627874,0.47011083,0.19008024
CC1C(=O)CC2C3(C)CCC2(C(C)C(=O)O)C(=O)C13,,,,0.0,0.44267574,0.4390417,0.5615774,0.7786504
NC1(c2ccc(-c3nc4ccn5c(=O)[nH]nc5c4cc3-c3ccccc3)cc2)CCC1,,,,0.0,0.60973424,0.53576285,0.4057797,0.10312553
COP(=O)(OC)C(O)C(Cl)(Cl)Cl,,,,0.0,0.53905654,0.5124828,0.45385906,0.21911933
C[C@@H]1CC=CC=CC=CC=C[C@H](O[C@@H]2O[C@H](C)[C@@H](O)[C@H](N)[C@@H]2O)C[C@@H]2O[C@](O)(C[C@@H](O)C[C@H]3O[C@@H]3C=CC(=O)O1)C[C@H](O)[C@H]2C(=O)O,,,,0.0,0.49185887,0.431593,0.5231822,0.5269583
O=P(c1ccccc1)(c1ccccc1)c1ccccc1,,,,0.0,0.52725357,0.52510655,0.47578546,0.3441051
CC(C)(C)NC(=O)[C@@H]1C[C@@H]2CCCC[C@@H]2CN1C[C@@H](O)[C@H](Cc1ccccc1)NC(=O)[C@H](CC(N)=O)NC(=O)c1ccc2ccccc2n1,,,,0.0,0.55964696,0.51361847,0.42481157,0.089645386
C[Si](C)=O,,,,0.0,0.49704608,0.5142186,0.49387878,0.47966018
CN(C)CCOCCN(C)CCO,,,,0.0,0.53925633,0.50462973,0.4525746,0.32363614
O=c1c(-c2ccccc2)c1-c1ccccc1,,,,0.0,0.51746696,0.5278982,0.4747964,0.3932186
C[C@H]1CNc2c(cccc2S(=O)(=O)N[C@@H](CCCNC(=N)N)C(=O)N2CC[C@@H](C)C[C@@H]2C(=O)O)C1,,,,0.0,0.56357676,0.5131667,0.44201452,0.29481873
CCO[Si](CC(C)C)(OCC)OCC,,,,0.0,0.54322356,0.5328917,0.4514517,0.22862475
CCCCCOC(=O)CCC,,,,0.0,0.5118352,0.48821798,0.47347623,0.29650024
c1cncc([C@@H]2CCCCN2)c1,,,,0.0,0.56500727,0.5471352,0.44101626,0.31662393
CCOC(=O)C(F)(F)F,,,,0.0,0.5291351,0.525357,0.4565768,0.24172902
O=C1CC2(CCCC2)CC(=O)N1CCNCC1COc2ccccc2O1,,,,0.0,0.54723376,0.53859633,0.47594735,0.34922507
CCCCCCC#N,,,,0.0,0.5502417,0.5323445,0.45194662,0.18665932
C=CC(=O)OCC(CC)CCCC,,,,0.0,0.53426045,0.5042672,0.4557278,0.163949
CCCCC(C=O)CC,,,,0.0,0.52782375,0.5030004,0.4629531,0.29020178
CCCC(O)C(CC)CO,,,,0.0,0.523638,0.49431112,0.4537431,0.29813495
C=C1c2cccc(O)c2C(=O)C2=C(O)[C@]3(O)C(=O)C(C(N)=O)=C(O)[C@@H](N(C)C)[C@@H]3[C@@H](O)[C@H]12,,,,0.0,0.55451494,0.46598455,0.4579993,0.321117
C/C=C(C)/C=C/C=C(C)C,,,,0.0,0.5357173,0.50326014,0.45827377,0.30224887
CCC[C@H](N[C@@H](C)C(=O)N1[C@H](C(=O)O)C[C@@H]2CCCC[C@@H]21)C(=O)OCC,,,,0.0,0.5410877,0.48848975,0.43915206,0.10939171
CNC(=O)O/N=C(\C)C(C)S(C)(=O)=O,,,,0.0,0.5127156,0.46655005,0.46092018,0.20808427
CCCCN(CCCC)C(=S)[S-].CCCCN(CCCC)C(=S)[S-].[Zn+2],,,,0.0,0.541067,0.5293349,0.460437,0.23904905
C[C@H]1CCCC(=O)CCCC=Cc2cc(O)cc(O)c2C(=O)O1,,,,0.0,0.46788886,0.48428184,0.56080616,0.66068166
CCCCCCCCCI,,,,0.0,0.53586185,0.52165234,0.46316576,0.30162036
CCCCCCCCCCCCI,,,,0.0,0.53586185,0.52165234,0.46316576,0.30162036
CC(=O)OCCC(C)C,,,,0.0,0.5118058,0.48439693,0.4650165,0.31349245
CCCCCCCCCCCCCCCCCC[N+](C)(C)C,,,,0.0,0.5401006,0.52118003,0.45624033,0.23662056
Clc1cccc(C(c2ccc3nc[nH]c3c2)n2ccnc2)c1,,,,0.0,0.58533543,0.5374277,0.4157466,0.16501452
C[C@H]1CC[C@]2(NC1)O[C@H]1C[C@H]3[C@@H]4CC[C@H]5C[C@@H](O[C@@H]6O[C@H](CO)[C@H](O[C@@H]7O[C@H](CO)[C@@H](O)[C@H](O[C@@H]8OC[C@@H](O)[C@H](O)[C@H]8O)[C@H]7O[C@@H]7O[C@H](CO)[C@@H](O)[C@H](O)[C@H]7O)[C@H](O)[C@H]6O)CC[C@]5(C)[C@H]4CC[C@]3(C)[C@H]1[C@@H]2C,,,,0.0,0.5441952,0.43776277,0.4708434,0.37431794
CCC(=O)N(c1ccccc1)C1(COC)CCN(CCn2nnn(CC)c2=O)CC1,,,,0.0,0.5463693,0.54388446,0.45646912,0.16396411
[SbH6+3],,,,0.0,0.5103892,0.5167574,0.47967476,0.4396839
CC1(C)S[C@@H]2[C@H](NC(=O)COc3ccccc3)C(=O)N2[C@H]1C(=O)[O-],,,,0.0,0.52137595,0.42973492,0.49442977,0.4086582
COc1ccc(/N=N/c2cc(C)c(/N=N/c3ccc(S(=O)(=O)[O-])cc3)cc2OC)cc1,,,,0.0,0.51254624,0.4701893,0.4864905,0.39628726
C[C@H]1C[C@H](C)C(=O)[C@H]([C@H](O)CC2CC(=O)NC(=O)C2)C1,,,,0.0,0.50972617,0.46184164,0.49885303,0.51191604
O=P(O)(O)O,,,,0.0,0.5020888,0.48923275,0.4846712,0.43913096
CC1CCc2c(N3CCC(O)CC3)c(F)cc3c(=O)c(C(=O)O)cn1c23,,,,0.0,0.44527015,0.44884413,0.57211435,0.7727993
CC[C@H]1OC(=O)[C@H](C)[C@@H](O[C@H]2C[C@@](C)(OC)[C@@H](O)[C@H](C)O2)[C@H](C)[C@@H](O[C@@H]2O[C@H](C)C[C@H](N(C)C)[C@H]2O)[C@](C)(O)C[C@@H](C)CN(C)[C@H](C)[C@@H](O)[C@]1(C)O,,,,0.0,0.46183783,0.39259937,0.5331727,0.61119115
CCCCCCOC(=O)CC(CC(=O)OCCCCCC)(OC(=O)CCC)C(=O)OCCCCCC,,,,0.0,0.51604885,0.49536535,0.4641783,0.19701163
CN(C[C@@H](CC[N+]12CCC(C3CCCCC3)(CC1)CC2)c1ccc(Cl)c(Cl)c1)C(=O)c1cc(C(F)(F)F)cc(C(F)(F)F)c1,,,,0.0,0.52947277,0.45069125,0.4888285,0.34545302
CCCOc1ccc(S(=O)(=O)N2CCN(CC)CC2)cc1-c1nc2c(CC)n(Cc3ccccn3)nc2c(=O)[nH]1,,,,0.0,0.6006196,0.55381304,0.41004184,0.14000736
C=CC(=O)OCCCC,,,,1.0,0.5335955,0.49841148,0.4562438,0.16987269
C=C(NC(=O)C(=C)NC(=O)c1csc(C2=NC3c4csc(n4)C4NC(=O)c5csc(n5)C(C(C)(O)C(C)O)NC(=O)C5CSC(=N5)/C(=C\C)NC(=O)C(C(C)O)NC(=O)c5csc(n5)C3(CC2)NC(=O)C(C)NC(=O)C(=C)NC(=O)C(C)NC(=O)C(C(C)CC)NC2C=Cc3c(C(C)O)cc(nc3C2O)C(=O)OC4C)n1)C(N)=O,,,,0.0,0.6009192,0.43160725,0.37557703,0.02460975
CCCCOc1ccc(OCCCN2CCOCC2)cc1,,,,0.0,0.5183217,0.51356155,0.49042523,0.40286604
CCC[N+](CCC)(CCC)CCC,,,,0.0,0.519605,0.51276094,0.47028512,0.3293205
O=C(OCCOCCOCCOC(=O)c1ccccc1)c1ccccc1,,,,0.0,0.5246952,0.50863034,0.47011125,0.24888538
O=C(C1CCCCC1)N1CC(=O)N2CCc3ccccc3C2C1,,,,0.0,0.55614275,0.54127103,0.46668476,0.35827073
CCCCCCCCCCCCCCCCCC(=O)O,,,,0.0,0.5111564,0.5035667,0.4742114,0.29563478
[Ni+2],,,,0.0,0.5099587,0.5134483,0.4794191,0.42637774
CN1CCCN=C1COC(=O)C(O)(c1ccccc1)C1CCCCC1,,,,0.0,0.57467484,0.5531484,0.4460423,0.117501676
Cc1ccc(N(CC2=NCCN2)c2cccc(O)c2)cc1,,,,0.0,0.5718305,0.5224014,0.4327366,0.10278474
CCOC(=O)CCCCCCCCC(=O)OCC,,,,0.0,0.5223531,0.50989884,0.45798126,0.24560444
CC(CN)CCCN,,,,0.0,0.53281367,0.51542616,0.46020836,0.34606802
O=[N+]([O-])O[Cd]O[N+](=O)[O-],,,,0.0,0.53341097,0.5140401,0.4582963,0.2678962
COC(=O)C1CC(=O)C(C(=O)OC)CC1=O,,,,0.0,0.49245727,0.47239223,0.488638,0.32358027
CCCCC(CC)COC(C)=O,,,,0.0,0.5146166,0.48404583,0.47122404,0.2769293
CCCCC(CC)COC(=O)CCCCCCCC(=O)OCC(CC)CCCC,,,,0.0,0.520354,0.49282843,0.45893437,0.24186713
C1CN(SSN2CCOCC2)CCO1,,,,0.0,0.53318655,0.51199824,0.468117,0.2632078
CC(CNC1CCCCC1)OC(=O)c1ccccc1,,,,0.0,0.5293749,0.50920355,0.46289697,0.23655237
Cc1cc(C)c(NC(=O)C[C@H](CC(=O)[O-])c2cccc3ccccc23)c(C(=O)N2CCC3(CCCC3)CC2)c1,,,,0.0,0.5491904,0.5133421,0.44769013,0.23895949
NC(=O)CC[C@@H](N)C(=O)O,,,,0.0,0.51276183,0.46593997,0.46569133,0.32312986
C=C(C)C(=O)OCCOCCOC(=O)C(=C)C,,,,0.0,0.51194364,0.48261094,0.47502467,0.32412437
CC(=O)OC(C)OC(C)=O,,,,0.0,0.5074924,0.5015252,0.47640404,0.3316585
C[Si]1(C)O[Si](C)(C)O[Si](C)(C)O[Si](C)(C)O[Si](C)(C)O1,,,,0.0,0.5236501,0.5143273,0.467786,0.32550892
NS(=O)(=O)[O-],,,,0.0,0.51194924,0.5122807,0.47149494,0.3484571
COCCl,,,,0.0,0.514907,0.51208156,0.46360746,0.3265914
CCOP(=S)(OCC)SCCl,,,,0.0,0.53276366,0.5337952,0.45315447,0.20909443
CC(C)=CCC/C(C)=C/COC=O,,,,0.0,0.5274614,0.47684696,0.45860088,0.22554013
CCCCCCCCCOC(=O)CCCCC(=O)OCCCCCCC,,,,0.0,0.51468545,0.49869984,0.46757475,0.26343536
CC1(C)CC(OC(=O)CCCCCCCCC(=O)OC2CC(C)(C)NC(C)(C)C2)CC(C)(C)N1,,,,0.0,0.5167428,0.50366265,0.47600666,0.36825716
Cc1c(N)nc([C@H](CC(N)=O)NC[C@H](N)C(N)=O)nc1C(=O)N[C@H](C(=O)N[C@H](C)[C@@H](O)[C@H](C)C(=O)N[C@H](C(=O)NCCc1nc(-c2nc(C(=O)NCCCCNC(=N)N)cs2)cs1)[C@@H](C)O)[C@@H](O[C@@H]1O[C@@H](CO)[C@@H](O)[C@H](O)[C@@H]1O[C@H]1O[C@H](CO)[C@@H](O)[C@H](OC(N)=O)[C@@H]1O)c1cnc[nH]1,,,,1.0,0.5548046,0.34657925,0.45703277,0.34285143
c1ccc2c(c1)CCNC2,,,,0.0,0.52796406,0.52281195,0.48326904,0.4233009
COC(C)COC(C)COC(C)CO,,,,0.0,0.5307126,0.504289,0.4442152,0.26778066
OCCN(CCO)CCN(CCO)CCO,,,,0.0,0.53045064,0.50514424,0.46176836,0.31598386
CC(O)[C@@H]1NC(=O)[C@H](CCCCN)NC(=O)[C@@H](Cc2c[nH]c3ccccc23)NC(=O)[C@H](Cc2ccccc2)NC(=O)[C@@H](NC(=O)[C@H](N)Cc2ccccc2)CSSC[C@@H](C(=O)N[C@H](CO)[C@@H](C)O)NC1=O,,,,0.0,0.5659736,0.436466,0.43191153,0.10005127
CCC(C)SSC(C)CC,,,,0.0,0.5208353,0.51430047,0.4636908,0.32957432
O=C(CCN1CC1)OCC(CO)(COC(=O)CCN1CC1)COC(=O)CCN1CC1,,,,0.0,0.50917655,0.48036993,0.47985235,0.37318397
O=CC(Br)(Br)Br,,,,0.0,0.53013843,0.5211707,0.46096277,0.3329899
CCCCCCCCCCCCCC(=O)O,,,,0.0,0.5111564,0.5035667,0.4742114,0.29563478
O=C(O)C(Br)(Br)Br,,,,0.0,0.5115912,0.5003669,0.476975,0.3737842
O=C(CS)OCCOC(=O)CS,,,,0.0,0.50175947,0.47991803,0.4764386,0.37074497
Nc1ccc(N=Nc2ccccc2)c(N)n1,,,,0.0,0.51117533,0.49346298,0.48643214,0.43865076
CCCCCCCCCCCC(=O)N(CCO)CCO,,,,0.0,0.5420728,0.52270144,0.4555004,0.2233646
C=Cc1c(C)c2cc3[nH]c(cc4nc(cc5[nH]c(cc1n2)c(C)c5CCC(=O)[O-])c(CCC(=O)[O-])c4C)c(C)c3C=C,,,,0.0,0.57668036,0.50793964,0.42288896,0.053886864
C=CC(C)(CCC=C(C)C)OC(C)=O,,,,0.0,0.49476635,0.4470271,0.47606716,0.27386916
OCC(CO)(CO)CO,,,,0.0,0.5202188,0.50654596,0.46271273,0.32859045
CCN(CC)C(=S)SSC(=S)N(CC)CC,,,,0.0,0.52868116,0.50766736,0.46023613,0.24929757
N#CCBr,,,,0.0,0.5175405,0.5063282,0.46745902,0.38317648
CN1[C@H]2CCC[C@@H]1C[C@H](NC(=O)c1nn(C)c3ccccc13)C2,,,,0.0,0.5384144,0.5332639,0.45625174,0.26707014
O=C(Cl)/C=C/C(=O)Cl,,,,0.0,0.49648932,0.48532918,0.4854849,0.43537167
CC(C[N+](C)(C)C)OC(N)=O,,,,0.0,0.518958,0.5081285,0.4650622,0.31015235
Cc1onc(-c2ccccc2Cl)c1C(=O)N[C@@H]1C(=O)N2[C@@H](C(=O)[O-])C(C)(C)S[C@H]12,,,,0.0,0.5464187,0.45650434,0.48564804,0.3889073
N#Cc1c[nH]cc1-c1cccc2c1OC(F)(F)O2,,,,0.0,0.55767804,0.5454992,0.45353603,0.28586072
CCCCC(F)(F)[C@@]1(O)CC[C@H]2[C@@H](CC(=O)[C@@H]2CCCCCCC(=O)O)O1,,,,0.0,0.5244881,0.4944235,0.49693084,0.41981807
CCOC(=O)CC([O-])C(=O)OCC,,,,0.0,0.52622974,0.50434357,0.45414934,0.19441268
C=CC(=O)OCC[N+](C)(C)C,,,,0.0,0.5278184,0.49495083,0.45655125,0.16125184
O[C@@H](c1cc(C(F)(F)F)nc2c(C(F)(F)F)cccc12)[C@H]1CCCCN1,,,,0.0,0.5712907,0.53300786,0.4229786,0.19878413
CS(=O)(=O)OCC(O)C(O)COS(C)(=O)=O,,,,0.0,0.5229462,0.49522159,0.4616463,0.3037141
O=C(NCO)NCO,,,,0.0,0.50332546,0.49252343,0.47818154,0.3550995
CC(=O)O[C@H]1CC[C@@]2(C)C(=CC[C@H]3[C@@H]4CC=C(c5cccnc5)[C@@]4(C)CC[C@@H]32)C1,,,,0.0,0.5257494,0.50735277,0.49949303,0.4367762
CO/N=C1\CN(c2nc3c(cc2F)c(=O)c(C(=O)O)cn3C2CC2)CC1CN,,,,0.0,0.5190679,0.43343574,0.48102066,0.35492557
C=CC/C=C/C,,,,0.0,0.52748686,0.505374,0.4607423,0.24932712
Fc1ccc([C@@H]2CCNC[C@H]2COc2ccc3c(c2)OCO3)cc1,,,,0.0,0.5552475,0.53612524,0.4689972,0.39633352
CC1=CC(=O)CC(C)(C)C1=O,,,,0.0,0.5146923,0.4864155,0.48015064,0.31624416
CCCCCCCCCCCCC(=O)O,,,,0.0,0.5111564,0.5035667,0.4742114,0.29563478
CCCCCCCC(=O)N(C)C,,,,0.0,0.5311725,0.5323896,0.4649195,0.28003025
COc1cc2nc(N3CCN(C(=O)C4CCCO4)CC3)nc(N)c2cc1OC,,,,0.0,0.54894614,0.49742147,0.4719481,0.37377498
CCCCCCCCCCCCCCCCCBr,,,,0.0,0.5315321,0.51466525,0.4663421,0.30705717
CCCSC(=O)Cl,,,,0.0,0.49869445,0.48079294,0.48945072,0.36707026
CNc1c2c(nn1C)CCCC2,,,,0.0,0.54148954,0.5336146,0.47385043,0.37313372
ClC=CCCl,,,,0.0,0.5352962,0.50659114,0.46377155,0.33007878
CC(C)C(=O)OCC(C)(C)C(OC(=O)C(C)C)C(C)C,,,,0.0,0.5149284,0.5087987,0.46387476,0.29742116
C[Si](C)(C)O[Si](O)(O)O,,,,0.0,0.5294584,0.5147969,0.4640605,0.34839505
C=C(C)C(=O)OCCOP(=O)(O)O,,,,0.0,0.5159259,0.4822883,0.4661047,0.2712576
O=CCCCC=O,,,,0.0,0.5319391,0.52108574,0.4657477,0.31159154
COC(C)(C)CCCC(C)C/C=C/C(C)=C/C(=O)OC(C)C,,,,0.0,0.5442401,0.48149213,0.45140222,0.122335605
CCN(C(C)=O)c1cccc(-c2ccnc3c(C#N)cnn23)c1,,,,0.0,0.5596152,0.5515197,0.44189903,0.1966548
C=CC(=O)NCOCCCC,,,,0.0,0.5090042,0.457926,0.4781741,0.24490581
CN1CCCC(CN2c3ccccc3Sc3ccccc32)C1,,,,0.0,0.5898182,0.595885,0.42931828,0.19020054
CCCCCCOC(=O)CCCCC,,,,0.0,0.51468545,0.49869984,0.46757475,0.26343536
CC=C(C)C(=O)OCCC(C)CCC=C(C)C,,,,0.0,0.5272143,0.47505167,0.45660552,0.20940703
C=C(C)C(=O)OCCC(F)(F)C(F)(F)C(F)(F)C(F)(F)C(F)(F)C(F)(F)F,,,,0.0,0.50892305,0.47624955,0.483568,0.41674447
C[C@@H](NCCCc1cccc(C(F)(F)F)c1)c1cccc2ccccc12,,,,0.0,0.60460865,0.5815423,0.41964725,0.10419708
CC(O)(P(=O)([O-])O)P(=O)([O-])O,,,,0.0,0.5390758,0.5235373,0.45327926,0.22852229
CC[C@H](C)[C@H]1O[C@]2(C=C[C@@H]1C)C[C@@H]1C[C@@H](CC=C(C)[C@@H](O[C@H]3C[C@H](OC)[C@@H](O[C@H]4C[C@H](OC)[C@@H]([NH2+]C)[C@H](C)O4)[C@H](C)O3)[C@@H](C)C=CC=C3CO[C@@H]4[C@H](O)C(C)=C[C@@H](C(=O)O1)[C@]34O)O2.O=C([O-])c1ccccc1,,,,0.0,0.49677175,0.40128255,0.4852308,0.14462255
O=C(Nc1ccc(/C=C/c2ccc(NC(=O)c3cc(S(=O)(=O)O)c4cccnc4c3O)cc2S(=O)(=O)O)c(S(=O)(=O)O)c1)c1cc(S(=O)(=O)O)c2cccnc2c1O,,,,0.0,0.52664274,0.4676597,0.4578954,0.22499867
CCOP(=S)(OCC)SCSC(C)(C)C,,,,0.0,0.53799844,0.5208321,0.4439139,0.16810699
O=C(O)/C=C\C(=O)O,,,,0.0,0.5094594,0.49439836,0.48319292,0.36068115
O=C1CCCCCCCCCCC(=O)OCCO1,,,,0.0,0.5155271,0.5005265,0.47771716,0.41682854
CN(C)CCCN(C)CCCN(C)C,,,,0.0,0.5431085,0.53522825,0.45661208,0.3408088
CN(C)CCO,,,,1.0,0.5326193,0.51681143,0.45981762,0.3141143
O=C(O)C(F)(F)C(F)(F)C(F)(F)C(F)(F)C(F)(F)C(F)(F)C(F)(F)F,,,,0.0,0.5173933,0.50396866,0.46711883,0.32126582
C=CC(C)=CCC=C(C)C,,,,0.0,0.53254175,0.5066138,0.45663214,0.25807005
C=CCOCC(CC)(CO)COCC=C,,,,0.0,0.533018,0.5019855,0.45029733,0.20588379
CCCN1CCC[C@@H]2Cc3n[nH]cc3C[C@H]21,,,,0.0,0.55002743,0.5260974,0.4479832,0.3212112
C=CC(=O)NC(C)(C)CC(C)=O,,,,0.0,0.5147036,0.4813707,0.46479753,0.2448649
O=C([O-])C(Cl)Cl,,,,0.0,0.50912106,0.48831904,0.4832877,0.41014153
CN1C(=O)CC(=O)N(c2ccccc2)c2cc(Cl)ccc21,,,,0.0,0.55015117,0.58495337,0.44763356,0.23430057
O=C1C[N+]([O-])=C(c2ccccc2)c2cc(Cl)ccc2N1,,,,0.0,0.5747074,0.5662464,0.43898764,0.21156542
O=C(/C=C/c1cccc(F)c1)NC1CC1,,,,0.0,0.5368208,0.49528593,0.45486572,0.30873665
Cc1cccc(C)c1NC(=O)CN1CCCC1,,,,0.0,0.54498583,0.5409405,0.44973883,0.27552095
S=C1NC=NC2N=CNC12,,,,0.0,0.532072,0.5424486,0.47638422,0.438421
CCCCCCCCCC(=O)OC,,,,0.0,0.5165535,0.48967296,0.4676604,0.26112264
OC/C=C/CO,,,,0.0,0.5269932,0.5154381,0.4584049,0.30366564
Cc1cccc(Nc2cc(Cl)nc(SCC(=O)O)n2)c1C,,,,0.0,0.5793023,0.5331031,0.4170711,0.08817896
CCCCCCCCCCCCCC,,,,0.0,0.5288851,0.52101296,0.46609887,0.31449342
CCCCCCCCCCCCC,,,,0.0,0.5288851,0.52101296,0.46609887,0.31449342
CCCCCCCCCCCCCCC,,,,0.0,0.5288851,0.52101296,0.46609887,0.31449342
O=C1CN(N=Cc2ccc(-c3ccc([N+](=O)[O-])cc3)o2)C(=O)[N-]1,,,,0.0,0.53832304,0.514059,0.44597358,0.22063778
FC(F)OC(F)(F)C(F)Cl,,,,0.0,0.5270458,0.49641082,0.46328568,0.3390291
