user_id,treatment,estimated_cate
U0000000,1,2.1159849234482024
U0000001,1,5.1339930539977185
U0000002,1,2.072344298122104
U0000003,1,3.136341524057297
U0000004,1,0.07317104943052044
U0000005,0,0.9298549799605382
U0000006,0,1.5791704144274377
U0000007,0,1.1813652316745298
U0000008,1,5.7488153046630295
U0000009,1,3.362214853901552
U0000010,1,-0.6246531759712521
U0000011,0,1.5636243696752778
U0000012,0,1.7127112345007163
U0000013,1,-0.07689963766949859
U0000014,0,3.030809202148138
U0000015,0,4.35166581501943
U0000016,0,2.5022007657102243
U0000017,1,-0.45616790266197427
U0000018,0,1.1892256168669562
U0000019,0,1.350959007679137
U0000020,0,1.9303708654963074
U0000021,0,5.683993058811234
U0000022,1,5.4284707523872715
U0000023,1,1.639400408818652
U0000024,0,2.884929943728853
U0000025,0,4.034428221186349
U0000026,0,1.761118414533133
U0000027,1,2.581664101613974
U0000028,1,1.581061525011842
U0000029,1,2.9406958285928013
U0000030,1,2.7340072094216676
U0000031,0,3.426577155439759
U0000032,1,1.2490434951800147
U0000033,0,2.3940790510269245
U0000034,0,4.07487435311859
U0000035,1,4.92836186019856
U0000036,1,4.923095094744518
U0000037,1,-0.6164953143232452
U0000038,1,1.487079601861275
U0000039,0,4.482967492998823
U0000040,0,2.767086400211575
U0000041,0,2.541946527123738
U0000042,0,0.8028480209131299
U0000043,1,3.9431838070211143
U0000044,0,-0.26392365989930155
U0000045,0,2.093713566393756
U0000046,1,1.2280028433237717
U0000047,0,5.594598236248125
U0000048,0,2.684284415648156
U0000049,1,3.5223942111459543
U0000050,1,1.4730333129552182
U0000051,1,3.060818323271498
U0000052,1,3.9722056152979075
U0000053,1,3.849451244308497
U0000054,0,3.5601034650143575
U0000055,0,3.8469857949162964
U0000056,1,2.092780493274933
U0000057,1,2.7049639165582704
U0000058,1,6.332835293925154
U0000059,1,2.704308079577828
U0000060,0,2.239338745858376
U0000061,0,4.7863307863867135
U0000062,0,2.2545673811437847
U0000063,0,0.7830192702942238
U0000064,1,5.09140792168645
U0000065,1,2.818987341159346
U0000066,0,2.8568689666055143
U0000067,0,3.9446758416843952
U0000068,0,5.48224675032529
U0000069,0,2.0016670372213454
U0000070,0,4.655416697116991
U0000071,0,3.104108106061755
U0000072,1,0.7015882229976889
U0000073,0,2.99764363874354
U0000074,1,3.0373380847381615
U0000075,1,1.7786209128856534
U0000076,1,1.8127600105546655
U0000077,1,4.223185290295266
U0000078,1,1.2837392121904188
U0000079,1,1.5837953830412523
U0000080,1,3.7221118764013603
U0000081,0,4.519726741631697
U0000082,0,2.9225820234486033
U0000083,1,2.6527197478936557
U0000084,0,3.3255604927304603
U0000085,0,3.56771127643845
U0000086,1,4.905108800917201
U0000087,1,2.2851721009325576
U0000088,1,3.9644273374520935
U0000089,1,2.124493419482505
U0000090,0,3.6157053970970434
U0000091,1,7.15569708319018
U0000092,0,3.0692830782761433
U0000093,1,6.565582793555233
U0000094,0,3.230080749730721
U0000095,0,4.338170657044209
U0000096,1,2.4419463876968237
U0000097,0,0.16023548465153326
U0000098,0,2.4821118354151395
U0000099,1,0.3697464839715252
U0000100,1,2.937199384166856
U0000101,0,1.42482685956203
U0000102,1,3.846059419057376
U0000103,1,3.9595888615226897
U0000104,1,3.5520770203594445
U0000105,1,3.778511684012246
U0000106,0,3.9178129108339554
U0000107,1,-0.0215409914122624
U0000108,1,3.123619325515108
U0000109,1,5.518883877237419
U0000110,0,2.0844896965336126
U0000111,1,1.3708693356296102
U0000112,0,0.2949743717242761
U0000113,0,2.4701055105266825
U0000114,0,3.919697462467578
U0000115,1,5.596404136957206
U0000116,1,1.8784155150558242
U0000117,1,2.566209645469856
U0000118,0,3.0453668895765134
U0000119,0,1.221212141472936
U0000120,0,-0.44389175649088486
U0000121,1,3.831850169089101
U0000122,1,3.132762389569727
U0000123,1,4.730641282011682
U0000124,1,3.134134531368595
U0000125,0,0.0765615595371365
U0000126,0,1.7791529559662678
U0000127,1,2.300635153643409
U0000128,0,2.283770720214598
U0000129,0,2.3390509483467987
U0000130,1,4.287038217843037
U0000131,0,4.025468723334967
U0000132,0,3.844724421658295
U0000133,1,3.4566679610118776
U0000134,0,0.21901103486350948
U0000135,0,1.8616104835323135
U0000136,0,1.0005212294756944
U0000137,1,0.6356091218228386
U0000138,0,1.7051808091270608
U0000139,0,1.1788796017940903
U0000140,0,1.3950819967079262
U0000141,1,3.479300967027349
U0000142,0,4.311382021954582
U0000143,1,3.21124905361582
U0000144,0,4.057534382944885
U0000145,1,4.022719190889159
U0000146,1,3.3371021483443357
U0000147,0,4.355897116611114
U0000148,0,3.6255896013301747
U0000149,1,0.7429066717379733
U0000150,0,2.235555269174169
U0000151,1,3.1536133671767566
U0000152,0,4.791859460876029
U0000153,1,-0.1660178028403756
U0000154,0,0.7330667335306718
U0000155,0,2.5939369881408822
U0000156,1,4.896207791187937
U0000157,0,2.965336609486041
U0000158,1,3.543661585230776
U0000159,1,7.484204292048929
U0000160,1,3.008217178013391
U0000161,1,2.6933709792253566
U0000162,0,1.5898249187914892
U0000163,0,0.9727803726103055
U0000164,0,4.41428916060827
U0000165,0,0.7344203187971381
U0000166,1,1.5533978756158895
U0000167,1,4.4434723737785
U0000168,0,1.2022578339947323
U0000169,1,3.62842287037698
U0000170,1,2.498504336747107
U0000171,0,0.7293015438528272
U0000172,1,2.0984575229833364
U0000173,0,2.8143515904070995
U0000174,0,4.694192889687464
U0000175,1,3.22633673985203
U0000176,0,3.3675518861708262
U0000177,0,1.3033851197217956
U0000178,1,0.9121404667991708
U0000179,1,1.3937491340601866
U0000180,1,-0.18959457514185019
U0000181,0,2.497505906816592
U0000182,1,2.7929999079712644
U0000183,0,4.164812642583556
U0000184,0,2.8414072133085533
U0000185,0,3.406305946011271
U0000186,1,4.968214481416894
U0000187,1,1.4354292244656257
U0000188,1,3.5131793770338433
U0000189,1,3.1950990685739127
U0000190,0,0.8094360409967258
U0000191,1,1.1931844160801504
U0000192,1,3.039115123313156
U0000193,0,1.2090213742757765
U0000194,0,5.465535204440208
U0000195,1,4.114163424034292
U0000196,0,2.433340569575961
U0000197,1,3.308112704186497
U0000198,0,4.197676759474001
U0000199,0,2.192992135232288
U0000200,1,4.298415090430261
U0000201,1,0.7038668781694142
U0000202,0,1.0503153207699008
U0000203,1,2.0250260804326032
U0000204,1,6.853531517275664
U0000205,1,0.5046285768041443
U0000206,0,1.771729773598274
U0000207,1,0.16932420361608358
U0000208,0,3.1315140288476577
U0000209,1,4.464200496655563
U0000210,0,4.398103423242988
U0000211,0,1.7819413226327576
U0000212,1,4.396308936251973
U0000213,1,3.365041622164206
U0000214,0,2.9897274612237936
U0000215,1,3.425597667777982
U0000216,1,2.0028650181749725
U0000217,1,1.475779789595581
U0000218,0,2.9826572600454195
U0000219,1,1.374224608921395
U0000220,0,2.946671386164926
U0000221,0,4.406814810168498
U0000222,0,-0.11630508443546894
U0000223,1,2.2156620555035325
U0000224,0,2.886837641391079
U0000225,1,3.178053448046281
U0000226,0,0.7869207221327201
U0000227,1,1.793794034798907
U0000228,0,3.2719702931031875
U0000229,1,4.196316425930895
U0000230,0,2.664295347204643
U0000231,0,0.6772047768456897
U0000232,1,-1.1081568012350722
U0000233,1,2.336578172918152
U0000234,1,3.5262240761724755
U0000235,0,2.1583671093699692
U0000236,1,4.07317581718312
U0000237,0,3.8709178937199376
U0000238,0,2.1255994933292293
U0000239,0,-0.38543024414433624
U0000240,0,1.344960189760382
U0000241,0,2.6545758398804544
U0000242,0,2.681198814597753
U0000243,1,2.5611039603022316
U0000244,1,1.5772347309233332
U0000245,0,2.601100957632722
U0000246,1,2.5565083823740835
U0000247,1,3.0922172272445287
U0000248,0,3.8861437239327508
U0000249,1,4.15965273834934
U0000250,1,1.2830567827425696
U0000251,1,3.605336486720635
U0000252,0,3.3035870072026867
U0000253,0,-0.2027076134051704
U0000254,1,3.3952807486848062
U0000255,0,2.3933457503191065
U0000256,0,3.4911834313727326
U0000257,1,1.733508171525969
U0000258,1,0.6776256343422915
U0000259,0,3.841484075003134
U0000260,1,0.24246815593929583
U0000261,0,0.5971102824067387
U0000262,1,1.4395344817284972
U0000263,0,3.570973645227162
U0000264,1,2.1844157157385347
U0000265,0,1.336682530242772
U0000266,0,-0.010975908569589521
U0000267,0,0.11685243593680994
U0000268,1,4.037290672254649
U0000269,1,2.1991522835324524
U0000270,1,4.692791611457931
U0000271,0,3.4093053127168886
U0000272,0,2.8680191147395746
U0000273,1,4.653463308971986
U0000274,1,4.145348903996236
U0000275,1,2.828922141282476
U0000276,0,3.94812526719204
U0000277,0,3.959189410458194
U0000278,0,2.1943656241464886
U0000279,1,3.9511151434376757
U0000280,0,2.7124830148307773
U0000281,1,2.137037975985818
U0000282,0,2.857868036357363
U0000283,0,2.5661946580942416
U0000284,0,3.1607797987778454
U0000285,1,2.290337023874004
U0000286,0,2.4248080054407595
U0000287,1,2.4440253908480187
U0000288,0,2.7157126517422796
U0000289,1,4.4848944224681215
U0000290,1,3.825915546844982
U0000291,1,1.1914484485341994
U0000292,1,-2.3076411531987375
U0000293,0,1.6010636264347582
U0000294,0,3.5219149628404196
U0000295,0,2.1452800285705678
U0000296,1,2.390027235628782
U0000297,0,0.3645566561982889
U0000298,1,2.5964612839096866
U0000299,1,2.256342200135668
U0000300,0,1.7238196757925657
U0000301,0,4.9938769988576475
U0000302,1,1.691666268976375
U0000303,0,-1.7170291495242438
U0000304,0,2.0400512533300326
U0000305,1,1.3417993270332182
U0000306,0,2.6065012216965986
U0000307,0,4.555177225509844
U0000308,0,1.3318405358381256
U0000309,0,-0.38779013236081283
U0000310,1,2.808931325285254
U0000311,0,0.28097381380874964
U0000312,1,1.9900928375387181
U0000313,0,1.7451325446608426
U0000314,1,4.335673600753017
U0000315,1,3.1802073496872296
U0000316,0,3.967680562587976
U0000317,1,4.0468337447559275
U0000318,0,4.61497221699114
U0000319,0,3.912769854112902
U0000320,1,4.3262030450883895
U0000321,1,6.193051134213068
U0000322,1,4.450077232059392
U0000323,1,4.628322731622909
U0000324,0,3.3225542717704855
U0000325,1,1.4713590968537993
U0000326,1,3.7213904814680703
U0000327,1,1.2105621725158784
U0000328,0,1.570099842978319
U0000329,1,3.961055474480167
U0000330,1,3.6362037930127222
U0000331,1,4.343441893908587
U0000332,0,4.1666613285434
U0000333,1,2.5062454693419394
U0000334,1,2.4808171931513296
U0000335,1,2.786147507931503
U0000336,1,2.0942306944342155
U0000337,1,3.8512593453969224
U0000338,0,0.6495760811991733
U0000339,1,-3.0667127295804484
U0000340,0,1.5081261421130119
U0000341,1,1.8304319674814913
U0000342,0,3.9490710352237848
U0000343,1,2.9146206248058437
U0000344,1,3.33821530759257
U0000345,1,2.6844205255686866
U0000346,0,1.5090477350271705
U0000347,1,2.994188720718398
U0000348,1,1.9050515319039931
U0000349,1,3.9086862645436007
U0000350,1,1.1963854454119467
U0000351,0,1.925760075675882
U0000352,0,4.612538919330214
U0000353,1,6.344726848165303
U0000354,0,5.078678253384382
U0000355,1,3.6832130306544784
U0000356,0,2.793861600616033
U0000357,1,0.41114943667080084
U0000358,1,2.0049441798616385
U0000359,0,2.7407413745837133
U0000360,1,4.977674202837434
U0000361,0,2.0439084886580794
U0000362,1,5.113456527970257
U0000363,1,1.298578884173665
U0000364,1,1.7805971764656157
U0000365,1,2.7659484587291967
U0000366,0,3.991670992754205
U0000367,0,1.0586136033746012
U0000368,0,2.6350676391863708
U0000369,1,2.1909363163938984
U0000370,0,1.7949038679239742
U0000371,0,3.6565711567731345
U0000372,1,2.1777642445665517
U0000373,1,3.7674249465380925
U0000374,1,3.1287387716449615
U0000375,0,4.618421675055128
U0000376,0,-0.8308946975709866
U0000377,0,-0.5668323986810968
U0000378,1,0.8557504944384924
U0000379,0,2.4657138563431786
U0000380,0,1.9435444223463385
U0000381,0,5.101026280734828
U0000382,0,1.9041916279182995
U0000383,1,1.0192456112394694
U0000384,0,3.9940277028713496
U0000385,0,2.1857309092850805
U0000386,0,3.9484573018538462
U0000387,0,4.170378260288757
U0000388,0,1.6722054350559663
U0000389,0,2.521179841969463
U0000390,1,0.5019608802130335
U0000391,0,3.34347359332639
U0000392,0,3.8727976112984432
U0000393,0,3.8247824646227997
U0000394,0,2.752317991518513
U0000395,0,4.817578033205326
U0000396,0,0.1830422403300176
U0000397,0,2.4401944067559125
U0000398,0,2.972701592679904
U0000399,0,2.0867352149788623
U0000400,0,4.9278258497688725
U0000401,0,1.803735852296672
U0000402,1,2.9619715884054294
U0000403,1,3.412173200955376
U0000404,0,0.6898484025849108
U0000405,1,7.341940875720486
U0000406,1,1.0725204368644725
U0000407,0,2.9124049509548833
U0000408,0,0.00363114462001235
U0000409,1,1.000655948456206
U0000410,0,0.7671323078401251
U0000411,0,0.6702219477631672
U0000412,1,3.525340565585429
U0000413,1,3.1279050498956007
U0000414,0,3.1997471619132654
U0000415,0,1.7201638491483688
U0000416,0,2.319406720787825
U0000417,0,1.636429631300448
U0000418,1,4.551908825346109
U0000419,1,2.8911957702698423
U0000420,1,1.9467334934943015
U0000421,0,3.5638486829878673
U0000422,0,2.463151979132375
U0000423,0,2.579285569364206
U0000424,0,-1.660186242761025
U0000425,0,1.7768368671646115
U0000426,1,2.2113647051196406
U0000427,0,2.733541298571474
U0000428,1,4.839370177835175
U0000429,0,3.4257811864922694
U0000430,1,3.037440756678178
U0000431,1,4.538386467797626
U0000432,1,3.4946413257367084
U0000433,1,-1.7313565551281478
U0000434,0,1.6218696079471187
U0000435,1,2.0801381532849685
U0000436,1,2.972338320539274
U0000437,1,1.2306951587622947
U0000438,1,4.995099134941263
U0000439,0,-0.09707189581209974
U0000440,0,2.1447243613865314
U0000441,1,-1.4393920542876657
U0000442,1,0.683475780576444
U0000443,1,2.1382246083572625
U0000444,1,2.7622783888864966
U0000445,0,0.593625864883478
U0000446,0,2.533998685135078
U0000447,0,2.8079288843726182
U0000448,0,1.5411255594762547
U0000449,1,4.906029296477696
U0000450,0,4.307009091212773
U0000451,1,4.734565663895928
U0000452,0,3.352576228509271
U0000453,1,2.2538918757366098
U0000454,1,2.0020616748534916
U0000455,1,-1.3731047709767452
U0000456,1,4.716385148410179
U0000457,1,3.6774283393330194
U0000458,1,0.9762439994868082
U0000459,0,2.413104639160764
U0000460,1,4.380397135326337
U0000461,0,2.410333741785095
U0000462,0,3.111045222661943
U0000463,0,4.056573260884228
U0000464,0,3.329563377347938
U0000465,1,0.3443705535654047
U0000466,0,2.9290987985039756
U0000467,1,0.18159354257875293
U0000468,1,3.6602371076419082
U0000469,1,0.3722806797883429
U0000470,0,7.541546908624216
U0000471,1,0.7238453591317278
U0000472,1,1.9197009355293488
U0000473,0,6.400258638266266
U0000474,1,2.3757827682883814
U0000475,1,2.393110199801736
U0000476,0,2.885385683484566
U0000477,1,1.784590399910769
U0000478,1,1.3883230692430182
U0000479,0,2.573241072132717
U0000480,1,1.7409562478503826
U0000481,0,1.8013046505563572
U0000482,1,4.832002865530903
U0000483,0,1.228119832242804
U0000484,1,1.847756381835918
U0000485,1,10.058334034464501
U0000486,1,1.4631172154545133
U0000487,1,2.678358913487987
U0000488,1,2.9541693531868205
U0000489,0,4.642696157700289
U0000490,1,3.526103562336223
U0000491,0,1.1762047602309558
U0000492,1,3.327740092344275
U0000493,1,1.9408939203573468
U0000494,1,2.490763069747377
U0000495,1,0.4487397156017856
U0000496,0,-0.6257896727749639
U0000497,0,2.9101480079458835
U0000498,1,2.4286711345131984
U0000499,1,5.2273963115316775
U0000500,1,3.715001689176068
U0000501,0,0.6051385679207755
U0000502,1,5.460140805230388
U0000503,0,2.9219017957553053
U0000504,0,3.3242619176717607
U0000505,0,2.3198064371752807
U0000506,0,1.5644678174951618
U0000507,0,4.815186701951564
U0000508,0,2.752277615142731
U0000509,1,2.7932471642572807
U0000510,0,3.952705702096466
U0000511,0,3.4621055479908662
U0000512,0,2.7521612622963794
U0000513,0,5.432963479803842
U0000514,1,3.502253615179704
U0000515,1,-1.6322334364600515
U0000516,1,1.9277832506556614
U0000517,1,3.7343011591194912
U0000518,1,1.9272286389130393
U0000519,0,2.8599120023737186
U0000520,1,1.7643576946962156
U0000521,1,2.6538544292949027
U0000522,0,-0.5740757969809422
U0000523,0,1.6503326512608414
U0000524,1,2.7793134159835944
U0000525,0,0.8329078962580887
U0000526,0,2.1816941535863315
U0000527,1,3.244366614229989
U0000528,1,-1.2546210256041164
U0000529,0,4.348754765981546
U0000530,0,4.408033205490568
U0000531,1,4.035041536545048
U0000532,0,1.8193834691032507
U0000533,0,3.306667769771222
U0000534,1,3.1122117778762863
U0000535,1,2.002042240357598
U0000536,1,3.096991677663416
U0000537,1,2.0358091616221365
U0000538,0,3.295488027378191
U0000539,0,1.6549150969567634
U0000540,1,3.813319528210606
U0000541,1,0.3450135785190831
U0000542,0,3.5517789261036086
U0000543,1,-2.7820004678217565
U0000544,0,2.190316220972951
U0000545,1,2.6967129309910423
U0000546,0,2.8366993949906565
U0000547,1,4.6773408884757615
U0000548,0,4.444323744002709
U0000549,1,4.299450159433858
U0000550,1,1.6892773538916508
U0000551,0,2.890108549484573
U0000552,0,2.6182969791582558
U0000553,0,0.4676955638019962
U0000554,1,1.0634284990156289
U0000555,0,0.7862132902569456
U0000556,1,3.3833451847292757
U0000557,1,4.800947065224712
U0000558,1,3.2257308647275345
U0000559,1,2.758145334904892
U0000560,1,0.8648706327973592
U0000561,0,3.1886438686386747
U0000562,1,3.9432859045804243
U0000563,0,0.8920376982776617
U0000564,0,0.36451156408480045
U0000565,1,2.7807637917441337
U0000566,1,1.3893865909790115
U0000567,1,3.590975282308225
U0000568,1,4.082712228104306
U0000569,1,2.808835926753275
U0000570,0,0.1074958177703067
U0000571,0,1.853463186420889
U0000572,0,2.1262308282436138
U0000573,1,2.5361185824440717
U0000574,1,1.4025747571250573
U0000575,1,3.128672604951035
U0000576,0,1.2181040113507322
U0000577,0,3.200767734477772
U0000578,0,0.4225453104894008
U0000579,0,3.214932509278288
U0000580,1,4.402475886545847
U0000581,1,1.6003115692038712
U0000582,1,3.29645121561234
U0000583,1,4.771067349175816
U0000584,0,1.518230496997127
U0000585,0,3.225150254309243
U0000586,1,-1.5044418728269058
U0000587,0,5.615432891752938
U0000588,1,1.074252794075882
U0000589,0,2.8977096376182363
U0000590,0,2.6249516662654138
U0000591,1,3.6372219791619997
U0000592,0,0.4166041375890952
U0000593,0,0.4859033827511947
U0000594,0,1.9653384948632002
U0000595,0,3.5278056906653923
U0000596,0,2.036932487564112
U0000597,0,2.1910800792322895
U0000598,1,2.1193900428543806
U0000599,1,1.6815900855626964
U0000600,1,3.5548804081429637
U0000601,1,0.30295868378588153
U0000602,0,1.6932141564439327
U0000603,1,1.3256958723273549
U0000604,1,3.045530537718122
U0000605,1,2.7284785228326847
U0000606,1,-1.8561966505967682
U0000607,0,4.000412480146645
U0000608,1,1.90443059131562
U0000609,1,2.1291079896424563
U0000610,1,1.2311092836923816
U0000611,1,3.5892639786949534
U0000612,0,2.3918569723514036
U0000613,1,2.2248955753540294
U0000614,1,5.333713284874452
U0000615,0,1.4325718115477457
U0000616,1,0.948277091882364
U0000617,0,4.1751003293786155
U0000618,0,2.805996656613475
U0000619,1,0.9400375085532158
U0000620,1,3.484030421862169
U0000621,1,3.19733530722241
U0000622,1,4.629384538487006
U0000623,0,7.722115436070666
U0000624,1,4.398825281410204
U0000625,1,1.7024322875271771
U0000626,1,2.24630555782187
U0000627,0,3.310579566786597
U0000628,0,3.184929559276469
U0000629,0,3.201814274440853
U0000630,1,3.4521996256586895
U0000631,0,0.8627789349527397
U0000632,0,1.0520357746675728
U0000633,0,-3.272515243163669
U0000634,0,4.292697498745685
U0000635,1,0.6160306553476502
U0000636,1,2.4327262695751166
U0000637,0,1.3688448893502212
U0000638,0,3.084564858784141
U0000639,0,5.443545658060653
U0000640,0,1.6934889380509617
U0000641,1,3.1498882783666318
U0000642,1,4.510345882743955
U0000643,1,2.9258589703624835
U0000644,0,1.1871206786182764
U0000645,1,0.4798326560676802
U0000646,1,2.011523869937566
U0000647,0,2.0165793336705278
U0000648,0,2.143538004986283
U0000649,0,3.9756334180522037
U0000650,0,1.2698048818488985
U0000651,1,3.5219282274599966
U0000652,0,3.819858579759128
U0000653,1,3.477576083626662
U0000654,1,2.3706608086000927
U0000655,0,1.351792850598244
U0000656,1,3.7970441869347127
U0000657,0,1.8310325619553751
U0000658,1,2.2810887664006927
U0000659,1,3.1363771927227404
U0000660,0,2.1991880890422255
U0000661,0,2.033010801864936
U0000662,0,5.081785665539449
U0000663,0,1.2379678107110959
U0000664,1,3.174100823356941
U0000665,0,3.2306057481609205
U0000666,1,4.480101290394128
U0000667,0,2.9436347567903347
U0000668,1,-0.7264332785528467
U0000669,0,3.37830146360859
U0000670,1,4.77242087668192
U0000671,1,1.4923816465468605
U0000672,1,3.1463846074475956
U0000673,1,5.1902599485106045
U0000674,0,3.375097709221688
U0000675,1,-0.4610402362429724
U0000676,1,2.8141375759979823
U0000677,0,3.7770529408576508
U0000678,1,3.9582680443455214
U0000679,1,-0.09502410031693209
U0000680,0,3.4532893931372186
U0000681,1,2.434780229004886
U0000682,1,2.5133959733664426
U0000683,0,3.3416644584367994
U0000684,0,1.29430222975218
U0000685,0,1.7852980468308743
U0000686,0,-1.299889341129024
U0000687,0,4.764379622757204
U0000688,0,2.797241052740265
U0000689,0,1.8400330022803661
U0000690,0,1.4078705683425454
U0000691,0,5.092981427829326
U0000692,0,4.183296880269015
U0000693,1,2.7398876062406057
U0000694,0,3.1033558338453453
U0000695,1,3.241910141670207
U0000696,1,4.613655766509055
U0000697,1,2.370276654507567
U0000698,0,2.7071243569116348
U0000699,1,2.741702004638327
U0000700,0,1.8678277441417421
U0000701,0,4.036359102859333
U0000702,0,1.4127419392228333
U0000703,0,2.041121641886706
U0000704,0,2.789924371568162
U0000705,0,3.0701246700735005
U0000706,0,3.564283497728713
U0000707,0,2.026687965923472
U0000708,1,0.7456449526541
U0000709,0,3.6058382810860614
U0000710,0,2.6918079168266456
U0000711,0,2.9153999844921046
U0000712,1,1.3183672762646008
U0000713,1,3.7059772336778884
U0000714,1,3.9072289148573454
U0000715,0,4.4888111582157935
U0000716,0,4.864992151318674
U0000717,1,1.8613379170880044
U0000718,0,3.533280759717023
U0000719,0,2.900708308481981
U0000720,1,1.916967007953163
U0000721,1,1.8184071799644261
U0000722,0,1.773506072792756
U0000723,1,2.9840573353106983
U0000724,1,3.5373979548943595
U0000725,0,1.25059018249571
U0000726,0,1.8392868956516537
U0000727,1,4.194969729360658
U0000728,1,0.6598855839812501
U0000729,1,2.2015241461220043
U0000730,0,2.419419789547341
U0000731,1,2.0382130608289017
U0000732,0,2.849510026725703
U0000733,0,2.8656406999293687
U0000734,1,-0.9558033345343624
U0000735,1,1.520700056823852
U0000736,0,3.6489350700960195
U0000737,1,3.848533671459837
U0000738,1,4.097210291520689
U0000739,1,5.048868979691196
U0000740,0,0.9799442115280144
U0000741,0,3.6702653075884797
U0000742,1,5.003787688668018
U0000743,0,3.4655335072961257
U0000744,1,2.219622635557423
U0000745,0,5.106497187681047
U0000746,0,5.148022513353801
U0000747,0,3.5737043237667976
U0000748,1,3.8457509075149297
U0000749,0,2.1478774232434397
U0000750,0,2.423306393560587
U0000751,1,2.929917421435974
U0000752,0,1.6655889819951284
U0000753,0,3.4957845718773015
U0000754,0,1.402079079720167
U0000755,0,2.609950217717369
U0000756,0,2.579467167711332
U0000757,0,2.162717985426255
U0000758,0,2.097911691869335
U0000759,1,-0.5048404174942434
U0000760,1,4.646063923540742
U0000761,0,2.2699987111517377
U0000762,0,0.43271851981693743
U0000763,1,-0.6498755665099587
U0000764,1,1.8244374246642039
U0000765,0,1.9839500112815287
U0000766,1,2.3638370440095002
U0000767,0,3.466430708962296
U0000768,0,0.7159513493551799
U0000769,1,1.4620809253125486
U0000770,1,-0.46827641140499665
U0000771,1,3.4161062908957334
U0000772,0,1.8238609924122144
U0000773,0,2.6664292175453195
U0000774,1,2.8801878564485115
U0000775,1,2.5460272466537965
U0000776,1,2.103801542867931
U0000777,1,3.413909874376701
U0000778,1,4.736329126538092
U0000779,0,3.383298403249352
U0000780,1,2.8091977068016973
U0000781,1,1.4136590305995824
U0000782,1,2.0989395129885438
U0000783,0,2.5894550059830514
U0000784,0,1.2404637578684294
U0000785,1,2.711175316476588
U0000786,0,1.759866183205009
U0000787,1,5.092521233808959
U0000788,1,4.974141358262813
U0000789,0,1.4658426452481752
U0000790,0,2.152424352772073
U0000791,1,2.4948458760743613
U0000792,0,2.928749422106023
U0000793,0,5.760273508357972
U0000794,1,2.470736915283249
U0000795,1,-1.4729876293746536
U0000796,0,1.5814453439221516
U0000797,1,1.6719871806186788
U0000798,0,2.579875224138245
U0000799,1,0.912726699842203
U0000800,0,2.816139384527551
U0000801,1,4.822762844708432
U0000802,1,2.689186647210491
U0000803,1,3.0895141673265947
U0000804,0,2.460423277447923
U0000805,1,2.08079952483215
U0000806,0,-3.1563481249139045
U0000807,1,2.0946792706711204
U0000808,1,4.288976672996345
U0000809,0,4.749776066379006
U0000810,1,4.258978077102288
U0000811,1,4.3682627532418685
U0000812,0,3.26422493953768
U0000813,0,2.623582980622121
U0000814,0,3.160308837983724
U0000815,1,3.923503314772539
U0000816,1,1.939883502040523
U0000817,0,3.658986984140098
U0000818,1,-0.2537501669250197
U0000819,0,3.775472136634665
U0000820,1,3.1227640397503382
U0000821,0,4.563380891259676
U0000822,1,2.315106232987919
U0000823,1,4.5383108219198185
U0000824,0,6.748798198023408
U0000825,1,3.7169866153945907
U0000826,1,2.7512112975974006
U0000827,1,3.97688508441294
U0000828,1,1.6394951579526094
U0000829,1,0.1930375240949722
U0000830,1,2.7722941745393577
U0000831,0,2.3849273994655604
U0000832,1,1.0448145344329536
U0000833,1,1.963128464803141
U0000834,1,3.011975715838684
U0000835,0,1.8693394623317978
U0000836,0,2.392264047769199
U0000837,0,2.6151860157642233
U0000838,0,4.1161590545752205
U0000839,0,3.5722300323865603
U0000840,0,0.9302196061799854
U0000841,1,2.775833811767651
U0000842,0,4.682182848460545
U0000843,1,2.5541726069894004
U0000844,0,3.3586371178732897
U0000845,1,2.496870838764906
U0000846,0,4.472627046982575
U0000847,0,3.3442071728879945
U0000848,1,4.382937863405729
U0000849,0,4.059952519782584
U0000850,0,2.037698841789709
U0000851,0,2.867399488798018
U0000852,0,3.2830276771182163
U0000853,1,1.8474183814700869
U0000854,1,3.3619347911139865
U0000855,0,3.491954458087587
U0000856,0,1.3443477108207524
U0000857,0,3.397737110001575
U0000858,1,7.178647040394697
U0000859,0,3.376819541567567
U0000860,1,1.4658783323317586
U0000861,1,-0.396171960953966
U0000862,0,1.8918686061379955
U0000863,1,1.4505497731191888
U0000864,0,0.7752270183348067
U0000865,1,1.4764018220630248
U0000866,1,2.935399472019739
U0000867,0,3.8959750215965627
U0000868,0,2.7543633835934784
U0000869,1,1.6060537233468146
U0000870,1,0.6293316558502191
U0000871,1,2.8198159108273657
U0000872,0,2.767622660192931
U0000873,0,0.21748715417525055
U0000874,0,-0.010170814386761151
U0000875,0,0.7497406461740646
U0000876,0,2.197800841207904
U0000877,0,3.816881821255018
U0000878,1,1.4249315100699036
U0000879,0,1.1962136203573124
U0000880,1,3.7634424939279647
U0000881,0,3.5498513659958704
U0000882,0,1.933790996462072
U0000883,1,-0.6073392136340594
U0000884,1,2.491333974088864
U0000885,1,2.1086144360562287
U0000886,0,2.861120544559512
U0000887,1,-1.105891122160564
U0000888,1,2.7791968499152304
U0000889,0,3.9917673233354876
U0000890,0,4.232527636978329
U0000891,1,2.6357131781466876
U0000892,0,6.803940093528187
U0000893,1,4.270718827728086
U0000894,1,5.293200489893554
U0000895,0,5.50200515391089
U0000896,1,3.0139975877934493
U0000897,0,2.173167678756208
U0000898,1,0.44916346160458076
U0000899,0,2.3014150459928864
U0000900,0,2.911543479370332
U0000901,1,3.48132760921397
U0000902,1,0.3591642627825813
U0000903,1,2.8987542185599047
U0000904,1,2.8746426702868995
U0000905,0,2.455457135502206
U0000906,0,2.4302350087340336
U0000907,0,3.392334062567432
U0000908,0,2.622325615004506
U0000909,0,2.0677238205670037
U0000910,0,3.6424780739171254
U0000911,0,2.5188732257017143
U0000912,0,3.7895824896278327
U0000913,1,1.067346410342303
U0000914,1,2.724808757433145
U0000915,1,1.3610167989164772
U0000916,1,3.6202929338736425
U0000917,0,1.1056930619566536
U0000918,0,1.8127046648181473
U0000919,0,1.806147038837988
U0000920,1,2.286597319237451
U0000921,0,1.606747457083177
U0000922,0,3.562183058718137
U0000923,0,3.2644608311027916
U0000924,1,4.431115501324761
U0000925,0,4.255490824621795
U0000926,1,1.0963349172828245
U0000927,1,3.4682749948903826
U0000928,0,3.519551457439679
U0000929,0,1.0059088906422282
U0000930,1,4.403753274800339
U0000931,1,1.3992748625063314
U0000932,1,0.399991422398454
U0000933,1,-0.09755834090385207
U0000934,0,-2.145993700523782
U0000935,1,-0.013111234452612308
U0000936,1,2.0015136977224373
U0000937,0,4.222594981777373
U0000938,0,3.290181357618245
U0000939,1,5.462866882308955
U0000940,0,0.943950404070641
U0000941,1,1.4038734500228447
U0000942,1,2.476632656334032
U0000943,0,2.9567273016822924
U0000944,0,5.908947649038078
U0000945,1,2.0333735851692367
U0000946,0,-1.3676974031545441
U0000947,1,4.00075239884346
U0000948,0,4.442341892162689
U0000949,0,-0.05498114006159582
U0000950,1,1.0532819778284832
U0000951,0,7.265675507311965
U0000952,0,3.0936232838377276
U0000953,0,3.604501022899509
U0000954,0,2.0498434023765952
U0000955,1,5.223062782772605
U0000956,0,1.9251285882529636
U0000957,1,1.2090117467550812
U0000958,1,2.894129255309398
U0000959,1,3.8609751789821622
U0000960,1,3.2711456724998937
U0000961,0,3.994518940406987
U0000962,0,3.8518564978178134
U0000963,1,2.9899056079236317
U0000964,1,-0.2838236254921611
U0000965,0,4.0589805574932
U0000966,1,3.860795148196651
U0000967,0,1.5383877057769872
U0000968,1,0.07971346903593002
U0000969,1,3.863894868071675
U0000970,1,0.23119789230699794
U0000971,0,3.879626036736351
U0000972,0,1.6960612296204118
U0000973,0,1.8308430017645634
U0000974,1,2.935750789017618
U0000975,1,1.0051566982003788
U0000976,0,2.665681201698572
U0000977,0,3.7941679037480194
U0000978,1,2.09122821893148
U0000979,0,3.2560936292736606
U0000980,1,2.6632237193197597
U0000981,1,3.221655030889913
U0000982,0,2.851211662818141
U0000983,1,1.467341749493432
U0000984,1,2.3849459866061746
U0000985,1,2.1860978913060762
U0000986,1,4.5284562074038135
U0000987,0,2.5514820793296487
U0000988,1,9.187975989079455
U0000989,0,3.132373541794397
U0000990,1,3.562614781132144
U0000991,0,3.827444538461627
U0000992,1,2.7344479666057033
U0000993,0,2.5302885165296694
U0000994,0,2.634947613364462
U0000995,0,3.726899219830976
U0000996,1,3.7946886377144153
U0000997,1,2.128901393195978
U0000998,0,2.2589797914472847
U0000999,1,3.0974523616780925
U0001000,1,3.7482307119152942
U0001001,0,2.5063701817173083
U0001002,0,4.2093537922999005
U0001003,0,4.152716073595725
U0001004,1,1.455523565247411
U0001005,0,1.2834416238285158
U0001006,0,2.077009457931572
U0001007,0,1.1744260403650095
U0001008,0,2.333285671510957
U0001009,0,3.677101760180669
U0001010,0,2.9498443543932726
U0001011,1,5.554232974602417
U0001012,1,2.3931355511039403
U0001013,1,5.819146041189615
U0001014,0,4.071118943266249
U0001015,1,0.3846193390576964
U0001016,0,2.510379735209545
U0001017,1,4.066733270246242
U0001018,1,2.9361485950828996
U0001019,1,1.3473787340902827
U0001020,1,3.1966790671941006
U0001021,1,1.7777112570758185
U0001022,1,2.4487841889052095
U0001023,0,2.5847196473943352
U0001024,0,2.444523680771127
U0001025,1,1.642245764754577
U0001026,0,4.014268885994481
U0001027,0,1.1409880870315554
U0001028,1,4.460844051946866
U0001029,0,2.0178130749068934
U0001030,1,1.4439090550978833
U0001031,1,1.7705541481186913
U0001032,0,2.3026089749414247
U0001033,0,0.07532629898832965
U0001034,0,2.7197650192065126
U0001035,1,2.977625649879279
U0001036,0,3.5091433832190173
U0001037,1,1.7534920256546407
U0001038,1,2.1046464762904247
U0001039,1,1.6313453358813348
U0001040,1,1.5633688219248008
U0001041,0,4.418080306213458
U0001042,0,2.9367289668673884
U0001043,0,2.0240915491153437
U0001044,0,2.7825891670965266
U0001045,1,1.236915520883727
U0001046,0,3.768543447871208
U0001047,1,-0.701917475344132
U0001048,0,3.8417610606387704
U0001049,0,3.8521055912974536
U0001050,0,2.585399791510266
U0001051,1,3.652308385075381
U0001052,1,1.1814183606411994
U0001053,0,8.51475705102931
U0001054,1,4.390091567801061
U0001055,0,4.641045844928472
U0001056,0,4.100335481529617
U0001057,1,1.7002398973700572
U0001058,0,2.9109332957218257
U0001059,1,3.719017189314835
U0001060,1,0.7637517950626496
U0001061,1,4.3905164461106025
U0001062,0,1.8240726021061722
U0001063,1,3.4011530445728226
U0001064,0,2.428132246064431
U0001065,1,3.076641876377197
U0001066,1,3.658797938646469
U0001067,1,1.7209292999596997
U0001068,0,1.7175263383417736
U0001069,1,9.010813135702698
U0001070,1,4.004503390048555
U0001071,0,3.9155573550906126
U0001072,0,0.0834219089768986
U0001073,1,1.225025923819551
U0001074,0,1.1198793765528947
U0001075,0,1.5522455961699482
U0001076,1,5.640798378705892
U0001077,1,3.701235435281802
U0001078,0,-0.8166829665292781
U0001079,1,1.6928033745390323
U0001080,0,-2.0892336662853666
U0001081,0,2.6900763627027757
U0001082,1,0.2958432306965051
U0001083,1,0.8215517625026614
U0001084,0,1.052352753470661
U0001085,1,1.4720411791943064
U0001086,0,3.2021838699158707
U0001087,0,1.129014632608051
U0001088,1,3.4778853350583034
U0001089,1,1.7092076421010898
U0001090,1,2.762393514928821
U0001091,1,0.76992691988346
U0001092,1,2.375692507286151
U0001093,0,2.8247011174715855
U0001094,1,3.8156020675145523
U0001095,1,2.2394228234900844
U0001096,1,5.341184258918762
U0001097,1,-3.1256541197553958
U0001098,0,3.3279769496093436
U0001099,0,3.7804553420642932
U0001100,0,3.278929632220205
U0001101,1,3.176083144826066
U0001102,1,-0.3452257505521459
U0001103,1,3.6253017879854887
U0001104,0,3.3497322986468028
U0001105,1,4.202298196527835
U0001106,1,2.5703484702638075
U0001107,0,3.7712130275832294
U0001108,1,0.5440637651578157
U0001109,1,3.506489147324917
U0001110,1,4.773660162532298
U0001111,0,3.464239476547302
U0001112,1,3.756866024477219
U0001113,1,1.3826064737317587
U0001114,1,3.0914287139991465
U0001115,0,3.3166529908121625
U0001116,0,1.4671669377228085
U0001117,1,2.825337493832574
U0001118,1,2.8240935401508587
U0001119,0,2.7488442026322524
U0001120,0,0.9113082739775713
U0001121,1,3.100907382802891
U0001122,1,5.169295989090216
U0001123,1,0.8497519245389498
U0001124,0,4.641719679070636
U0001125,0,-1.9024764583199385
U0001126,1,1.7685004881856479
U0001127,0,5.203603943904664
U0001128,1,2.2099302264063247
U0001129,1,4.501912579503024
U0001130,0,3.4575168558289704
U0001131,1,5.030478631794217
U0001132,1,2.6643473815407717
U0001133,0,2.7045174877258447
U0001134,1,1.9346167813831912
U0001135,1,0.0600189283100363
U0001136,0,0.06484120977611596
U0001137,0,0.7282514482263949
U0001138,0,-3.3617093576841484
U0001139,0,2.664841584978344
U0001140,0,1.8159616169122934
U0001141,1,3.1442487375075174
U0001142,0,1.4511218837894226
U0001143,0,2.3597342481822094
U0001144,1,8.13031014141061
U0001145,1,0.8949233646298609
U0001146,1,4.375262841687277
U0001147,0,3.7612810243965598
U0001148,1,4.774312754079549
U0001149,1,1.6199996503312661
U0001150,1,3.743364870897569
U0001151,1,3.4513699249161007
U0001152,0,4.779308614603952
U0001153,0,2.2978378039295926
U0001154,1,3.4225410927453765
U0001155,1,3.199382106468242
U0001156,0,-1.5306075816728715
U0001157,0,-0.538842180062268
U0001158,1,3.7786824331317774
U0001159,0,2.2819814293728893
U0001160,1,2.5657057204144174
U0001161,0,0.25479404081401213
U0001162,1,2.854349072541531
U0001163,0,3.1329270729925653
U0001164,1,3.839706411805931
U0001165,0,3.74529256661571
U0001166,1,3.4037388167731137
U0001167,1,2.7953362199413583
U0001168,1,2.747063025707515
U0001169,0,4.136864804660345
U0001170,0,1.0095585258071278
U0001171,0,6.527638543216057
U0001172,0,3.5364536128614645
U0001173,0,3.000858424166271
U0001174,0,-0.4605282629824359
U0001175,1,1.8636525746458403
U0001176,1,1.6642919025408318
U0001177,1,2.8746364312956345
U0001178,1,1.6911921652927084
U0001179,1,0.1784343900740275
U0001180,1,2.9183236368488146
U0001181,0,2.5033308571615436
U0001182,0,1.1647685186274952
U0001183,1,3.9948257969838963
U0001184,1,1.6587971790829386
U0001185,1,2.543825569344497
U0001186,1,2.5531241432446645
U0001187,1,2.7723818003049985
U0001188,1,-0.12779672158400857
U0001189,0,2.296494670957358
U0001190,0,0.9181944922353082
U0001191,1,3.676454791416532
U0001192,1,4.33655507214139
U0001193,0,1.3788719369554165
U0001194,0,2.042134868488219
U0001195,1,1.7943775962040576
U0001196,0,3.1975932530025872
U0001197,0,4.499059739955124
U0001198,0,-0.47215660010857974
U0001199,1,4.2351703364807705
U0001200,0,3.1549599830994417
U0001201,1,0.25616402174842356
U0001202,0,3.5640772477129445
U0001203,0,-3.022932575456288
U0001204,0,-1.6766850014285168
U0001205,1,4.604717200389498
U0001206,0,4.992991692787065
U0001207,0,3.8929757592247896
U0001208,1,2.950577019779736
U0001209,1,3.9062587768071175
U0001210,1,1.190243671348954
U0001211,1,1.1955092148502402
U0001212,1,1.5696041591991445
U0001213,0,3.901520296688007
U0001214,0,1.275377701785903
U0001215,1,5.359878064141036
U0001216,0,5.410539651963248
U0001217,1,2.8039685233329195
U0001218,0,3.4682356635269684
U0001219,0,3.1574796640621834
U0001220,0,6.666092164979794
U0001221,1,1.754968781147408
U0001222,0,1.627786857144704
U0001223,1,-0.43448131062434747
U0001224,0,3.2451969331108828
U0001225,0,2.252078635082686
U0001226,1,4.701831148297778
U0001227,0,4.962936787076519
U0001228,1,0.20631235357787503
U0001229,1,4.083926223939951
U0001230,1,1.7992051943922256
U0001231,1,2.2848553735992354
U0001232,1,2.3933783651448977
U0001233,0,-2.37578366381243
U0001234,0,2.2601037691815247
U0001235,1,2.336322416083714
U0001236,1,1.6643040565971639
U0001237,0,2.3382611657721455
U0001238,0,3.1922200637106926
U0001239,1,2.4531594412055355
U0001240,1,2.038734336474109
U0001241,1,2.518183896640611
U0001242,1,4.457217823835628
U0001243,1,1.8928154336335385
U0001244,0,5.35491050619493
U0001245,0,6.407389095768792
U0001246,0,0.12370073224772682
U0001247,0,1.6260616396954575
U0001248,0,3.153244090121863
U0001249,0,2.2875943627199113
U0001250,1,2.8271400053442406
U0001251,1,3.667310055700126
U0001252,0,0.9683147660895735
U0001253,0,3.6799056424420726
U0001254,0,3.613061992653618
U0001255,0,1.5663445087981103
U0001256,1,2.767578715032185
U0001257,0,2.9325037884306475
U0001258,0,0.3626631496171129
U0001259,0,4.420278257651287
U0001260,0,1.6857849942250844
U0001261,1,2.9965644987230924
U0001262,1,2.18832093527622
U0001263,1,4.002078052682867
U0001264,1,0.9099749041647875
U0001265,1,2.294356852933091
U0001266,1,1.9158840631444427
U0001267,1,2.041894772926014
U0001268,1,2.4594530734050526
U0001269,1,3.165595685886295
U0001270,0,1.0723735371509378
U0001271,1,1.2139817873103702
U0001272,1,2.8867311466703818
U0001273,0,2.9190853820223346
U0001274,0,2.4811905315033833
U0001275,1,1.1614878348223439
U0001276,0,2.985780802186124
U0001277,1,4.546580223721243
U0001278,0,5.148594260927901
U0001279,1,1.850108794688424
U0001280,1,2.9623879909464357
U0001281,1,1.2278786620991102
U0001282,1,3.7127613761575624
U0001283,0,3.152959012160945
U0001284,0,5.057478565283983
U0001285,1,1.941262399266357
U0001286,0,1.7137059029161712
U0001287,1,0.3716684765877005
U0001288,1,2.451551035825382
U0001289,1,3.1587190258089386
U0001290,0,2.8032443958971314
U0001291,0,1.7275016004229684
U0001292,1,3.2012978011450812
U0001293,0,3.4079540772114916
U0001294,1,2.591592348974178
U0001295,1,2.8940834458260447
U0001296,1,4.490921263562022
U0001297,1,3.3403212559271367
U0001298,1,6.172699049435112
U0001299,1,1.6021807822473537
U0001300,0,2.36749166422206
U0001301,1,3.08956199674725
U0001302,1,3.4555848370094857
U0001303,1,1.2728579475498023
U0001304,1,2.51434156974371
U0001305,0,2.061506630526587
U0001306,1,4.795312577161759
U0001307,0,5.298836253647339
U0001308,0,3.9413668170684772
U0001309,0,1.7642100947060264
U0001310,1,2.4347672546680776
U0001311,1,2.9103137113865785
U0001312,0,2.400541132560889
U0001313,1,2.634095798142738
U0001314,0,2.3022568722167627
U0001315,0,2.4656628316326206
U0001316,0,2.94155231408695
U0001317,1,2.549013142863881
U0001318,1,0.8104939096150261
U0001319,1,0.9675639722038483
U0001320,1,8.17949626208901
U0001321,1,1.060726125352609
U0001322,1,3.0684813298944746
U0001323,1,3.7385615509685284
U0001324,1,1.619650237442201
U0001325,0,1.2436557386282914
U0001326,0,2.877307867079068
U0001327,1,7.8473981022293735
U0001328,1,0.3852230105990344
U0001329,1,3.094519904766752
U0001330,1,3.657432711996371
U0001331,1,3.5218479444688775
U0001332,1,2.9824024823629074
U0001333,0,4.295947900672706
U0001334,1,1.39795720825507
U0001335,1,6.777189544635725
U0001336,1,2.3980354923612133
U0001337,0,2.4493715114985903
U0001338,0,3.8697558037125503
U0001339,0,6.409566394145202
U0001340,0,3.0944135651193996
U0001341,0,3.0213668742422755
U0001342,1,-1.203592446365576
U0001343,1,1.636059356799123
U0001344,1,-0.6745092781534563
U0001345,0,0.48743633634786576
U0001346,1,3.9378997576123567
U0001347,1,2.753645610871814
U0001348,1,3.084342520639691
U0001349,1,3.207648789785466
U0001350,1,2.7793499931147956
U0001351,0,0.8761083299309291
U0001352,1,3.3307254557628294
U0001353,1,4.1384846900173216
U0001354,1,3.5965099539681873
U0001355,1,1.2110939618040533
U0001356,0,2.8905672626847263
U0001357,0,2.541370559832405
U0001358,1,4.113962030501192
U0001359,0,1.9329026431355558
U0001360,0,3.2634024939559545
U0001361,0,0.8586888056857553
U0001362,1,3.0001962338546626
U0001363,1,3.4830932516727593
U0001364,1,6.02472865145279
U0001365,1,3.0115640187888246
U0001366,0,1.3301920748642644
U0001367,0,3.7019240647438103
U0001368,0,4.426888491598639
U0001369,0,1.9828920979345526
U0001370,1,1.996140652307684
U0001371,0,2.6606531917843768
U0001372,0,2.805896909336429
U0001373,1,3.76901574773858
U0001374,1,5.4402903022128015
U0001375,1,2.605549893550762
U0001376,1,2.816360428816795
U0001377,0,5.365968032353667
U0001378,0,3.2418270555258513
U0001379,1,4.636109175732283
U0001380,1,5.664847087358943
U0001381,0,4.065958299933698
U0001382,1,1.741389377686989
U0001383,0,2.735090138263324
U0001384,0,2.946051349496276
U0001385,0,2.0528825262828327
U0001386,1,2.3290679837288586
U0001387,1,1.7786169360641289
U0001388,1,3.8536843754180907
U0001389,1,2.96873406138522
U0001390,1,5.862402697937439
U0001391,1,3.3964036454568625
U0001392,1,1.56099921007098
U0001393,0,2.6594977286373336
U0001394,1,1.337025480324142
U0001395,1,2.2858989692957223
U0001396,1,2.155223818012246
U0001397,0,3.3921759936141775
U0001398,0,3.1414343310566437
U0001399,1,4.422029734429957
U0001400,1,3.1173038899482393
U0001401,1,3.086357060236601
U0001402,0,-0.2984701484155785
U0001403,0,4.18788612918285
U0001404,0,1.120838218988343
U0001405,1,2.475485602395308
U0001406,0,2.818901395667396
U0001407,0,1.2175928764344075
U0001408,1,2.9654570691804274
U0001409,1,4.952347044550329
U0001410,1,3.253111527802673
U0001411,1,1.3824754024335988
U0001412,1,2.446343857228026
U0001413,1,-2.616755799897387
U0001414,0,2.249287641387589
U0001415,0,2.929024232874017
U0001416,0,4.356924738408338
U0001417,1,3.4410918725406603
U0001418,1,2.373154615730872
U0001419,0,3.270651101673426
U0001420,1,3.227728077960929
U0001421,0,0.9790185925104318
U0001422,1,0.775898584553735
U0001423,0,0.8439072154344629
U0001424,1,2.5027593147447185
U0001425,0,4.986364698098818
U0001426,1,3.760393637704947
U0001427,0,5.337207699503285
U0001428,1,2.6520778342740625
U0001429,1,2.2722067171803673
U0001430,0,-1.148302042757269
U0001431,0,0.31334194259570936
U0001432,0,1.5530131006172692
U0001433,1,4.253186207199448
U0001434,0,1.8983485627314494
U0001435,0,3.2463770127271623
U0001436,1,2.0112065074075005
U0001437,0,2.959508250871769
U0001438,0,5.761334946238922
U0001439,0,3.140765391967097
U0001440,0,-0.8977826968001921
U0001441,0,3.282264888309996
U0001442,1,4.192721565123396
U0001443,0,2.201361733748614
U0001444,0,3.8955222517553327
U0001445,1,3.1458124337650446
U0001446,1,3.944331277239362
U0001447,1,1.5247075444589697
U0001448,1,3.9023211987179343
U0001449,0,3.3752512446927803
U0001450,1,4.489309133163433
U0001451,0,1.2488685815251905
U0001452,0,2.184503444992451
U0001453,0,2.7726150107236407
U0001454,0,4.266392726289553
U0001455,0,3.9173231719233996
U0001456,1,2.420818146059654
U0001457,1,2.1121433970651626
U0001458,1,7.02531015322713
U0001459,1,3.0365527843941535
U0001460,1,3.611619035497551
U0001461,1,5.644793813549306
U0001462,0,3.882461331957808
U0001463,1,2.6937818589391984
U0001464,1,2.9657667948280064
U0001465,0,3.601501166428676
U0001466,0,1.3973120958713174
U0001467,0,1.7390177433237053
U0001468,1,3.3258801062626464
U0001469,1,2.6049788847219126
U0001470,0,3.153360538423211
U0001471,1,3.0405137018764616
U0001472,1,3.216145655328887
U0001473,1,2.9777663266541907
U0001474,1,3.8034890645689003
U0001475,1,3.515291648567292
U0001476,1,-0.7587427953073345
U0001477,0,4.131354318740307
U0001478,1,2.6084072517132775
U0001479,1,1.6559070152541615
U0001480,1,1.7386850262182083
U0001481,1,2.293049783651238
U0001482,0,4.388331000125751
U0001483,1,3.2382277072445795
U0001484,1,3.3889239490442904
U0001485,0,3.5835843904544404
U0001486,0,5.275694501107191
U0001487,1,3.745635273085089
U0001488,0,3.201720105646043
U0001489,0,4.096836112809111
U0001490,0,3.247241917422805
U0001491,1,3.3647951199188206
U0001492,0,2.96360493609747
U0001493,0,2.2718900460832465
U0001494,0,4.529941595553275
U0001495,0,6.02980676383368
U0001496,1,3.7730060877787786
U0001497,1,3.9417384239608726
U0001498,1,2.411162085292373
U0001499,0,2.1434942271630177
U0001500,0,3.8817399355578956
U0001501,1,4.863280096111369
U0001502,0,4.212183940606625
U0001503,1,2.856788822550989
U0001504,1,1.6330329137873392
U0001505,1,1.5847588569178015
U0001506,1,3.14624307696352
U0001507,0,1.4845726492840932
U0001508,0,3.503686642368301
U0001509,0,4.7738916500097694
U0001510,0,3.086878641390017
U0001511,0,1.9774176660997185
U0001512,1,2.4357810148593746
U0001513,1,2.9817404680454427
U0001514,1,1.5000872716654374
U0001515,0,4.327205329343144
U0001516,1,3.870033327406574
U0001517,1,3.296835946231365
U0001518,0,3.127069585730961
U0001519,1,1.9170472369229934
U0001520,1,3.2262550781865507
U0001521,0,-1.2754129748997318
U0001522,1,3.3283156268780516
U0001523,1,1.435749082204019
U0001524,0,2.988070275803606
U0001525,0,1.3274693135020073
U0001526,1,1.585260535012658
U0001527,0,3.89324911360311
U0001528,0,3.5824141081113865
U0001529,0,3.776155895032492
U0001530,1,0.5237471663409394
U0001531,0,3.743296518724698
U0001532,1,4.563629320004473
U0001533,1,-9.002785723975718
U0001534,1,2.968053701851918
U0001535,0,3.509739092611195
U0001536,1,2.204493034128312
U0001537,0,1.3367137150730226
U0001538,1,3.5951518317097424
U0001539,1,-2.5890572967964456
U0001540,0,1.0931892172379953
U0001541,1,2.4134368456465793
U0001542,1,2.1007956175716593
U0001543,0,2.2990547101025953
U0001544,1,2.698225016730671
U0001545,0,2.9032973134430726
U0001546,1,0.9666467992056376
U0001547,0,3.975486834980096
U0001548,0,2.887921930119745
U0001549,0,1.610823696122477
U0001550,1,1.9466748192635546
U0001551,0,2.1987557521070293
U0001552,0,2.786967863396516
U0001553,1,2.7612726699550727
U0001554,1,1.5849796955029305
U0001555,0,3.4812383223879984
U0001556,0,2.192281800807212
U0001557,0,3.08543884150734
U0001558,0,1.4636564189843106
U0001559,0,1.3782995375475764
U0001560,1,2.7641268227266647
U0001561,1,1.978441606587463
U0001562,0,4.632064122557658
U0001563,1,2.6703852977066056
U0001564,1,1.9568637180240867
U0001565,0,0.8614224292321175
U0001566,0,4.593503009769307
U0001567,1,0.9051102646565141
U0001568,0,2.2390319337240108
U0001569,0,2.265188851947343
U0001570,1,1.32815571983293
U0001571,0,2.407016156052528
U0001572,0,2.413960108118676
U0001573,0,-0.1528492132820496
U0001574,1,3.9936664349678583
U0001575,0,0.7469929178146728
U0001576,1,1.1040023422857566
U0001577,0,3.360337830346154
U0001578,0,2.843941103767836
U0001579,1,3.500210293949962
U0001580,1,2.2579842624161053
U0001581,1,4.463764870888189
U0001582,1,2.880769244830919
U0001583,0,4.909618612006366
U0001584,0,1.9498899406307828
U0001585,1,2.631396535181226
U0001586,1,2.034887705632663
U0001587,0,2.5924284644776847
U0001588,0,3.044416545021452
U0001589,0,3.9531353769559843
U0001590,1,0.6955106193444216
U0001591,1,2.036529472235138
U0001592,0,1.4634869266842276
U0001593,0,3.971403827244867
U0001594,1,2.7657000998883987
U0001595,1,1.778804591483162
U0001596,0,8.649732450377096
U0001597,1,1.3182601475087807
U0001598,1,2.4218963263895255
U0001599,1,2.0622336008033777
U0001600,1,2.510519328192256
U0001601,0,1.4860911051465422
U0001602,0,3.0442269308545775
U0001603,0,0.5960715116896971
U0001604,0,2.935870175604606
U0001605,0,1.732300467588754
U0001606,1,3.704403007833095
U0001607,0,2.7745345080571546
U0001608,1,5.488411418348875
U0001609,0,2.810803536716044
U0001610,0,1.469358586306047
U0001611,0,2.625366093331028
U0001612,1,2.146814040649737
U0001613,1,5.683173674072313
U0001614,1,2.2741393373909276
U0001615,1,3.2381687005715563
U0001616,0,3.047132344292855
U0001617,0,3.701471233896079
U0001618,1,4.4440968349778025
U0001619,1,0.8808962864585368
U0001620,0,3.860895645156546
U0001621,0,11.896028205218276
U0001622,1,1.2690944485089872
U0001623,0,2.706356486816791
U0001624,1,4.138712893885568
U0001625,1,2.1757880297288175
U0001626,1,1.4516121622458158
U0001627,0,-0.8091698430730929
U0001628,1,3.5049831969476735
U0001629,1,5.936925374335427
U0001630,1,3.8624176628470224
U0001631,0,3.323492551518779
U0001632,0,-0.15850279399816714
U0001633,0,2.9282076430332644
U0001634,0,-0.40402682491362896
U0001635,0,4.505354804954036
U0001636,0,1.965234190443729
U0001637,1,4.572171245315303
U0001638,1,2.2641352048650987
U0001639,0,3.955863641625376
U0001640,0,1.7417233447335612
U0001641,0,1.8437510093919958
U0001642,0,1.532451539754419
U0001643,1,-1.0356119531536692
U0001644,0,1.4499373427245779
U0001645,1,3.5258501944672496
U0001646,0,1.5479213430390981
U0001647,1,1.4201038700066455
U0001648,1,3.5779792172596068
U0001649,1,4.517713006482879
U0001650,0,4.5048772656874085
U0001651,0,0.6008384340287183
U0001652,1,2.506422768898908
U0001653,1,2.1930588137405813
U0001654,0,1.8371457721358126
U0001655,0,2.256369555203669
U0001656,0,2.4694976572183798
U0001657,0,-2.202325276200824
U0001658,1,1.0912049563056634
U0001659,0,3.51808892114132
U0001660,0,-1.1110685143669858
U0001661,1,4.700377060540212
U0001662,1,5.364183343304145
U0001663,0,0.8821816776985916
U0001664,1,1.9724690754905634
U0001665,0,0.7655694045721901
U0001666,0,3.9045593129248797
U0001667,1,5.343918506978952
U0001668,1,1.7687639069589842
U0001669,0,6.291493853624861
U0001670,1,2.940030423096715
U0001671,1,1.0936446808823703
U0001672,0,3.5313541149409033
U0001673,0,2.863103693317317
U0001674,0,2.9296377653549044
U0001675,0,14.236490353928563
U0001676,1,2.4274859883830544
U0001677,1,1.4505820676442802
U0001678,0,1.2611540667206036
U0001679,1,2.845250306008616
U0001680,1,1.561784291134824
U0001681,0,1.85360944785047
U0001682,0,3.132898715080355
U0001683,1,2.777032573882476
U0001684,0,3.140567274597796
U0001685,1,2.813528918986812
U0001686,0,1.5785237154792764
U0001687,1,1.4074002377287549
U0001688,1,2.1348969956283064
U0001689,0,1.3561697368525927
U0001690,0,6.970480893913887
U0001691,1,4.396022433499876
U0001692,0,3.2636662036719493
U0001693,0,3.5543796258164786
U0001694,1,3.1321773172268905
U0001695,0,0.9715903160624535
U0001696,1,4.377507684614816
U0001697,1,0.17183219787866122
U0001698,0,1.3487332330121014
U0001699,1,3.50416266925237
U0001700,0,3.672881566974951
U0001701,1,1.7958572922898064
U0001702,1,4.698934695160963
U0001703,1,0.25011146248757044
U0001704,1,2.220219469339998
U0001705,1,1.88392106969577
U0001706,0,3.0250394891430155
U0001707,1,2.03290145295669
U0001708,1,2.8854353951119673
U0001709,1,0.9531487490766608
U0001710,0,1.4991442588398343
U0001711,0,4.40456647090771
U0001712,0,3.5991756657478575
U0001713,0,2.5025161726975114
U0001714,0,2.5716688876690768
U0001715,0,0.8197504677133622
U0001716,0,6.39661196593994
U0001717,0,2.847821652498851
U0001718,0,1.0884930650212006
U0001719,1,4.140457098399416
U0001720,0,1.616370344431239
U0001721,0,3.8887912949637133
U0001722,1,2.8607907589574992
U0001723,1,2.703469749796456
U0001724,1,2.2577305534708643
U0001725,1,0.8191104084276439
U0001726,0,2.4461149323007554
U0001727,0,2.5359296752159324
U0001728,1,1.8971435623305037
U0001729,1,2.0599971658844574
U0001730,1,0.45060961404309197
U0001731,0,1.021582200213274
U0001732,0,3.3872839931645444
U0001733,0,1.4891546803219313
U0001734,0,2.082655190735199
U0001735,0,2.876686443792087
U0001736,0,4.369642049895514
U0001737,1,4.7125888498077515
U0001738,0,4.240926804578015
U0001739,1,1.681681302999845
U0001740,0,1.4807113811286072
U0001741,1,4.207568263777274
U0001742,0,1.354540393739942
U0001743,0,3.835926110203687
U0001744,1,1.2048578750435261
U0001745,0,0.6884503092663046
U0001746,1,3.6279160877576118
U0001747,1,1.7156942435048705
U0001748,1,2.611949571268145
U0001749,0,2.9069662797014075
U0001750,0,6.431439546800927
U0001751,0,4.082766554590009
U0001752,0,-0.06435506228426746
U0001753,1,2.62373185126091
U0001754,1,1.2788135207760298
U0001755,0,4.7730431821560995
U0001756,1,-0.938676555312334
U0001757,1,3.318538771395769
U0001758,0,2.197477578889167
U0001759,1,2.466229326150822
U0001760,0,3.7338189591296604
U0001761,0,4.074397779349203
U0001762,0,-0.409394060336183
U0001763,1,2.5355185675325593
U0001764,0,2.811022872061571
U0001765,0,2.2065720224503735
U0001766,1,5.51477061649366
U0001767,0,1.0230321657198758
U0001768,0,1.1867374481423134
U0001769,0,2.601212602811799
U0001770,0,2.5858432466280163
U0001771,1,-2.5171374541003013
U0001772,0,1.0590706304348139
U0001773,1,4.252631431262401
U0001774,0,3.747341793031133
U0001775,1,1.3423556626870905
U0001776,0,2.686197698718926
U0001777,1,2.5515820053287346
U0001778,0,0.8713654057071345
U0001779,1,3.2041260600527206
U0001780,1,2.1171809681304126
U0001781,1,2.2250061792449642
U0001782,1,1.591612003173811
U0001783,1,2.485306193983984
U0001784,0,1.3078425763118702
U0001785,0,1.844688123777832
U0001786,1,1.534483238918039
U0001787,0,5.153966219844463
U0001788,0,4.778270307450946
U0001789,0,-0.6615616398701256
U0001790,1,3.7423375742042744
U0001791,1,1.2635756727178062
U0001792,0,4.601356294211403
U0001793,1,4.1341667903839365
U0001794,0,1.069696801398818
U0001795,0,0.31912875490045245
U0001796,0,0.9827741892372615
U0001797,1,3.0101334649933307
U0001798,0,1.806463760855241
U0001799,0,2.4242359355975154
U0001800,0,3.1211122746493842
U0001801,1,1.8363028342929049
U0001802,0,1.9996616138558494
U0001803,0,2.710387452894725
U0001804,0,1.2718235122236123
U0001805,0,2.441141340693804
U0001806,0,1.3132731818043446
U0001807,0,2.7414503034967908
U0001808,0,2.755063350216844
U0001809,0,2.317063778943009
U0001810,0,3.192524523762554
U0001811,1,0.9599312379033318
U0001812,1,3.7794041677638326
U0001813,1,4.277585745438351
U0001814,1,4.096947347335483
U0001815,0,0.43354165172883086
U0001816,0,1.3322391410962986
U0001817,1,2.8139757452760747
U0001818,0,3.007418400394984
U0001819,0,1.4266529222506819
U0001820,0,-0.5377330443552566
U0001821,1,2.291295463775686
U0001822,1,5.240016322552126
U0001823,0,3.798434911166165
U0001824,1,1.5247259439749712
U0001825,0,2.438506694053814
U0001826,0,4.528005293679229
U0001827,0,4.4969071698339995
U0001828,1,3.0473822976677276
U0001829,1,7.936832893066594
U0001830,1,1.1589435324187694
U0001831,1,3.0177740293353246
U0001832,1,3.570000739670661
U0001833,1,3.6288493929389176
U0001834,0,3.285646585254618
U0001835,1,1.905092179381823
U0001836,0,3.171441139300555
U0001837,0,2.7614550421060464
U0001838,1,0.2679141936433034
U0001839,0,4.354195463667322
U0001840,0,4.493832749187343
U0001841,0,4.396756434844831
U0001842,0,4.115678870321114
U0001843,1,2.6166431481641794
U0001844,0,1.7797873947793903
U0001845,1,3.957027380821909
U0001846,1,2.803262688600073
U0001847,1,2.6675151159626687
U0001848,0,2.0293373501875607
U0001849,0,2.2983381486028946
U0001850,1,2.6318918528502806
U0001851,0,3.2357576887194472
U0001852,1,3.0402125012841967
U0001853,1,1.062067782471809
U0001854,0,2.374803045693888
U0001855,1,3.1506421567385097
U0001856,0,4.225954976582591
U0001857,1,2.8838052022403264
U0001858,1,3.0985239050865268
U0001859,0,0.8460278418349034
U0001860,0,3.6798653589236388
U0001861,1,3.0985773387699496
U0001862,0,4.713994065508773
U0001863,0,4.698875316421017
U0001864,1,2.1388291753685493
U0001865,1,1.2858677248347448
U0001866,1,4.0505695194374685
U0001867,1,4.137262415709451
U0001868,0,2.4558769396168234
U0001869,0,2.6465140986379048
U0001870,0,4.069781733522989
U0001871,1,-0.15694174622258927
U0001872,1,2.353875243934631
U0001873,1,1.5516409333405399
U0001874,1,3.481861641369754
U0001875,1,4.7745421588577805
U0001876,1,4.925606325789252
U0001877,0,1.5191952441681487
U0001878,1,3.3014855523801714
U0001879,0,2.013065938746564
U0001880,0,1.6586772879440108
U0001881,1,3.7520034724919213
U0001882,0,3.157457271972403
U0001883,0,6.441607868250488
U0001884,0,1.409856324430546
U0001885,0,1.4896975493751512
U0001886,0,3.4583216016338305
U0001887,0,1.0485275228838944
U0001888,1,2.650235541871723
U0001889,1,0.8661037620952357
U0001890,0,1.075597438290755
U0001891,1,1.7101577502051946
U0001892,1,1.233477438677987
U0001893,1,0.06621557869383032
U0001894,0,2.267135353844324
U0001895,1,3.581082224141756
U0001896,0,2.487972980343642
U0001897,1,2.363339919074921
U0001898,1,3.1510631445452617
U0001899,1,-3.844231837246916
U0001900,1,-4.807811920794478
U0001901,1,3.511622868623345
U0001902,1,1.399501921195192
U0001903,1,0.8958467756033954
U0001904,0,5.6025719369615885
U0001905,1,1.0169160592389552
U0001906,0,1.9610574387510802
U0001907,1,0.7713404659686027
U0001908,0,2.8669368130442514
U0001909,1,3.3412801892903765
U0001910,0,1.239258536588654
U0001911,1,2.4994111520772897
U0001912,1,3.4454497135597304
U0001913,0,1.5647997700009064
U0001914,1,0.11207615535436943
U0001915,0,1.9702878414614595
U0001916,1,3.767682676748187
U0001917,0,4.377230647409954
U0001918,0,2.865202687203425
U0001919,1,4.6342159456627705
U0001920,0,2.7971995368678506
U0001921,1,3.5853211356105845
U0001922,0,4.568049363514744
U0001923,0,1.6115237368245623
U0001924,0,0.8542759733079919
U0001925,1,2.1781951131141604
U0001926,0,2.0304600058510864
U0001927,1,2.4090156337352475
U0001928,1,3.2270025869187755
U0001929,1,5.973456023021285
U0001930,1,3.433195137206214
U0001931,0,5.832395177854224
U0001932,1,2.0622996734666135
U0001933,1,1.157168258002466
U0001934,1,3.016767920469146
U0001935,1,2.3413309715667925
U0001936,1,2.6182356906695468
U0001937,0,3.6544941132623094
U0001938,0,2.048381764260526
U0001939,0,1.5346607355943327
U0001940,0,2.423194693627872
U0001941,0,5.198179914442232
U0001942,0,4.179096919581426
U0001943,1,2.5230021868261154
U0001944,0,2.8951088958517506
U0001945,1,2.4419567572370795
U0001946,1,1.9327037491329762
U0001947,0,3.447997029543526
U0001948,0,0.027552351793755037
U0001949,0,2.629156022652168
U0001950,0,1.5297761702736388
U0001951,0,1.2267678293956532
U0001952,1,4.809951330022612
U0001953,1,0.4299682785848056
U0001954,1,0.46459843038497617
U0001955,0,3.469949489229805
U0001956,0,0.6069154749612089
U0001957,0,1.8745195198068991
U0001958,0,1.6761599451918237
U0001959,0,9.807782567898403
U0001960,0,2.465499620687087
U0001961,1,2.330534510711157
U0001962,0,2.460170022688814
U0001963,1,8.461797697284588
U0001964,1,2.2400457736845993
U0001965,0,1.740509521200579
U0001966,1,1.9170174251287335
U0001967,0,2.562464307237036
U0001968,0,4.554136658067462
U0001969,1,3.614637994442056
U0001970,1,2.443146689608435
U0001971,1,4.343961351566815
U0001972,1,0.9659001356921593
U0001973,0,1.5349412974290768
U0001974,0,1.8243621563828576
U0001975,0,3.158205689397466
U0001976,1,2.2678910825234233
U0001977,0,1.9582272891980512
U0001978,0,3.044348916838622
U0001979,1,3.4966671531890103
U0001980,0,0.8409079502832153
U0001981,1,4.020463495519312
U0001982,1,0.7785512490860889
U0001983,0,2.66428499777723
U0001984,0,3.5926605846831663
U0001985,1,5.596513227008106
U0001986,1,1.0877428154507278
U0001987,1,5.248154987109913
U0001988,0,2.05828083475909
U0001989,1,-0.47193994457559896
U0001990,0,3.740244122008196
U0001991,1,0.4621805585944614
U0001992,0,1.959497578433309
U0001993,0,4.945975247538367
U0001994,0,2.85908863470962
U0001995,0,-0.34481057560261874
U0001996,0,2.203014979946861
U0001997,0,4.132353135502786
U0001998,0,1.923740036957799
U0001999,1,2.4938149447406417
U0002000,0,1.4057002246677328
U0002001,1,1.9098071665111398
U0002002,0,2.1497075844490787
U0002003,1,3.2477322174849057
U0002004,0,2.807331218738252
U0002005,0,4.5285558899927025
U0002006,0,4.224267753639342
U0002007,0,0.41829426797127844
U0002008,0,3.893978424408413
U0002009,0,2.267997071281867
U0002010,0,3.216509515536327
U0002011,1,1.132905854721546
U0002012,0,3.432038071719944
U0002013,1,3.635014077583129
U0002014,1,3.0585321502069363
U0002015,0,2.557238175682304
U0002016,0,4.601285514664443
U0002017,0,2.5843127349149544
U0002018,0,4.1338640119760015
U0002019,0,5.6917532230945405
U0002020,1,2.2657284370931876
U0002021,0,3.5286504785906665
U0002022,1,2.4875734333792607
U0002023,0,3.0153030062155004
U0002024,1,5.260405518875027
U0002025,1,2.5191492625118137
U0002026,1,0.17593288097719473
U0002027,0,3.603245372526489
U0002028,0,1.795292008421443
U0002029,0,1.3054380303208077
U0002030,1,4.347165281074641
U0002031,0,6.220828234090934
U0002032,1,-1.2148712989002703
U0002033,0,-0.32388494467716455
U0002034,1,1.629704561266994
U0002035,1,1.057734771478442
U0002036,1,4.058080901350964
U0002037,0,1.7559318953598417
U0002038,0,2.901589368634216
U0002039,0,4.225291366526747
U0002040,1,3.162825903180895
U0002041,0,1.5701284635771664
U0002042,1,1.4286661560175844
U0002043,1,0.8235733493985542
U0002044,0,2.0578037725284233
U0002045,0,3.261695343082028
U0002046,0,3.250898688102673
U0002047,1,2.8801173953619035
U0002048,0,2.3638410893838966
U0002049,0,1.4774905298266852
U0002050,0,3.887957375260214
U0002051,0,0.8387023523753072
U0002052,1,3.938317849081205
U0002053,1,1.606334266978763
U0002054,0,3.606671018189772
U0002055,0,2.860179038781393
U0002056,0,-0.19186979880284483
U0002057,0,0.39356232537783953
U0002058,0,2.7941494608754454
U0002059,0,2.187662851737336
U0002060,1,2.555692962592996
U0002061,1,5.9191538068414005
U0002062,1,3.17101019655521
U0002063,1,3.676830982911614
U0002064,1,4.687383652390508
U0002065,0,2.0100843248393403
U0002066,1,1.4376514034858587
U0002067,1,2.4523896508406775
U0002068,1,2.628913426040249
U0002069,1,1.8963755740025228
U0002070,0,3.259301988203296
U0002071,0,1.7103838471966917
U0002072,0,1.8287036698419286
U0002073,1,2.946283217096502
U0002074,1,3.2729266611328107
U0002075,1,2.90291135836228
U0002076,0,3.2786509873807255
U0002077,0,1.3526842400788368
U0002078,0,2.7410365374941623
U0002079,0,4.052674333703257
U0002080,1,2.9053974349358356
U0002081,1,2.758363377064537
U0002082,1,3.2575030730397856
U0002083,1,3.5742493116545937
U0002084,1,1.972006066029028
U0002085,0,1.3257340244818678
U0002086,1,4.571363380928059
U0002087,1,4.603652256917716
U0002088,1,2.292487112357044
U0002089,1,1.354308623801387
U0002090,1,2.4202563165603976
U0002091,0,5.305368211157582
U0002092,0,2.30691818586806
U0002093,0,3.823796548648886
U0002094,1,0.5168986125824286
U0002095,1,2.456239206327485
U0002096,1,0.20156820683799737
U0002097,1,3.208528418392703
U0002098,1,2.5784009043663563
U0002099,1,2.9019168954696752
U0002100,0,3.1815078831332393
U0002101,0,4.997771847249847
U0002102,0,4.694359163756948
U0002103,1,2.0045020187789184
U0002104,0,3.091962100508418
U0002105,1,1.4608971079347377
U0002106,0,0.384656529820397
U0002107,1,3.711060122499397
U0002108,0,-0.37603322346294554
U0002109,1,2.6219641219582037
U0002110,0,3.6443508716086086
U0002111,0,1.9570341521182595
U0002112,0,-1.034021830857533
U0002113,1,1.5639817362609065
U0002114,0,-1.0781543699332268
U0002115,0,2.6301464913446537
U0002116,0,3.3945642147435535
U0002117,0,4.656541835692945
U0002118,0,1.0589859227614014
U0002119,1,1.4149364925206882
U0002120,1,0.9059513891310402
U0002121,1,2.239600561352649
U0002122,1,1.542081759922091
U0002123,0,0.8350411920019845
U0002124,0,3.6678822473216535
U0002125,0,3.951262621555955
U0002126,1,6.866015529341908
U0002127,0,1.9884151155499161
U0002128,1,3.687595947165068
U0002129,1,0.7172926645144848
U0002130,0,2.584129080659915
U0002131,1,2.1191406844637104
U0002132,1,3.167285912103072
U0002133,0,2.0747953226461764
U0002134,0,3.4587459547740167
U0002135,1,2.9342773624457577
U0002136,1,0.32826523780278904
U0002137,1,4.992446079251849
U0002138,0,1.9019774726314793
U0002139,1,6.1061388064961175
U0002140,0,3.803489129334899
U0002141,0,4.713134967430975
U0002142,1,1.3343872497189437
U0002143,1,3.9395385523395916
U0002144,0,0.6488259617529977
U0002145,0,2.466072693332123
U0002146,0,2.8704036196471403
U0002147,1,3.55375796880746
U0002148,0,0.5048609186863864
U0002149,1,6.001742374550457
U0002150,0,2.0069568404331086
U0002151,0,9.306109558156454
U0002152,0,3.4601992097809777
U0002153,0,2.708066944315469
U0002154,1,6.8434381453010555
U0002155,0,2.1255437774656585
U0002156,0,2.89530846327656
U0002157,1,1.1885143944552432
U0002158,1,3.3882905588748216
U0002159,0,5.21840403250509
U0002160,1,2.6022496157497557
U0002161,0,3.2891785654961847
U0002162,0,0.3347886437295706
U0002163,1,7.951369562948344
U0002164,1,4.115509310437339
U0002165,0,4.981501431725071
U0002166,0,4.610733237872488
U0002167,1,3.5192952180980086
U0002168,0,3.7943266709373464
U0002169,0,2.048119263953117
U0002170,1,4.622120810799709
U0002171,0,2.797668245314185
U0002172,0,4.080061912403668
U0002173,0,1.571977823516983
U0002174,0,4.12092560493797
U0002175,1,-2.741881901027881
U0002176,1,4.762058970854287
U0002177,1,2.045623286504206
U0002178,0,3.859133824120157
U0002179,0,5.3390036475443665
U0002180,0,3.9267694957538133
U0002181,0,1.0393469293562383
U0002182,1,2.959779984968854
U0002183,0,2.0985856113728154
U0002184,0,4.274430534587083
U0002185,0,2.1385990415940057
U0002186,1,8.666601125004728
U0002187,0,3.5868574034673806
U0002188,0,2.6657792915652365
U0002189,1,2.1691358118361883
U0002190,0,3.0719198089950197
U0002191,0,4.047912445562469
U0002192,1,1.1040953585473154
U0002193,0,2.7651461817764016
U0002194,0,1.8772872021076203
U0002195,1,1.2479819717984775
U0002196,1,3.58413213277095
U0002197,0,-0.39012727156374893
U0002198,1,3.737852681564405
U0002199,0,4.1003646668422435
U0002200,1,2.7612044456902805
U0002201,1,4.263422542754469
U0002202,1,0.6611936452825837
U0002203,0,2.5613112548588433
U0002204,1,7.836894178651658
U0002205,0,3.9425160877482988
U0002206,1,0.19076076826105748
U0002207,1,2.404274793675299
U0002208,1,5.963021412189516
U0002209,0,2.0174567998780013
U0002210,1,1.7080173000679686
U0002211,0,2.3676134476228015
U0002212,0,0.6112643441047947
U0002213,1,0.1592391726544271
U0002214,1,2.0529783795883425
U0002215,1,-1.5061039315023947
U0002216,0,3.2270927954293533
U0002217,0,2.2456346466641683
U0002218,0,3.038079312031499
U0002219,1,3.4025042093441886
U0002220,1,1.557574000410387
U0002221,0,0.17642506946566172
U0002222,1,1.3792646555110508
U0002223,0,3.2851153285947525
U0002224,0,2.491896148628122
U0002225,1,2.4200295821811117
U0002226,1,1.6727855053085676
U0002227,0,3.051087380090223
U0002228,1,1.7362654054732367
U0002229,0,0.734006165580821
U0002230,1,2.197627130935846
U0002231,1,1.845524771092272
U0002232,0,3.8794171992509057
U0002233,1,-0.9643950842488991
U0002234,0,-0.5100070844598523
U0002235,0,1.0473842453972004
U0002236,1,2.0564387081315623
U0002237,1,3.7620257356050466
U0002238,0,2.4851479490952357
U0002239,0,3.7204126522045264
U0002240,1,1.9553544019323397
U0002241,1,3.2953581797542224
U0002242,0,4.045383835167494
U0002243,1,2.7924454857522463
U0002244,1,3.032011703042837
U0002245,1,7.354262565955118
U0002246,0,4.075076594617737
U0002247,1,0.685839728867645
U0002248,1,0.5335830598993603
U0002249,0,4.26391697099019
U0002250,1,0.43266828226090226
U0002251,0,3.2771695147011
U0002252,0,5.477712028218175
U0002253,0,3.1112347005696748
U0002254,1,3.8174836835797645
U0002255,0,1.2037145016340318
U0002256,0,1.8471352058335704
U0002257,1,1.6451792338887046
U0002258,0,1.7163604762367868
U0002259,1,0.31859733369458887
U0002260,1,3.364349525403803
U0002261,0,5.603625341109076
U0002262,0,1.200614244991801
U0002263,1,3.8385080480124785
U0002264,1,1.5799910290743036
U0002265,1,2.3582781033372093
U0002266,0,2.806328466944027
U0002267,0,2.4822175197440135
U0002268,0,3.5396024551682252
U0002269,0,-0.5545763960701535
U0002270,1,2.2572903467643073
U0002271,0,-3.7104680841144955
U0002272,0,-0.1861962065214744
U0002273,0,3.443285968065684
U0002274,1,0.6693636291915368
U0002275,0,0.4689577806664147
U0002276,1,2.4348496314139556
U0002277,0,2.7022428562916474
U0002278,1,5.1123669250661585
U0002279,1,3.2601123569172525
U0002280,1,1.2217754521029072
U0002281,1,1.851248732545983
U0002282,0,5.538293503812849
U0002283,0,3.288985098145858
U0002284,0,1.9001539882816
U0002285,0,4.4080848089772235
U0002286,1,2.38189987059188
U0002287,1,2.87335432158412
U0002288,0,2.196705461177091
U0002289,0,3.168859949752825
U0002290,0,3.444473784879065
U0002291,1,3.242490668247644
U0002292,0,0.32145980102135496
U0002293,1,2.953445262065703
U0002294,0,3.079233031391297
U0002295,1,1.6576988858148258
U0002296,1,3.9965935959482337
U0002297,0,3.1717203732672843
U0002298,0,0.5943928106506036
U0002299,1,3.838666163659669
U0002300,1,5.111400120074219
U0002301,0,0.3613661077493404
U0002302,0,1.8240990433251874
U0002303,1,2.2421011312083827
U0002304,0,5.16886566758259
U0002305,0,2.3338310502749664
U0002306,1,3.940350698000252
U0002307,1,4.602274790411894
U0002308,1,2.609061647530261
U0002309,0,3.3354531779856735
U0002310,1,2.427296839884498
U0002311,0,2.2556887206800553
U0002312,1,1.6475576172400732
U0002313,0,1.8479854313831545
U0002314,1,3.562050826676092
U0002315,0,1.412865275460522
U0002316,0,0.1926498221592272
U0002317,1,2.56514331630472
U0002318,1,3.618379205709445
U0002319,0,4.14059837559935
U0002320,1,4.6456638115430415
U0002321,1,4.029394164793141
U0002322,0,8.485907008192676
U0002323,0,2.500026697120699
U0002324,0,1.0365128126230267
U0002325,1,4.1742228899831595
U0002326,0,1.2412635874809226
U0002327,0,1.3953641126244776
U0002328,0,2.2492759724865508
U0002329,0,2.1990424489189344
U0002330,1,3.7517605346244203
U0002331,1,1.9269734306732147
U0002332,0,1.2390364106728793
U0002333,1,3.2276901754506717
U0002334,1,4.695134256265863
U0002335,1,2.157648086605157
U0002336,0,6.08043370094518
U0002337,1,1.9630426421344538
U0002338,0,1.548740268588844
U0002339,1,3.849768419700334
U0002340,1,1.4911739113390894
U0002341,1,2.5888929135444254
U0002342,0,-0.10242690067027027
U0002343,1,-1.0902607652136034
U0002344,0,0.956833754500483
U0002345,0,3.297354536432918
U0002346,1,1.5205275833723029
U0002347,0,2.8599690934735342
U0002348,1,5.741520658154485
U0002349,0,2.0559537224713775
U0002350,1,1.8370469941551448
U0002351,1,3.1496712726294795
U0002352,0,8.204124579225235
U0002353,1,2.7468945195589036
U0002354,0,3.4333245186958834
U0002355,0,2.711931280239824
U0002356,1,5.700163497655868
U0002357,1,5.631089935218974
U0002358,0,2.329852932864984
U0002359,1,3.2824160510089193
U0002360,0,0.507765261526476
U0002361,0,3.0724769450568257
U0002362,0,2.3610854267403845
U0002363,0,-0.15422363429973274
U0002364,1,0.8805327774149756
U0002365,1,2.5426833362713808
U0002366,1,3.1729505657280654
U0002367,1,0.4599210280736816
U0002368,1,7.297911355392898
U0002369,0,3.244083681507984
U0002370,1,2.9429810528954157
U0002371,1,7.901072385085772
U0002372,1,2.3704703525668656
U0002373,1,3.872915159561643
U0002374,0,1.1001231544565861
U0002375,0,2.786344518170555
U0002376,1,3.2555307553933837
U0002377,0,3.973797396041814
U0002378,1,2.5254699615963716
U0002379,1,2.278363216747973
U0002380,0,1.5804926451324945
U0002381,0,1.160894674178607
U0002382,0,4.14403434692991
U0002383,0,-0.22345905084899442
U0002384,1,2.810889136550621
U0002385,0,0.7200465647106356
U0002386,0,3.101561165300172
U0002387,1,4.119786551188877
U0002388,0,3.5201125241680398
U0002389,0,1.471916407643537
U0002390,1,2.5208963558259754
U0002391,0,0.9903214955022683
U0002392,1,1.8576687574992228
U0002393,1,1.9741775427749957
U0002394,1,3.38523001415469
U0002395,0,3.529168984476879
U0002396,1,1.278130382359933
U0002397,0,1.2441436758841196
U0002398,1,2.6296663298493
U0002399,1,2.63072522579116
U0002400,1,1.9206037307125854
U0002401,0,1.7632186053602545
U0002402,1,2.7841912977712457
U0002403,0,1.5409649429693957
U0002404,0,1.897560286908785
U0002405,0,4.2054770107294
U0002406,1,-0.3530295209446166
U0002407,1,3.0601651951877464
U0002408,0,0.9936480149654123
U0002409,1,3.0891152061117673
U0002410,0,2.53644382586762
U0002411,0,3.82604013220155
U0002412,1,2.4520004206603403
U0002413,0,2.2789746811191467
U0002414,1,3.709246983931415
U0002415,0,3.8313299536049286
U0002416,1,3.4536674389168045
U0002417,1,0.5649381883174112
U0002418,1,0.64766683479092
U0002419,0,2.798942400524158
U0002420,0,2.190328416610452
U0002421,1,2.294268633363574
U0002422,1,2.2098905169278673
U0002423,1,3.4105442950934837
U0002424,0,4.257983599274322
U0002425,0,2.647282618313538
U0002426,1,0.9000197874242648
U0002427,1,2.452771673708405
U0002428,1,3.6038357931320046
U0002429,1,5.66175344695198
U0002430,0,3.2550128446285083
U0002431,0,4.161115716138092
U0002432,0,2.958833010031828
U0002433,0,1.7888042984197448
U0002434,0,4.30739838204871
U0002435,0,0.3958374751877294
U0002436,1,1.1205746879051937
U0002437,0,2.567642336293112
U0002438,1,2.2660211995360804
U0002439,1,2.4201668137719707
U0002440,0,1.7822335166020196
U0002441,1,0.8100018489876213
U0002442,1,2.7471176347862105
U0002443,1,3.7823494817680015
U0002444,1,0.22061160587744766
U0002445,0,2.375150991407388
U0002446,1,2.8399083643211718
U0002447,0,3.9260553517146395
U0002448,1,5.410521756156815
U0002449,0,1.0193047598412477
U0002450,0,1.0292139606768238
U0002451,1,2.9717574966846225
U0002452,0,3.292385005651596
U0002453,1,4.880471996203845
U0002454,1,2.321463361787469
U0002455,0,2.042916160823399
U0002456,0,-0.2453738162645891
U0002457,0,2.0733550791786968
U0002458,0,2.3929978010246593
U0002459,0,4.297601241796983
U0002460,1,2.1792967682769984
U0002461,0,4.932391430327389
U0002462,1,2.844969841656054
U0002463,1,2.760726122328922
U0002464,1,3.3598529487615334
U0002465,1,1.71614895313623
U0002466,1,2.366321251839608
U0002467,1,0.891658498372955
U0002468,0,1.3150439193290584
U0002469,0,0.4939541141319843
U0002470,0,3.005375861752846
U0002471,1,2.0521468689156706
U0002472,1,3.9038548970264593
U0002473,1,2.279869115761329
U0002474,1,2.375460372591295
U0002475,1,3.835659656757354
U0002476,0,2.1160466324661478
U0002477,0,3.78148433723913
U0002478,1,4.401182657470544
U0002479,1,4.12155396308866
U0002480,0,3.3014351223512257
U0002481,1,3.5902530314248686
U0002482,1,5.111500011149321
U0002483,0,-0.7146821983331968
U0002484,0,1.8244323058913352
U0002485,0,2.5830099721266784
U0002486,1,2.81030272217353
U0002487,0,3.1344655465567897
U0002488,1,2.2506171418497996
U0002489,0,3.2214881790364416
U0002490,1,2.401747269201092
U0002491,0,3.7992553823235156
U0002492,0,4.815866187625353
U0002493,0,4.238722422988854
U0002494,1,1.9418947748321091
U0002495,0,0.8451293141701015
U0002496,1,-0.8714284298899955
U0002497,1,5.178090527739844
U0002498,0,3.1242721165102516
U0002499,1,2.4212290424271323
U0002500,0,5.343541651306532
U0002501,0,2.5315228343614393
U0002502,1,-0.15393852930086283
U0002503,1,2.445677869689101
U0002504,0,4.1501900152908355
U0002505,0,2.7409210737747856
U0002506,1,2.3272401135641303
U0002507,1,0.5480507625885611
U0002508,1,3.833904798727435
U0002509,1,3.1183481690714387
U0002510,0,1.2597379898263643
U0002511,1,1.051252077822852
U0002512,1,5.564551139926248
U0002513,0,0.07037996245824729
U0002514,1,2.5041513687172987
U0002515,1,1.458988107866201
U0002516,1,1.492478846480978
U0002517,1,1.3596456943232518
U0002518,0,1.6470034547017889
U0002519,0,0.7597931056601581
U0002520,1,3.3260250469616004
U0002521,0,3.052299189859525
U0002522,0,5.063589948320125
U0002523,1,6.631156369881005
U0002524,1,1.2207119654760419
U0002525,0,2.832816846534861
U0002526,0,-0.18109359843453632
U0002527,0,1.305672946767661
U0002528,0,2.5458353378628544
U0002529,0,4.058238530821182
U0002530,1,1.6992800293973929
U0002531,1,4.383186547989162
U0002532,1,2.192248613631154
U0002533,0,3.002722836447468
U0002534,0,2.1759757858334066
U0002535,1,3.7218386395973866
U0002536,1,3.9641431869786103
U0002537,1,2.95275379636972
U0002538,1,2.3548887652928734
U0002539,0,2.758466611111608
U0002540,0,5.675357864405068
U0002541,1,0.9725809966575873
U0002542,0,2.740810822971092
U0002543,1,3.1662305239677373
U0002544,0,3.353115525538083
U0002545,0,2.3433700930095274
U0002546,1,3.1029194278427745
U0002547,1,3.9173425475143837
U0002548,1,-0.5415637647907232
U0002549,1,1.6279328974271543
U0002550,0,-1.812678646449239
U0002551,0,0.798365589393903
U0002552,1,0.3122124276527316
U0002553,0,3.036165809340174
U0002554,1,0.4233102285441035
U0002555,1,3.4747093658939985
U0002556,0,1.6597761959005535
U0002557,0,2.4718515210763563
U0002558,0,2.0898440066893826
U0002559,1,1.8732137737437409
U0002560,1,3.7681651350672745
U0002561,1,4.11060526415212
U0002562,1,1.3830563342005142
U0002563,0,2.6894223189208937
U0002564,1,1.1251607911656798
U0002565,0,3.100749487088919
U0002566,1,3.8515950325452977
U0002567,0,5.1889798926225765
U0002568,0,2.4766681575520444
U0002569,0,1.7890227847774618
U0002570,1,3.8316188564677347
U0002571,0,3.50831795876908
U0002572,1,1.9183759332331363
U0002573,1,0.9765547820780789
U0002574,1,1.8820135770153712
U0002575,1,1.4732563173792244
U0002576,0,1.4181732168838685
U0002577,0,6.886220242190809
U0002578,1,3.445494852829146
U0002579,0,3.3885433982125264
U0002580,0,1.6217014866290071
U0002581,0,1.3726224531764473
U0002582,1,1.1190238957004794
U0002583,1,2.8438304423820853
U0002584,1,2.994979524149194
U0002585,0,4.670358591641811
U0002586,0,1.7790007254266413
U0002587,1,0.9242643764365717
U0002588,0,-0.3786734898318116
U0002589,0,4.37534058276362
U0002590,1,2.9175790829042167
U0002591,0,0.5970456074775186
U0002592,1,3.0005943482739106
U0002593,1,1.5806928021995965
U0002594,1,4.2228867082812975
U0002595,1,4.632640861329314
U0002596,0,1.752768652909534
U0002597,0,1.06876895845377
U0002598,1,3.331328090454539
U0002599,0,2.0855632539632296
U0002600,0,2.4616307263307426
U0002601,0,1.4860820588215802
U0002602,0,1.7480493560436372
U0002603,1,1.1013883167166476
U0002604,0,1.5524019228775252
U0002605,0,2.4126171895675856
U0002606,1,4.525316390166289
U0002607,1,1.5758991941601401
U0002608,0,3.480158248324038
U0002609,1,6.004661255128436
U0002610,1,0.22637856869006612
U0002611,0,2.430058205855861
U0002612,0,4.085419060541259
U0002613,0,3.831550325010987
U0002614,0,3.0716044521920924
U0002615,1,1.3865651128752905
U0002616,1,0.07631304782883319
U0002617,1,3.6879764407449844
U0002618,1,1.9791665423788203
U0002619,1,3.4427465894108487
U0002620,0,0.9995648532952721
U0002621,1,1.033409080807104
U0002622,1,2.0116582251258706
U0002623,1,2.558447329979387
U0002624,0,3.8279591849077654
U0002625,1,2.5820121476820077
U0002626,0,1.5614261052139113
U0002627,0,2.948631471867966
U0002628,1,1.7320082196109325
U0002629,1,1.99100250087269
U0002630,1,-1.0658952603251812
U0002631,0,5.751340381986758
U0002632,0,3.190921095954897
U0002633,1,1.2191301272294517
U0002634,1,1.4454196734363602
U0002635,1,2.040213066384524
U0002636,0,1.9760628034431988
U0002637,0,1.3893180952298678
U0002638,1,1.7874258571901738
U0002639,1,4.79310471586353
U0002640,1,2.460335506148926
U0002641,0,1.8025131252572741
U0002642,0,4.793049252799708
U0002643,1,3.307518612632041
U0002644,0,4.1539128092273145
U0002645,1,6.204166019078848
U0002646,0,2.7719949825071737
U0002647,1,3.0696523664751147
U0002648,0,-2.635571529998103
U0002649,1,3.3135055819432893
U0002650,1,1.9587462714957766
U0002651,0,3.5170932474967103
U0002652,1,1.0340485885593917
U0002653,1,0.11826692097597302
U0002654,1,2.2225983072986537
U0002655,0,1.8820663272698894
U0002656,1,2.9089042944740626
U0002657,1,3.339489269271546
U0002658,0,2.7243297172990175
U0002659,1,0.46183273764319566
U0002660,0,2.755073907927553
U0002661,0,2.7160749469384093
U0002662,0,2.183682426641923
U0002663,0,3.0762027024263663
U0002664,1,3.2271464182313316
U0002665,1,7.178050887109823
U0002666,0,2.390904322223548
U0002667,0,2.920407991784632
U0002668,0,2.2256410833019675
U0002669,1,4.039476215392643
U0002670,0,3.461113229826882
U0002671,0,-3.0465422766135504
U0002672,1,2.2483065368626125
U0002673,0,1.8673930188719758
U0002674,0,1.2924420774159309
U0002675,0,0.03788171328182344
U0002676,0,1.979300608930025
U0002677,0,0.7486720901736206
U0002678,1,1.514269582012485
U0002679,1,3.5673722470851814
U0002680,0,5.057413348219754
U0002681,1,3.2393651464704956
U0002682,1,2.1340629103368443
U0002683,0,3.4125115177086833
U0002684,1,3.849252968717778
U0002685,0,3.9999314729984583
U0002686,1,0.5338389248153028
U0002687,0,1.6159502989777685
U0002688,1,2.8786942117800756
U0002689,1,4.155010805889917
U0002690,1,1.6507033140740255
U0002691,1,3.896917599430566
U0002692,0,1.9115633485850978
U0002693,1,3.5197077896067093
U0002694,1,1.2508145819410714
U0002695,1,1.3269005648382723
U0002696,1,2.4569395313707325
U0002697,0,2.154064662203922
U0002698,0,3.1961546418133455
U0002699,0,0.14209559110129177
U0002700,0,3.504237480039837
U0002701,0,2.1100383466571877
U0002702,0,1.6825909514641992
U0002703,1,3.503820784023091
U0002704,0,1.8409835180068121
U0002705,1,3.3008135255600344
U0002706,1,2.859692607614617
U0002707,0,2.779549684393018
U0002708,0,2.8449028451135234
U0002709,0,2.2022864424629525
U0002710,0,1.675505463849479
U0002711,0,0.19787009547529522
U0002712,0,3.878343679134737
U0002713,1,3.650887363559157
U0002714,0,1.7167655793368866
U0002715,1,2.595715724259275
U0002716,0,4.549962730564584
U0002717,1,3.5112528125278217
U0002718,1,2.037144719120903
U0002719,0,2.462054166777442
U0002720,1,2.9764234364893554
U0002721,1,2.2553597254237445
U0002722,1,3.5998856795431173
U0002723,0,2.6518120709419293
U0002724,1,1.7588281498958196
U0002725,0,-0.00131815148874459
U0002726,1,3.1352620221386616
U0002727,0,2.163421451129537
U0002728,0,3.210802312647459
U0002729,0,1.4244947131018169
U0002730,0,4.900260256914013
U0002731,0,3.3752305374948293
U0002732,1,2.216867000417393
U0002733,1,0.23921055022856663
U0002734,0,2.881559877748643
U0002735,1,1.5377425886362808
U0002736,1,7.364358867642439
U0002737,0,0.9789225519040023
U0002738,1,5.010287806726582
U0002739,1,1.2292644851514147
U0002740,0,2.1802236253597496
U0002741,1,3.094492886351059
U0002742,1,2.728473906415715
U0002743,1,4.012319865599135
U0002744,0,4.9944814963503354
U0002745,0,0.16149103566814915
U0002746,0,2.1347966720553337
U0002747,0,3.6384400508446397
U0002748,1,3.7529999748791187
U0002749,1,1.462724462426074
U0002750,0,2.2848360803227603
U0002751,0,-0.7697171417063196
U0002752,1,2.3170590814175824
U0002753,0,2.4825585753232815
U0002754,0,3.9453357758254572
U0002755,1,-7.054673888379224
U0002756,0,2.844165140153695
U0002757,1,3.4165631879527254
U0002758,0,2.9408093396180526
U0002759,0,2.159670662446066
U0002760,1,1.2555347907002954
U0002761,1,5.713150912428432
U0002762,0,3.315560073612197
U0002763,0,0.6366647520572783
U0002764,0,-0.027928146723755987
U0002765,0,0.5268285616002473
U0002766,1,0.16813274994238725
U0002767,1,4.288389439167698
U0002768,1,2.804201417829935
U0002769,0,3.969950428367241
U0002770,1,2.989518221452901
U0002771,1,3.5867091005913068
U0002772,1,4.161226025695015
U0002773,1,2.0504877205752443
U0002774,1,1.7285110059933153
U0002775,0,3.0131882982826212
U0002776,0,2.8148895975255037
U0002777,0,2.3951707676428384
U0002778,0,2.8117516591212226
U0002779,0,3.0331610624830745
U0002780,0,4.5106518790984715
U0002781,1,2.270582270088184
U0002782,1,0.648550906644342
U0002783,0,1.2686194088725493
U0002784,1,5.075290936704263
U0002785,0,2.404954975608913
U0002786,0,1.2751421849209876
U0002787,1,2.8634714699349324
U0002788,0,4.795035085391692
U0002789,0,3.5018564381017185
U0002790,0,-4.341282904676326
U0002791,0,-13.069663001940043
U0002792,0,4.299213721781417
U0002793,1,0.9288769523150542
U0002794,1,3.173378799691145
U0002795,0,4.47320487961208
U0002796,0,3.0385750053468232
U0002797,0,4.621984006312623
U0002798,0,3.6020513574911206
U0002799,0,3.628390772280021
U0002800,1,7.1315811423609325
U0002801,0,9.453317704536751
U0002802,0,5.120194695868083
U0002803,1,1.8752937429117615
U0002804,0,2.278119061030896
U0002805,1,3.8702276376543594
U0002806,1,1.4339160576672363
U0002807,1,1.5941418220285684
U0002808,0,3.041767282499876
U0002809,0,1.392502084023409
U0002810,1,6.070030409888744
U0002811,0,1.79683234278086
U0002812,1,2.593580456334088
U0002813,0,2.748236032526396
U0002814,0,-1.2440506094575365
U0002815,1,3.0167061864743445
U0002816,1,2.729120791680735
U0002817,1,0.14507342872174256
U0002818,0,0.9643490622890454
U0002819,1,2.173117243947617
U0002820,0,3.246944128420104
U0002821,1,2.045667409773422
U0002822,1,2.5180319074719897
U0002823,1,3.9273922402116366
U0002824,0,6.247624827978582
U0002825,0,1.5090072198564322
U0002826,0,6.910002863721413
U0002827,1,4.827254499320839
U0002828,1,2.687409659835506
U0002829,0,5.147319851481672
U0002830,0,2.9328814927337987
U0002831,1,4.668967909703902
U0002832,0,3.3003847625624108
U0002833,0,5.0465975494624935
U0002834,1,3.113896069562678
U0002835,1,1.4949487438047324
U0002836,1,1.5840805963505709
U0002837,1,4.761967190226024
U0002838,0,0.08394004065023708
U0002839,0,2.0867422379150593
U0002840,1,4.866474393480162
U0002841,0,1.4709956918494136
U0002842,0,3.223492645482832
U0002843,1,2.8626900448340074
U0002844,1,1.3195443933008697
U0002845,1,1.0558730040397002
U0002846,1,1.6746823434164924
U0002847,0,5.22799023812583
U0002848,0,2.73568086548363
U0002849,0,2.9071711795905983
U0002850,1,1.9056631230462884
U0002851,1,0.5642596070474859
U0002852,1,3.3345371868784355
U0002853,1,3.5583102394478647
U0002854,0,3.8345294229031985
U0002855,0,3.2336333025687214
U0002856,0,2.6852342377968554
U0002857,0,4.652415543203947
U0002858,1,3.888187698219703
U0002859,0,3.26371407797515
U0002860,1,5.141547400476139
U0002861,1,1.9375907622375337
U0002862,1,3.029067364403744
U0002863,0,1.5365606189131533
U0002864,1,3.0894256125816426
U0002865,1,2.5482093682626683
U0002866,0,4.160654155492882
U0002867,0,4.583164982892395
U0002868,0,2.6222965441861508
U0002869,0,1.3631815081351313
U0002870,1,2.502283624959155
U0002871,0,-0.8588267234049489
U0002872,1,2.6860490826783554
U0002873,1,2.1905610166209932
U0002874,1,-0.845987269008317
U0002875,0,2.3011297816050007
U0002876,1,3.015781315106773
U0002877,1,3.1283819609374035
U0002878,0,3.3429591608050373
U0002879,0,2.6455834714237696
U0002880,0,4.353267718573074
U0002881,1,2.4870833763590454
U0002882,1,2.9140129679842772
U0002883,1,3.8077036214688125
U0002884,0,0.25816120777379226
U0002885,0,3.2989819952864927
U0002886,0,3.2701244095491653
U0002887,0,4.6475438823757536
U0002888,1,1.9543987418395155
U0002889,1,4.4847490834837025
U0002890,1,2.390811165409696
U0002891,1,3.5060033398004222
U0002892,0,1.9454902473813966
U0002893,1,1.9728227791856945
U0002894,1,7.139919568950258
U0002895,0,2.135087908243783
U0002896,0,1.65534528620557
U0002897,0,2.2316007264968185
U0002898,0,3.881757432238018
U0002899,0,0.2832214564684925
U0002900,1,0.7404894738606345
U0002901,1,1.1885552178427012
U0002902,0,2.50774763984872
U0002903,1,3.8271766205881104
U0002904,0,5.865929394272278
U0002905,1,2.6857053091186245
U0002906,0,3.7642861917645334
U0002907,1,3.252008331302676
U0002908,1,4.932431609186402
U0002909,0,3.688492866876631
U0002910,1,1.1707232018264087
U0002911,1,8.267271981678896
U0002912,0,2.9569889888634435
U0002913,1,2.9889471392905094
U0002914,0,0.13947010531527226
U0002915,1,3.3266403496477395
U0002916,0,3.4142931750155725
U0002917,0,2.137138158675528
U0002918,0,2.719125456173053
U0002919,1,1.061372294292081
U0002920,0,1.102366050023246
U0002921,1,2.7514379537704308
U0002922,1,5.948118242876316
U0002923,1,-0.4396280085980564
U0002924,1,2.8695655535785534
U0002925,1,3.481848471649087
U0002926,0,2.2506076250030596
U0002927,0,1.9430066648341153
U0002928,0,1.985938829977485
U0002929,1,3.4891485394488946
U0002930,0,2.812054590848245
U0002931,0,2.726725435657544
U0002932,1,5.393868615342429
U0002933,1,2.4025699020781843
U0002934,1,3.477611022263048
U0002935,0,10.330202782969398
U0002936,0,2.557408977046494
U0002937,1,3.08749690450378
U0002938,0,2.861975033408017
U0002939,0,0.2764889339967258
U0002940,1,2.105675936896553
U0002941,1,2.990794164012808
U0002942,1,4.474752087322761
U0002943,0,3.279092941456959
U0002944,0,2.911806509657815
U0002945,0,1.6830116645340354
U0002946,1,2.2628802304173696
U0002947,0,2.9372162706951457
U0002948,0,-0.31409707450184854
U0002949,0,3.5488988806209356
U0002950,1,1.7253657095563355
U0002951,1,0.37773642364700777
U0002952,0,4.7400606371824345
U0002953,0,3.162780989675735
U0002954,0,5.194659080140283
U0002955,1,1.473036734535551
U0002956,1,7.274299205220235
U0002957,0,4.802546902014797
U0002958,1,1.4685687433862107
U0002959,1,3.630486760846697
U0002960,0,3.3487763396298043
U0002961,1,2.4211633507707937
U0002962,0,4.244326503599149
U0002963,0,2.8636386978807558
U0002964,0,0.5810143989650776
U0002965,1,1.5144057546827945
U0002966,1,3.2861456581098025
U0002967,0,3.6746978822480543
U0002968,0,4.127013683489341
U0002969,0,3.0956339767842547
U0002970,0,-0.04252405733183906
U0002971,0,3.774151447697122
U0002972,0,1.4136955730502265
U0002973,0,2.2849322496201623
U0002974,1,3.4703901530338825
U0002975,0,2.4114877835939232
U0002976,1,3.361553039974794
U0002977,0,2.2245287787737666
U0002978,0,2.811127912976378
U0002979,0,4.562335696807864
U0002980,1,1.4026901737065032
U0002981,0,4.046973502199352
U0002982,1,1.3227962382462977
U0002983,0,3.5693748999338517
U0002984,0,2.1345057114905597
U0002985,0,5.699907122794272
U0002986,1,3.935208495265263
U0002987,1,3.013892356482174
U0002988,0,2.444923609913296
U0002989,1,4.496550284182966
U0002990,1,2.8378391761640867
U0002991,1,0.9702664810561679
U0002992,0,3.1741734908535264
U0002993,0,6.5667718991879624
U0002994,1,3.707418649354352
U0002995,1,3.6785327573788784
U0002996,0,3.5610401254659187
U0002997,0,1.418533379397788
U0002998,1,4.326740651002645
U0002999,0,3.536476271170322
U0003000,0,2.9104175662110805
U0003001,0,0.06039222515630627
U0003002,0,2.3256448902877196
U0003003,0,5.009960100535272
U0003004,0,3.185898447119115
U0003005,0,1.6536518412514098
U0003006,0,3.708821564584035
U0003007,1,0.35208210797809514
U0003008,0,3.938742242529486
U0003009,0,3.4978963732529706
U0003010,1,1.4486818878658454
U0003011,0,3.7733866908816367
U0003012,0,1.1101918352540885
U0003013,0,3.5557194182367473
U0003014,1,2.4366102391250557
U0003015,1,1.7796187633530103
U0003016,0,2.906091557041215
U0003017,1,2.473150632023419
U0003018,1,3.42041177028867
U0003019,1,2.0054667174999086
U0003020,0,1.640154991229517
U0003021,1,0.8733260139665084
U0003022,0,1.8143062811108912
U0003023,0,3.868483066768068
U0003024,1,0.3948880533434149
U0003025,1,2.919373475098368
U0003026,1,2.896593809584779
U0003027,0,6.591879955758268
U0003028,1,-1.7064413492451678
U0003029,0,2.399195699625512
U0003030,1,4.7446695288924
U0003031,1,2.628551528092526
U0003032,1,1.0548750653691261
U0003033,1,1.386310089360034
U0003034,0,3.033301264599057
U0003035,0,6.39226670086525
U0003036,0,-0.11094242558612422
U0003037,0,2.4915673981706696
U0003038,1,4.493242771528788
U0003039,1,3.2468814645035096
U0003040,1,2.6145276426147532
U0003041,0,4.86465522965281
U0003042,0,3.293667572218702
U0003043,0,4.625519503577909
U0003044,1,3.806364659629864
U0003045,1,4.373302941500311
U0003046,0,3.478241691708842
U0003047,0,2.8262918930306604
U0003048,0,2.7358174530157893
U0003049,0,2.1194428053171652
U0003050,0,4.9257496772564675
U0003051,0,4.8313106772540415
U0003052,1,2.4969293560965973
U0003053,0,2.2145190226482647
U0003054,1,5.068929976914944
U0003055,0,2.023298445397547
U0003056,0,1.795192827307666
U0003057,1,3.3348859309499197
U0003058,0,3.8743683623233967
U0003059,1,3.5418708212685317
U0003060,0,2.698724009130018
U0003061,1,4.060628718274295
U0003062,1,4.133614430908068
U0003063,0,4.660992903021459
U0003064,0,2.056463946811796
U0003065,0,3.207796813197138
U0003066,1,2.057529460347766
U0003067,1,1.1794034970109166
U0003068,1,-2.7245496378716716
U0003069,1,4.452073052768316
U0003070,1,0.9670213431255412
U0003071,0,3.866040606134078
U0003072,0,3.720400699516123
U0003073,0,2.718331670156317
U0003074,0,0.19332477590916497
U0003075,1,1.8201832021943076
U0003076,1,5.496549023957886
U0003077,0,4.341707409914189
U0003078,0,3.3481881050552946
U0003079,1,2.415394009908816
U0003080,0,0.9090591796094571
U0003081,1,3.8108943980133816
U0003082,1,-0.9800910289581708
U0003083,1,2.5960501230647353
U0003084,0,3.9759879819958925
U0003085,1,4.068651621731455
U0003086,0,5.1877443580677784
U0003087,0,1.2062354054687567
U0003088,1,2.6878939756320666
U0003089,0,9.206195518203373
U0003090,1,3.3850113868318275
U0003091,0,0.43586917852578466
U0003092,0,2.907123798530737
U0003093,1,1.9461781691750382
U0003094,1,3.244445159333127
U0003095,1,2.833319605649649
U0003096,0,3.3306951175661172
U0003097,0,9.510402332408512
U0003098,0,2.747448848786764
U0003099,0,5.456591725498022
U0003100,1,0.15910237004547412
U0003101,0,3.012896418216613
U0003102,0,3.0379831780728885
U0003103,1,6.587863025582273
U0003104,1,1.771831548904439
U0003105,0,4.875785816189975
U0003106,0,2.4505939951295126
U0003107,0,2.1692436150547962
U0003108,1,2.8549728211614465
U0003109,1,1.5459203091156866
U0003110,1,2.2809162113313235
U0003111,1,-0.8728199458288373
U0003112,1,1.4838280339226095
U0003113,1,6.277154021478395
U0003114,1,2.2149126654148166
U0003115,0,0.9364758199711929
U0003116,0,3.182609656032106
U0003117,0,2.6764212629845545
U0003118,0,2.669997281342569
U0003119,0,2.9832132890989236
U0003120,0,1.684264917218254
U0003121,0,2.1801132836157144
U0003122,0,8.73861945812018
U0003123,1,5.664605278985029
U0003124,1,1.6114725274452475
U0003125,0,4.253613834213802
U0003126,0,-3.276819161696764
U0003127,0,2.3066165854033756
U0003128,1,4.440141960701489
U0003129,0,3.941492384372495
U0003130,1,1.8465444101869117
U0003131,0,3.5004934326942667
U0003132,1,-1.3288496638615186
U0003133,1,3.6311216097817898
U0003134,1,1.5540723890495372
U0003135,1,1.9347401714350596
U0003136,1,2.07053750696614
U0003137,1,2.725372267224575
U0003138,0,2.3210638304195967
U0003139,0,3.894122816837225
U0003140,0,5.051159326837315
U0003141,1,1.8496751453620757
U0003142,0,0.35595793288949906
U0003143,1,3.489722345234526
U0003144,1,3.132543184070851
U0003145,1,2.9487214065780663
U0003146,1,3.9143290282585426
U0003147,1,4.028777312661109
U0003148,0,3.0040610835246184
U0003149,0,0.11485415433983448
U0003150,0,3.4771428042037797
U0003151,1,4.708943227702431
U0003152,1,1.3744060587119087
U0003153,1,0.02890658490737863
U0003154,1,0.9280755897404127
U0003155,1,1.4234694002508022
U0003156,1,2.1849391396273035
U0003157,0,2.5645385120161244
U0003158,1,2.8317386064527277
U0003159,1,0.22312722067913704
U0003160,0,1.5484507751310002
U0003161,0,0.5531075651875881
U0003162,0,0.9798705932288527
U0003163,1,-1.406777613186872
U0003164,1,2.4619059394590366
U0003165,0,2.840143419269271
U0003166,1,1.4607796830709532
U0003167,0,1.101065180358706
U0003168,1,3.489963153535637
U0003169,0,1.7833519337733552
U0003170,1,2.8935137042111556
U0003171,0,2.760328034323855
U0003172,1,4.093424188892669
U0003173,0,2.4717923459341833
U0003174,1,4.612584077451478
U0003175,0,1.9344209559074326
U0003176,0,1.4525995450723528
U0003177,1,4.489978852187832
U0003178,0,3.865292050018841
U0003179,0,4.872154057991657
U0003180,1,1.6292443142707072
U0003181,1,4.376700304213237
U0003182,0,1.6123691960928959
U0003183,1,2.6585494534673266
U0003184,0,1.419375485046693
U0003185,0,4.86504915873854
U0003186,1,5.076587928233614
U0003187,1,-0.0015665059201737108
U0003188,1,4.834232597332594
U0003189,0,-0.4226213982353251
U0003190,1,4.873566477975476
U0003191,0,3.0324164346173
U0003192,0,0.784044246147328
U0003193,1,3.3156556745447485
U0003194,1,2.834282195945095
U0003195,1,4.936175019443599
U0003196,1,2.1674986984205233
U0003197,0,0.7447827372459983
U0003198,1,0.4635474437019802
U0003199,0,4.3427565831724895
U0003200,1,0.2538105171435028
U0003201,0,7.1569714958277295
U0003202,0,3.3624054037719873
U0003203,0,2.3759112310523065
U0003204,1,4.926390920164483
U0003205,0,2.848973405211904
U0003206,1,4.394194774062122
U0003207,1,-0.009886923043172402
U0003208,0,2.133218302840916
U0003209,1,4.065237277876346
U0003210,0,2.0078358879425515
U0003211,0,4.863237618618811
U0003212,1,0.9117930442996389
U0003213,1,5.723971628406797
U0003214,0,2.663380186020376
U0003215,0,2.703994480327056
U0003216,0,1.8394481921817238
U0003217,0,1.9899559857553122
U0003218,1,2.9919365658757044
U0003219,0,1.984217781315941
U0003220,1,2.2482407742868844
U0003221,0,2.590689539773912
U0003222,1,3.1204194998913373
U0003223,0,2.5682778198144884
U0003224,1,3.2794584634426904
U0003225,0,3.9170927366016954
U0003226,1,3.0541023271300567
U0003227,1,2.400242913103998
U0003228,0,2.3035096295805744
U0003229,1,3.0474039340538077
U0003230,1,3.254584711209766
U0003231,0,4.354520043735892
U0003232,0,3.536515233892322
U0003233,1,1.7169586436663735
U0003234,1,1.9981084258474375
U0003235,1,3.3768458992094974
U0003236,0,3.7445419026776
U0003237,1,3.7235690296872317
U0003238,0,0.9580045814659144
U0003239,0,2.442342284384358
U0003240,1,2.3148846029890002
U0003241,0,2.6503689974788234
U0003242,1,3.712965215893963
U0003243,1,4.448416838572205
U0003244,1,3.6353938629378675
U0003245,0,3.057110084911251
U0003246,0,3.583203983647177
U0003247,0,3.4240380335160268
U0003248,1,1.7429259262543262
U0003249,0,1.194770418532915
U0003250,0,1.1947937188638278
U0003251,0,3.1340436952409085
U0003252,0,3.407568313402237
U0003253,1,3.8941711834179493
U0003254,1,4.091830660469206
U0003255,0,3.821288644320962
U0003256,1,7.97872869352031
U0003257,1,2.6308330037810386
U0003258,0,1.18094168501786
U0003259,0,2.990124089024885
U0003260,1,1.795175253591852
U0003261,0,5.7798887575787035
U0003262,1,2.5281630262145107
U0003263,1,2.6616549605200603
U0003264,0,3.0848873828706616
U0003265,0,2.443037237018153
U0003266,1,2.163120975044688
U0003267,1,2.231944195782475
U0003268,1,3.1027405085538113
U0003269,1,1.1776217848740096
U0003270,0,3.0903029804040685
U0003271,0,0.2937984759948655
U0003272,1,0.6250762762645099
U0003273,0,-0.15562407607415452
U0003274,1,5.818382967619755
U0003275,1,3.3744523724990856
U0003276,1,2.6351163768934303
U0003277,0,3.415901321833738
U0003278,1,2.8111482745453102
U0003279,0,3.2405620574941167
U0003280,0,1.6229498799376998
U0003281,1,3.227768116153193
U0003282,1,2.016814592521193
U0003283,1,1.4983623159069168
U0003284,1,2.162446835341987
U0003285,1,3.8901384700836505
U0003286,0,2.031483288674245
U0003287,0,1.1241265742862048
U0003288,1,2.79015815722914
U0003289,1,4.101929628085937
U0003290,0,-1.0376700495215267
U0003291,1,2.013987165243554
U0003292,1,2.4617785092490045
U0003293,1,4.712502211759773
U0003294,1,-2.2469504611514175
U0003295,0,0.7009178130774991
U0003296,0,-0.7344175367377002
U0003297,1,2.6398060118617988
U0003298,0,3.093563699459697
U0003299,0,1.826158677344008
U0003300,0,2.367654798200313
U0003301,0,3.925692158207175
U0003302,0,1.7170194935851129
U0003303,1,2.606645796268678
U0003304,0,3.0105842579778486
U0003305,0,0.26176173608272535
U0003306,1,1.3584213771586438
U0003307,0,4.957491073969937
U0003308,1,0.23693639322689108
U0003309,0,2.3736049162431136
U0003310,0,3.8749918425824603
U0003311,1,0.4402481536353626
U0003312,1,2.72686192468818
U0003313,0,4.141186072390049
U0003314,0,5.589231871598393
U0003315,1,5.4891713868782155
U0003316,0,0.5811545231339021
U0003317,1,3.9308367769684196
U0003318,0,3.4660003709246823
U0003319,1,1.7554574748620908
U0003320,0,3.757273477563615
U0003321,1,1.8058540905514704
U0003322,1,4.908679500229336
U0003323,0,3.0130342507564016
U0003324,1,2.3958947722029365
U0003325,0,2.1705744686171293
U0003326,0,3.3000619394031077
U0003327,1,1.6451771392412624
U0003328,0,3.320538517804305
U0003329,0,1.6289638697221545
U0003330,1,6.908491021998337
U0003331,0,2.406179609577917
U0003332,1,-2.379864465902717
U0003333,0,1.0795898519731129
U0003334,0,2.4377928078766793
U0003335,0,3.936110191176983
U0003336,1,6.2348538233178665
U0003337,1,2.8967019156469966
U0003338,0,3.2758940759043416
U0003339,1,2.162137081453867
U0003340,0,3.4302839605823117
U0003341,1,4.649657672996273
U0003342,1,2.5323966808245455
U0003343,1,3.8868533943868595
U0003344,0,0.6036261362175246
U0003345,1,4.829891675834613
U0003346,0,2.76055854194642
U0003347,0,0.7286634260917353
U0003348,0,-1.1180225359655012
U0003349,1,1.4063352623883496
U0003350,0,4.407186981762841
U0003351,0,2.277786407203699
U0003352,0,1.7849404218899387
U0003353,0,-0.25098277421720994
U0003354,0,2.8850236737759163
U0003355,1,2.4028206405009627
U0003356,1,2.4155368046944545
U0003357,1,4.308965300552522
U0003358,0,2.8087531477847456
U0003359,1,2.70339555254931
U0003360,0,4.621266875929901
U0003361,1,0.2276713482219055
U0003362,0,4.97004947553876
U0003363,0,4.764819513549977
U0003364,1,3.093080622174014
U0003365,0,2.2662687952012597
U0003366,0,2.7320996148887957
U0003367,0,3.4553013774793158
U0003368,0,2.445290566138471
U0003369,1,1.26381634304256
U0003370,1,4.333906344527435
U0003371,1,3.3077490432254315
U0003372,0,1.766674353837601
U0003373,1,0.18048966320900917
U0003374,1,2.1488786606623105
U0003375,0,2.1362435630959062
U0003376,1,0.3110921277107863
U0003377,1,2.145689501454811
U0003378,1,2.5875756447234313
U0003379,1,1.8542694520202154
U0003380,1,2.1199741152710274
U0003381,1,2.048721994176013
U0003382,1,4.49416163653083
U0003383,0,3.8699281703674693
U0003384,1,3.3680953981740203
U0003385,0,1.7373463913882752
U0003386,0,1.6993600688776276
U0003387,0,3.877361892502396
U0003388,0,1.324244409619947
U0003389,1,1.9205032915484992
U0003390,0,2.1452524833711983
U0003391,1,-5.28978143339932
U0003392,1,2.915480501236271
U0003393,1,1.8623195964234114
U0003394,1,5.405119177577106
U0003395,0,2.320002665087152
U0003396,0,2.6694256353388806
U0003397,1,5.170231494961229
U0003398,1,3.9804802840633506
U0003399,1,4.58867512642745
U0003400,1,2.0782717550454404
U0003401,0,1.2130348969271196
U0003402,1,0.68237348255985
U0003403,0,4.216986120884442
U0003404,1,-0.4022908833480727
U0003405,1,4.3265371278947296
U0003406,1,2.825961062720488
U0003407,1,2.241950995215248
U0003408,1,5.0375070814776315
U0003409,0,2.064166694966522
U0003410,0,3.6083109184383133
U0003411,1,-0.1894201021078814
U0003412,0,3.5909413139393784
U0003413,0,1.1977383306436131
U0003414,0,4.436589449305572
U0003415,0,6.007416125150966
U0003416,1,4.674021651287447
U0003417,0,-0.4831808855295563
U0003418,0,3.981884943970723
U0003419,1,7.76672627385323
U0003420,0,1.7615067133953222
U0003421,1,2.084060960963164
U0003422,0,2.8442238325381837
U0003423,1,1.920294293672871
U0003424,1,3.5553361170661315
U0003425,1,-4.0531697977957535
U0003426,0,1.7560678542883785
U0003427,1,3.1001325725425133
U0003428,0,3.3975605555836736
U0003429,1,1.2867656090003905
U0003430,0,3.864265721479253
U0003431,0,1.8691266423855453
U0003432,0,1.9132995550136105
U0003433,0,2.5495706684267727
U0003434,0,4.528832706117894
U0003435,1,3.14066002151759
U0003436,1,1.5186892560574456
U0003437,0,2.6195134835661396
U0003438,1,1.3987924539440364
U0003439,1,0.49783900820043137
U0003440,1,-2.7850130333460115
U0003441,1,2.203824840691759
U0003442,1,2.9132433669640587
U0003443,1,2.982708073846318
U0003444,1,2.326789088798172
U0003445,0,2.8425216424201487
U0003446,0,0.9682729221139841
U0003447,1,1.9661306751083316
U0003448,1,3.742399422771685
U0003449,1,4.177174766823933
U0003450,1,2.3343244293227308
U0003451,1,2.066843123553742
U0003452,1,2.917837977772475
U0003453,1,2.7692831333953585
U0003454,0,1.1826029729014316
U0003455,1,1.5478445992114018
U0003456,0,3.621492325092685
U0003457,0,3.9922014914722936
U0003458,1,0.9518307556292207
U0003459,0,2.793173661685053
U0003460,1,2.6185861553328387
U0003461,1,0.7389092759573792
U0003462,0,4.684029488200245
U0003463,1,3.20914440812005
U0003464,1,3.2494841555977025
U0003465,1,1.2109216714233106
U0003466,1,2.432700224008123
U0003467,1,3.927275451440238
U0003468,0,3.314073854080428
U0003469,1,1.48808231756923
U0003470,0,1.6377357124277587
U0003471,1,2.3938432406262837
U0003472,0,1.37335393209327
U0003473,1,4.307180568465242
U0003474,0,7.202316820055227
U0003475,1,1.2737292833092155
U0003476,1,1.0785729544969769
U0003477,0,0.3760432612105653
U0003478,0,3.396012231338643
U0003479,1,1.3089350329867067
U0003480,1,-3.1648236136853924
U0003481,1,3.4528359832872564
U0003482,0,5.124082980302656
U0003483,0,1.2235319407348157
U0003484,1,2.9036479672558624
U0003485,0,-0.21318163526554912
U0003486,1,4.831241029881607
U0003487,1,1.3926566804460947
U0003488,0,2.324208702682485
U0003489,0,5.075987872341241
U0003490,0,1.7587015652708882
U0003491,1,2.280844988419254
U0003492,0,0.13433652558192577
U0003493,0,-0.1277741528839087
U0003494,0,3.1170271055463523
U0003495,1,0.4053718312198278
U0003496,0,5.110329854318895
U0003497,0,2.773383189005923
U0003498,1,3.898041423984207
U0003499,0,3.240978608867227
U0003500,1,2.665049919084698
U0003501,0,5.3284223899282015
U0003502,0,0.9357928529399082
U0003503,0,3.556594554202748
U0003504,1,2.64739673952392
U0003505,1,1.237418406836266
U0003506,1,0.540994229127536
U0003507,1,3.3876060278387783
U0003508,1,4.411789819449304
U0003509,1,1.5544105440295937
U0003510,0,1.868012338284288
U0003511,1,0.10993435816492081
U0003512,0,2.391775647367073
U0003513,0,2.0338640390213047
U0003514,0,2.1047343964908016
U0003515,0,3.015223990635125
U0003516,1,2.973451007644112
U0003517,1,3.395317640249706
U0003518,0,4.981522815118394
U0003519,0,2.7258433347234856
U0003520,0,1.4526608069999263
U0003521,1,3.053509232127295
U0003522,1,2.797169231813079
U0003523,1,3.7829418406838915
U0003524,0,-0.1130787741051229
U0003525,1,2.8887922862328317
U0003526,1,1.7682138338159632
U0003527,1,4.891010638346575
U0003528,1,2.8605861564119834
U0003529,0,7.237251971357544
U0003530,0,3.521189365657042
U0003531,0,3.734413312956537
U0003532,0,1.4613296882758462
U0003533,0,7.51379838311208
U0003534,1,1.893768062911363
U0003535,0,4.057700029075857
U0003536,1,3.327103255133327
U0003537,0,1.3060285239409737
U0003538,1,3.108347490989246
U0003539,0,2.070453530432193
U0003540,0,3.9096939199269514
U0003541,1,4.810720470581639
U0003542,1,1.4213769283920357
U0003543,1,3.5075198817471716
U0003544,1,3.8635371823804014
U0003545,1,1.8382147758058274
U0003546,0,3.509470607678006
U0003547,0,2.28070682601901
U0003548,0,3.8300605481865695
U0003549,1,3.019841980473391
U0003550,1,4.492669932081398
U0003551,1,2.929946070320945
U0003552,0,2.8619272093940076
U0003553,1,2.9656098134453686
U0003554,1,2.3661111904710683
U0003555,0,1.9695331181496947
U0003556,0,0.8388537218627015
U0003557,1,0.6636273516932647
U0003558,0,4.907296380456767
U0003559,1,2.719306709358488
U0003560,1,2.400256710764161
U0003561,1,3.228721232297797
U0003562,0,0.9473100559680159
U0003563,0,3.8758432789263892
U0003564,0,3.7459747160028343
U0003565,0,4.590863966324001
U0003566,1,3.7788779222242326
U0003567,0,2.813564115541361
U0003568,0,5.057229421274307
U0003569,0,2.8720856643669066
U0003570,0,2.3829709142638507
U0003571,1,3.0803126280717663
U0003572,1,3.4389292261312967
U0003573,1,3.1085244801733083
U0003574,0,0.6541575041348828
U0003575,1,1.281275781819076
U0003576,1,0.40396472896042823
U0003577,1,3.1950368054019975
U0003578,0,4.643112751260569
U0003579,0,1.127960497327667
U0003580,1,0.14232481477466408
U0003581,1,6.274679756327416
U0003582,1,2.8791213891779357
U0003583,1,3.8776827897227726
U0003584,1,2.483210654374954
U0003585,1,2.5596471729050663
U0003586,0,3.2264684725870794
U0003587,0,0.7184507738997272
U0003588,0,1.0025441224191312
U0003589,1,3.9119239380156685
U0003590,1,5.720430822534084
U0003591,1,8.513585019176285
U0003592,1,2.3133414130460768
U0003593,0,3.3156515557941866
U0003594,0,2.8840564321343347
U0003595,0,2.8143903622835698
U0003596,0,-0.39207420489780276
U0003597,0,2.48502876737259
U0003598,1,-0.5119117021655839
U0003599,1,3.1119993400703585
U0003600,1,4.093364706575436
U0003601,0,1.5109031097567325
U0003602,1,1.9190464299800283
U0003603,0,2.0325982934079505
U0003604,0,0.24708947854344743
U0003605,1,2.881487637992369
U0003606,1,1.8862061088115443
U0003607,1,4.111139707176745
U0003608,1,-0.8820348095143018
U0003609,0,4.560790021227756
U0003610,0,5.253306142425224
U0003611,0,-4.496433816685311
U0003612,0,0.022722439428793706
U0003613,0,1.3299218791153145
U0003614,1,0.828499427125962
U0003615,1,3.7144765628544425
U0003616,0,2.336919087361249
U0003617,0,2.154459941214153
U0003618,0,1.0972412403964462
U0003619,0,4.315295200195049
U0003620,0,2.024466814328381
U0003621,0,4.88776938907392
U0003622,1,3.209998365002363
U0003623,0,2.745343518881125
U0003624,1,0.5375187838366351
U0003625,0,3.3161260952658154
U0003626,1,4.180034697502764
U0003627,1,3.5041225128307083
U0003628,1,2.678434349658577
U0003629,0,2.0750551008338256
U0003630,0,2.7472186205733244
U0003631,1,2.397446740669098
U0003632,1,2.1085430117197266
U0003633,0,3.518767924814039
U0003634,1,-0.40574604888347565
U0003635,1,1.5125422171156657
U0003636,0,3.914949553278186
U0003637,0,2.644958059909829
U0003638,1,4.20469811317172
U0003639,1,4.951474552092105
U0003640,1,4.62203871074432
U0003641,1,2.8170507970208725
U0003642,1,1.486142298227751
U0003643,0,-0.9403453366931327
U0003644,0,1.7134838533729777
U0003645,0,0.6953373336317412
U0003646,1,5.851746204900428
U0003647,1,2.4820310064716367
U0003648,1,6.147616852686754
U0003649,1,1.5275577196904209
U0003650,0,3.414919364919726
U0003651,0,3.8890316837393772
U0003652,0,1.6487812645141098
U0003653,0,3.5520649025826163
U0003654,0,4.606571837730343
U0003655,1,3.628393166827056
U0003656,0,1.9371278782190195
U0003657,0,3.361220085473155
U0003658,0,2.999973760839275
U0003659,0,2.534892436889658
U0003660,0,2.961487733991321
U0003661,0,0.9168356877800115
U0003662,1,1.6344418193520305
U0003663,1,4.284072763949096
U0003664,0,1.2744588559981178
U0003665,0,4.395324514274929
U0003666,0,0.9681769042360244
U0003667,1,1.5711061210882953
U0003668,1,1.4730299798191666
U0003669,0,2.4464984834877797
U0003670,1,-0.40598925318577983
U0003671,0,2.596658327824697
U0003672,1,2.7702485412105595
U0003673,0,5.508882720456372
U0003674,1,1.5150945712059798
U0003675,0,2.9829706790163826
U0003676,1,4.847633700161495
U0003677,1,2.2097772308564068
U0003678,0,2.5546389886811625
U0003679,1,1.0074321046887071
U0003680,1,2.539461432382005
U0003681,0,2.9858377535425404
U0003682,0,1.5645406440309664
U0003683,1,2.6394047169057853
U0003684,0,2.8263444599230994
U0003685,0,2.4739839105096912
U0003686,0,1.9744174593938695
U0003687,0,3.9036058019978412
U0003688,1,1.0461070264402537
U0003689,0,1.081557409015808
U0003690,1,3.4870189277297463
U0003691,1,5.9895592422737245
U0003692,0,1.289985869778782
U0003693,1,-10.41801415515355
U0003694,1,3.8988267383785704
U0003695,1,3.617627998773777
U0003696,1,4.645080274236115
U0003697,0,7.776419697008592
U0003698,1,0.04115607358485107
U0003699,1,1.885166726642261
U0003700,1,2.1137233835628777
U0003701,0,4.424481915136155
U0003702,1,1.1517233430931206
U0003703,0,2.9057164886929634
U0003704,0,2.6161305032383098
U0003705,1,2.224843614637564
U0003706,1,2.4577553872231412
U0003707,0,2.7495051570721145
U0003708,1,0.40622659376677106
U0003709,0,1.1043870963884714
U0003710,1,3.6308622997619686
U0003711,1,0.6105779413512202
U0003712,1,4.940273039323095
U0003713,1,5.602424189118722
U0003714,1,2.7308340317458715
U0003715,1,4.970368171671371
U0003716,0,2.7080753194014697
U0003717,0,2.433415567669737
U0003718,0,1.9618498619543487
U0003719,1,3.0173764081435106
U0003720,1,1.5076057860798748
U0003721,1,3.8849268724794186
U0003722,1,3.5185402938383454
U0003723,0,2.0200672575934675
U0003724,0,1.89171621844579
U0003725,1,0.45257167275870813
U0003726,0,2.933969664941184
U0003727,1,2.827267628720442
U0003728,0,0.872262559009954
U0003729,1,2.8986062017612557
U0003730,0,5.17139159924475
U0003731,1,3.359400642643287
U0003732,0,2.4792855127149913
U0003733,1,1.611018323091919
U0003734,1,2.1566323457145344
U0003735,0,1.20197181877219
U0003736,0,3.5567698052959784
U0003737,1,2.2089666565080712
U0003738,0,4.366179563015617
U0003739,1,3.516387824644358
U0003740,0,3.9352643784895456
U0003741,1,2.5361951747815183
U0003742,1,2.537211994203723
U0003743,0,0.3137265869802981
U0003744,1,5.184886155086623
U0003745,1,3.8178475727055137
U0003746,1,1.5631438348487237
U0003747,1,0.6908607287685538
U0003748,1,0.3355500433278209
U0003749,1,1.7845934434592579
U0003750,1,1.9447958018753049
U0003751,1,2.515045447069822
U0003752,0,3.211985890591187
U0003753,0,2.8989116469567797
U0003754,1,5.710528020365784
U0003755,0,3.3076509542456556
U0003756,0,-0.26029394319556687
U0003757,0,3.8448147508184736
U0003758,0,2.9625462986528497
U0003759,1,2.611482446686445
U0003760,0,2.677129633519126
U0003761,0,3.398476335982476
U0003762,0,0.6085242522134209
U0003763,1,4.190586697373119
U0003764,1,2.124366354652592
U0003765,0,2.767076179254511
U0003766,1,0.47884879448124806
U0003767,1,1.5849722608779633
U0003768,0,5.417023300288008
U0003769,0,1.5953250517355464
U0003770,1,5.1260837708703555
U0003771,1,2.240116719716781
U0003772,1,4.684218448804248
U0003773,1,0.6156145872673235
U0003774,0,0.03538621824629118
U0003775,1,0.5362327491933172
U0003776,1,1.2279979090531015
U0003777,0,2.6981576908726943
U0003778,1,3.1616039734023254
U0003779,1,3.5788259460372798
U0003780,1,2.7793781673110445
U0003781,0,0.13186521534654538
U0003782,0,3.2050273754044802
U0003783,1,3.502793254051671
U0003784,1,3.813099285748857
U0003785,1,1.8973476869860662
U0003786,1,3.6572525320616194
U0003787,1,2.516484964742755
U0003788,1,2.379704753238876
U0003789,0,3.297089977463976
U0003790,1,1.0254585651470052
U0003791,0,3.923813753264689
U0003792,0,2.560117936174141
U0003793,0,3.610241974927284
U0003794,1,3.6557471924181577
U0003795,1,3.7453226708042155
U0003796,0,0.8263266083991176
U0003797,0,2.4796020064805937
U0003798,0,3.0378171401831544
U0003799,0,1.930342874853789
U0003800,1,0.878904361218737
U0003801,0,2.097969805089189
U0003802,0,2.66474946867009
U0003803,1,0.04566093901047452
U0003804,0,0.9704095048361907
U0003805,1,2.5339637332448177
U0003806,0,4.581516173971698
U0003807,1,2.7257160499532453
U0003808,1,2.8685020256785556
U0003809,0,2.075629069666716
U0003810,0,4.584997492213915
U0003811,1,0.20593514397668145
U0003812,1,2.89923315945218
U0003813,0,2.8873737681471887
U0003814,0,0.5357861344707118
U0003815,1,4.863095942001859
U0003816,1,5.451867875443774
U0003817,0,2.2730488269533566
U0003818,1,5.605325443714975
U0003819,0,3.0056193397639213
U0003820,1,2.464405709842019
U0003821,1,3.314728543008222
U0003822,1,3.2024939485991766
U0003823,0,7.008911883636436
U0003824,1,1.8647065764595734
U0003825,1,2.3695997940368443
U0003826,1,3.2299761394174453
U0003827,1,2.488505122656605
U0003828,0,2.8561156719744645
U0003829,0,2.039331177548682
U0003830,1,1.0973885128603058
U0003831,0,2.4718386593446944
U0003832,0,2.4110320622764725
U0003833,1,2.9734102452062654
U0003834,0,4.141802407642931
U0003835,1,2.4779208252561027
U0003836,1,0.20161362197171684
U0003837,1,4.446319284841749
U0003838,0,3.8401254389611577
U0003839,0,1.930924061586051
U0003840,1,2.677690245884289
U0003841,0,3.2023435167495737
U0003842,1,2.9451374089031326
U0003843,1,0.7447040292333931
U0003844,1,1.4074813643016917
U0003845,0,1.5886287724572536
U0003846,0,3.457565873041567
U0003847,1,2.629442459520684
U0003848,1,1.8029231855114496
U0003849,1,0.3256455287838804
U0003850,1,4.564052319667642
U0003851,1,3.2989098665882466
U0003852,0,0.10090915397992539
U0003853,0,2.4791557916468
U0003854,0,1.5666771489023645
U0003855,1,1.8207209254783407
U0003856,1,1.093873768472795
U0003857,0,-0.1821182500475338
U0003858,1,1.199584774660316
U0003859,1,0.5559125672727845
U0003860,0,2.042565195669031
U0003861,0,4.254723268810352
U0003862,0,3.309843417343995
U0003863,0,4.030267705945311
U0003864,0,1.0190014020024183
U0003865,0,4.556065841110337
U0003866,1,0.014870094927413646
U0003867,1,3.151045991362597
U0003868,0,1.4277740331823416
U0003869,1,3.9144423837752473
U0003870,1,1.7409240157071295
U0003871,1,3.5753364288610534
U0003872,1,3.161279438028293
U0003873,0,2.384977270403212
U0003874,0,1.7018953298500392
U0003875,0,0.6485057011748836
U0003876,0,4.435990817720249
U0003877,1,2.378449001351342
U0003878,0,2.6505004456252053
U0003879,0,4.647516607974769
U0003880,0,5.402763739547112
U0003881,1,0.10568892952714748
U0003882,1,3.2209290817348197
U0003883,1,-0.5886948013265574
U0003884,1,3.061586407056126
U0003885,0,1.3426422213321274
U0003886,0,4.405720769930204
U0003887,0,0.44409104588024206
U0003888,1,2.223714096770916
U0003889,0,3.8707017050678054
U0003890,0,1.5463751465710764
U0003891,0,4.804277564651784
U0003892,1,3.3946009095119187
U0003893,1,4.265501511986601
U0003894,1,5.2046955939991015
U0003895,0,1.1045343594542203
U0003896,1,2.4291083455655915
U0003897,1,-0.9991618348390237
U0003898,0,0.8795972415156825
U0003899,0,-2.358962115211501
U0003900,0,-1.1908162766531483
U0003901,1,2.787401662225882
U0003902,0,2.3635642138094184
U0003903,0,2.6770802880998517
U0003904,0,0.6509716817941698
U0003905,1,2.3909161405534007
U0003906,1,0.9072895245241952
U0003907,1,2.0917894510905555
U0003908,0,0.5765337777214672
U0003909,0,3.6527154683732874
U0003910,0,4.914727644421067
U0003911,1,3.393718750540593
U0003912,1,1.7064193205658214
U0003913,1,1.3606073440001616
U0003914,1,3.7083981961566685
U0003915,0,3.1283477841447285
U0003916,0,5.128205691635177
U0003917,1,2.435773205509861
U0003918,1,3.4011946735887175
U0003919,0,3.6660870762609363
U0003920,1,2.7439840446778696
U0003921,0,3.0482991046278904
U0003922,1,1.931110499100237
U0003923,1,1.709044799340532
U0003924,1,5.583898683332091
U0003925,1,2.2089639924408164
U0003926,1,5.505720383780973
U0003927,1,2.523886908099577
U0003928,0,2.9111453075135536
U0003929,0,-0.45592486068138527
U0003930,1,6.138392490390229
U0003931,1,3.0195909160779664
U0003932,1,2.763266836583302
U0003933,1,1.5246252941046698
U0003934,1,1.9855327219998387
U0003935,1,0.4247152484352057
U0003936,1,3.7909346882243664
U0003937,0,1.4974189668059665
U0003938,0,1.228561086746879
U0003939,0,3.189966342899364
U0003940,0,2.101275415798053
U0003941,0,2.8578520511694023
U0003942,1,1.06572831819242
U0003943,0,3.9579770197090944
U0003944,1,2.2120919484854547
U0003945,1,2.496453298295947
U0003946,1,3.077693398271226
U0003947,1,1.9813928276938526
U0003948,1,2.0047014199511572
U0003949,1,1.4176587567770333
U0003950,1,-2.9001461376286883
U0003951,0,1.7987958016169525
U0003952,0,0.5662099125306597
U0003953,1,1.147214333243582
U0003954,0,2.155454541762758
U0003955,0,1.7030535162430596
U0003956,0,2.658247932578334
U0003957,1,3.7755641135317504
U0003958,0,2.302359579410439
U0003959,1,2.337361247882537
U0003960,1,2.129936885855372
U0003961,0,1.9183110085369819
U0003962,0,1.3389146419868645
U0003963,1,4.8721437066455415
U0003964,0,5.3546208489274285
U0003965,0,1.9601593412727283
U0003966,1,-1.4685003136039363
U0003967,0,3.3966056054613034
U0003968,0,1.6963741370078012
U0003969,1,2.641150919520644
U0003970,1,4.092428731131495
U0003971,1,4.673228656019415
U0003972,0,2.6294986086477596
U0003973,1,3.9392611087345983
U0003974,0,7.711347543101731
U0003975,1,3.762097143069056
U0003976,1,4.263922483628958
U0003977,0,2.8554836244002413
U0003978,1,2.6586345269559217
U0003979,0,2.446271005981636
U0003980,1,2.1966990550008276
U0003981,0,1.5744081115489106
U0003982,1,8.444490242629918
U0003983,0,4.7475721817332595
U0003984,1,1.458377671156832
U0003985,1,1.322318603714562
U0003986,1,2.55990350509769
U0003987,1,2.3513969836564
U0003988,0,3.4825892464212274
U0003989,1,2.165971172881566
U0003990,0,3.9881437418812045
U0003991,0,1.8785258722683196
U0003992,0,2.3312126515699916
U0003993,0,2.80442590418496
U0003994,1,3.47897898726068
U0003995,0,0.11528972211774402
U0003996,0,3.2166855501544465
U0003997,0,3.9306250874275612
U0003998,1,4.032456046140387
U0003999,0,-0.212384367650035
U0004000,0,2.1056014919562926
U0004001,0,4.911895302656131
U0004002,1,2.153726105846225
U0004003,1,2.644679280589944
U0004004,0,1.522139983896606
U0004005,1,3.3680837846695493
U0004006,0,-0.42618699100035684
U0004007,0,1.3118797717989814
U0004008,1,2.5460093250983498
U0004009,1,2.0811946487993147
U0004010,0,0.6080194761595443
U0004011,0,0.5476026640211344
U0004012,1,1.2140036250050024
U0004013,0,3.88659337143633
U0004014,1,4.0119195546641535
U0004015,0,1.3191987494002149
U0004016,1,-0.4065528264910654
U0004017,0,-3.131590102916187
U0004018,0,3.6837670064458123
U0004019,1,3.365868526809521
U0004020,0,3.6220414800602505
U0004021,0,3.119679410208686
U0004022,1,3.2800780662133047
U0004023,1,3.481639022333283
U0004024,0,4.348485726681309
U0004025,0,1.8268646966197224
U0004026,0,4.260813309370043
U0004027,1,4.148185026790333
U0004028,1,2.299644889277886
U0004029,1,3.5458232016068365
U0004030,1,0.5975082194723846
U0004031,0,3.1963870764776203
U0004032,1,0.985349257857461
U0004033,1,2.443472469285304
U0004034,1,-0.1853531703549418
U0004035,1,1.392304070524819
U0004036,1,3.5084306314673697
U0004037,1,5.112669516919635
U0004038,0,2.654555188373969
U0004039,0,4.582150816693575
U0004040,1,1.5051923854921618
U0004041,0,2.3417049639686454
U0004042,1,5.737481657363452
U0004043,0,0.9020158602329573
U0004044,0,2.5384714807412756
U0004045,0,0.40012828376596943
U0004046,1,3.0919370438017495
U0004047,0,3.962623262655292
U0004048,0,4.364574576868343
U0004049,0,5.337434601998314
U0004050,1,2.174359320326838
U0004051,1,-0.2405494638846033
U0004052,0,2.306681774759415
U0004053,0,3.3290779951273315
U0004054,0,1.969182996930254
U0004055,0,0.008477610481676834
U0004056,0,3.6510185087361435
U0004057,0,-5.033715023249897
U0004058,1,2.593561181396609
U0004059,1,4.797030918028948
U0004060,1,3.354746384120096
U0004061,0,1.9020395816851838
U0004062,0,2.3335756933211798
U0004063,1,1.074289675175148
U0004064,1,1.3892350506398792
U0004065,0,3.671004757382697
U0004066,0,4.19010449516213
U0004067,1,2.6835684406855247
U0004068,1,2.606689144774503
U0004069,1,0.8829835619777917
U0004070,1,1.621307196365068
U0004071,1,1.7214076309693045
U0004072,1,1.4171328520989412
U0004073,0,3.0940894407628523
U0004074,1,3.805923416719759
U0004075,1,2.6532109055561612
U0004076,1,2.9906036456495073
U0004077,0,5.960969485124458
U0004078,0,1.598496601191016
U0004079,0,3.3743821299181374
U0004080,1,3.3734507343375277
U0004081,0,2.181973154597241
U0004082,1,2.571349871767225
U0004083,1,1.6869720617813044
U0004084,1,2.1108357991958684
U0004085,1,3.704998424600891
U0004086,0,-0.7040141268628339
U0004087,1,3.591143500544465
U0004088,0,3.1612527734715066
U0004089,1,2.3225127888599673
U0004090,1,1.1387864731191062
U0004091,0,4.594897690584499
U0004092,0,3.5452147445412834
U0004093,0,-0.26845659254885845
U0004094,0,3.1722752626366457
U0004095,1,6.647953284284352
U0004096,0,2.0174275668020414
U0004097,1,2.1383949259030217
U0004098,1,1.6519445790084237
U0004099,1,3.831599019972124
U0004100,0,3.583557873451042
U0004101,0,-0.7134574286882529
U0004102,1,3.0133608732815595
U0004103,0,0.3809421763423195
U0004104,0,4.205068155113604
U0004105,0,-1.4640816685843845
U0004106,1,3.706424061732797
U0004107,0,2.081801549091594
U0004108,0,-0.0031712078662113896
U0004109,1,-3.6864682388766497
U0004110,1,2.9040009706211407
U0004111,0,5.099620376025214
U0004112,0,3.64391229024897
U0004113,0,2.337948475579463
U0004114,1,4.016945964140888
U0004115,0,2.3430623244989377
U0004116,0,4.681301935914341
U0004117,0,2.6468653295653795
U0004118,0,3.9698673353690346
U0004119,0,1.3397546768198545
U0004120,0,2.7548186597140933
U0004121,0,2.381412022456246
U0004122,1,2.626476376819536
U0004123,0,1.5031939686348714
U0004124,0,5.870690648011347
U0004125,0,-1.3172698971769066
U0004126,1,1.5905274956492264
U0004127,0,1.7906600665161552
U0004128,1,2.359717023342217
U0004129,0,7.35523170859552
U0004130,1,5.10990173663307
U0004131,0,0.8611221321763836
U0004132,1,2.165767359608026
U0004133,0,3.0122351610627867
U0004134,1,1.8525795062654602
U0004135,0,3.2646379476776417
U0004136,1,0.40067366090728385
U0004137,1,4.3253836323657175
U0004138,0,4.706547605066088
U0004139,1,5.263806424723171
U0004140,1,2.25091602901788
U0004141,0,1.7053668365636607
U0004142,1,3.78848348038499
U0004143,1,1.919747716977735
U0004144,1,0.5406662082132421
U0004145,0,4.7741586132984715
U0004146,1,0.7902979515047477
U0004147,1,3.6983935204827016
U0004148,1,3.1761675097343094
U0004149,0,1.9315714962608972
U0004150,1,2.8236115473957906
U0004151,0,3.5632606428440496
U0004152,0,-0.3597771632047184
U0004153,0,1.4521910793777195
U0004154,1,2.7810409735176673
U0004155,0,5.0925484902840665
U0004156,1,4.221039831807314
U0004157,1,1.0043423779024572
U0004158,0,1.296494324516022
U0004159,1,2.715016608856528
U0004160,1,4.185885614337039
U0004161,0,-1.530161878099637
U0004162,1,3.7211130660573275
U0004163,0,3.950171862114747
U0004164,1,3.332787274096855
U0004165,1,3.0902675479609627
U0004166,1,2.6986007869981403
U0004167,1,3.3805920225290897
U0004168,0,3.732882777313586
U0004169,0,2.544043068582912
U0004170,0,1.9232326753301798
U0004171,1,2.2335195653133173
U0004172,0,3.2479810806041858
U0004173,1,2.0429802753043482
U0004174,0,3.089397757042117
U0004175,0,3.206240205893799
U0004176,1,5.17508461567914
U0004177,1,4.3031245450805535
U0004178,0,4.146916736799614
U0004179,1,4.914159441006772
U0004180,0,2.644107811179021
U0004181,1,3.1639698063427915
U0004182,1,4.1196518323546485
U0004183,1,2.5683456748407743
U0004184,1,3.977270994455804
U0004185,0,2.753904980306803
U0004186,0,0.7706628278898187
U0004187,0,3.7848934694847465
U0004188,0,4.067606151038746
U0004189,0,3.716373708821399
U0004190,1,1.4461540445896475
U0004191,0,0.5615333094277482
U0004192,1,1.7171478979942023
U0004193,1,1.9680647631707373
U0004194,1,2.985592253245258
U0004195,0,1.2485556154177502
U0004196,0,-0.03062887005220105
U0004197,1,2.3629615943633553
U0004198,1,3.539817699509639
U0004199,0,2.5775288321374656
U0004200,1,1.1869099849089935
U0004201,1,0.9732061817027997
U0004202,0,2.478370651258663
U0004203,0,2.694873089534987
U0004204,1,3.2096412214076366
U0004205,0,6.091620075182131
U0004206,0,2.498594680722835
U0004207,0,0.6752046007609742
U0004208,0,2.1865738262308696
U0004209,0,2.34537579251187
U0004210,0,2.6079979815711702
U0004211,0,2.7699857678714466
U0004212,0,2.406072458234224
U0004213,0,2.251267924882473
U0004214,0,1.2934576898877985
U0004215,1,1.5108574894727482
U0004216,1,2.192834158144681
U0004217,1,3.114543513644062
U0004218,0,2.8167972668432775
U0004219,0,3.3103910655424578
U0004220,0,5.123952977289601
U0004221,0,2.5172307225193187
U0004222,1,1.3934278425362017
U0004223,1,1.8747657426656659
U0004224,0,2.0043742320094395
U0004225,1,1.679880321699267
U0004226,0,19.082450344917973
U0004227,0,2.099137527547768
U0004228,1,2.212919170854386
U0004229,1,2.4188332170550773
U0004230,0,3.1946097247519667
U0004231,1,3.763962899669064
U0004232,0,3.3719931485162817
U0004233,1,2.635651591121224
U0004234,0,3.81681859631772
U0004235,0,5.726279505560523
U0004236,0,4.595209954802007
U0004237,0,-0.6624957337920527
U0004238,0,2.3202337423304105
U0004239,1,2.072441806340226
U0004240,0,0.946835240182974
U0004241,1,2.928402592638342
U0004242,1,2.640523049338899
U0004243,0,2.092406669157505
U0004244,0,4.633047379790401
U0004245,1,1.5850254237013743
U0004246,1,1.4117015620680675
U0004247,0,-1.2592669358841206
U0004248,0,2.120068635338413
U0004249,1,6.171656861225927
U0004250,1,5.510568986163181
U0004251,1,0.7635660500690271
U0004252,1,3.2472296219571355
U0004253,0,2.458594717773627
U0004254,0,2.2406720628560315
U0004255,0,0.748663214010751
U0004256,1,2.30088598741502
U0004257,0,0.20238986611762044
U0004258,0,1.1625329642583644
U0004259,1,3.000486542625193
U0004260,0,2.3101609054366996
U0004261,0,3.1059965522820985
U0004262,1,3.3300537662053245
U0004263,1,2.0526152745405977
U0004264,1,2.766775777757637
U0004265,1,5.768805749132319
U0004266,1,3.3902054780725486
U0004267,1,3.7436339686904603
U0004268,1,0.9376693066128432
U0004269,1,3.08452375199918
U0004270,1,-1.8890945906347838
U0004271,0,4.54788921023686
U0004272,1,1.4866649099945075
U0004273,1,1.0015693689556322
U0004274,0,0.1867924923889781
U0004275,0,0.8683391823141413
U0004276,1,2.977445644405499
U0004277,0,3.167911761767538
U0004278,1,2.645631060826407
U0004279,0,4.575120810072697
U0004280,0,1.7229032163584712
U0004281,1,2.561509739878602
U0004282,0,1.3277426515511763
U0004283,0,2.9743823213523193
U0004284,0,4.380436349639082
U0004285,1,4.740802450669442
U0004286,1,3.822871365495253
U0004287,1,3.6605760659531548
U0004288,1,3.0022954921048104
U0004289,0,2.310793735895132
U0004290,1,3.1000341757939402
U0004291,0,2.6172992633598575
U0004292,1,2.528186881018513
U0004293,0,1.2095839741516556
U0004294,1,3.40134408112157
U0004295,0,2.791730308646123
U0004296,1,3.7924936633719213
U0004297,1,1.7807578562584858
U0004298,0,4.392293828447325
U0004299,0,1.8849431781083208
U0004300,0,2.4520954690837016
U0004301,1,3.731814357871361
U0004302,1,2.765539047531803
U0004303,0,2.4233311962647583
U0004304,1,4.308619377702334
U0004305,1,0.4056392609826034
U0004306,0,2.8109515958900317
U0004307,1,4.0048929009255225
U0004308,0,2.363644009120133
U0004309,1,2.4267452069515087
U0004310,0,3.650228958100861
U0004311,0,0.6270562966385285
U0004312,0,1.8068324593632692
U0004313,0,4.116434645880332
U0004314,1,1.6080016389756508
U0004315,1,2.6172451146977913
U0004316,1,3.3835319519289477
U0004317,0,2.9788330945682358
U0004318,1,3.9766637806981002
U0004319,0,1.4155506644992393
U0004320,0,0.5880021300715335
U0004321,0,6.385676058207274
U0004322,0,-0.5446264380481374
U0004323,1,2.30083442953622
U0004324,1,2.12957681288184
U0004325,1,1.8774252460164789
U0004326,1,2.7618858660871854
U0004327,0,2.9093964500732383
U0004328,0,4.256672553621058
U0004329,1,2.557046328510296
U0004330,1,0.031017830276269365
U0004331,1,0.9640815344703171
U0004332,1,3.2614920393370923
U0004333,1,3.475432836975159
U0004334,0,2.967190353086899
U0004335,0,2.5156835486337386
U0004336,0,2.3165853767880478
U0004337,1,2.2662890204240576
U0004338,0,0.009597872591513124
U0004339,0,1.5450888617802896
U0004340,1,1.7049040083659825
U0004341,1,2.4721258200961387
U0004342,1,2.41949542113381
U0004343,1,3.4513502940071277
U0004344,0,2.383506518012716
U0004345,0,3.1925892110340186
U0004346,0,3.38489410656317
U0004347,0,-0.4845143868656514
U0004348,0,3.388824282860803
U0004349,0,4.087653930695035
U0004350,1,1.7781528577486228
U0004351,0,2.132377151825448
U0004352,1,2.6300589610021277
U0004353,1,1.7089946717599815
U0004354,1,2.485966117049921
U0004355,1,2.7485773585165703
U0004356,0,-0.1905863790908846
U0004357,0,3.232302896249479
U0004358,1,3.287702648014257
U0004359,0,4.2555212822416415
U0004360,1,1.776874597683662
U0004361,0,3.4507176444876073
U0004362,0,2.653390916597127
U0004363,1,3.1118449670308053
U0004364,0,2.903096231343593
U0004365,0,2.216673867432055
U0004366,1,4.15220726223475
U0004367,0,3.56818565559772
U0004368,1,2.4418036583115956
U0004369,0,3.275081065074211
U0004370,1,2.3345626709999117
U0004371,0,2.938328362984228
U0004372,1,3.3313256707945023
U0004373,0,1.5856927719080076
U0004374,1,4.060849143961615
U0004375,1,1.2946212302551316
U0004376,1,1.7019127258411118
U0004377,0,5.567335213528757
U0004378,1,0.6150912050264647
U0004379,1,3.5147768576452663
U0004380,0,1.38383290331873
U0004381,1,1.6221582628155247
U0004382,0,3.1579603702123045
U0004383,0,3.3597360114678594
U0004384,1,2.536036399234632
U0004385,1,3.5091046249881117
U0004386,1,2.2581918642057524
U0004387,1,5.217669412025206
U0004388,1,0.6570899765686704
U0004389,0,2.1921151732003494
U0004390,1,2.7873662076753636
U0004391,0,2.2138199574939517
U0004392,0,0.059750046787169
U0004393,1,2.4215904022135746
U0004394,0,4.266146052385896
U0004395,1,4.42398455945462
U0004396,1,2.7246335279120206
U0004397,1,2.9972386446791184
U0004398,1,3.806710293652479
U0004399,1,3.8725781298696837
U0004400,0,5.251616388603136
U0004401,0,0.654705486963671
U0004402,0,2.731113576388111
U0004403,0,0.2230071861612224
U0004404,0,4.7612291651689205
U0004405,0,2.315260257437629
U0004406,0,1.1229219462748752
U0004407,0,3.6316336087412537
U0004408,1,2.5432325647450096
U0004409,0,3.8616296676590824
U0004410,0,0.8824200334161887
U0004411,0,2.332572460482094
U0004412,0,1.6992811684484117
U0004413,0,-0.257770558845948
U0004414,0,2.560213942119603
U0004415,0,3.5625349467872702
U0004416,1,0.8883769762685674
U0004417,1,3.4698575035038175
U0004418,1,2.251556413639687
U0004419,0,3.5191842696807747
U0004420,1,0.2730053550718843
U0004421,0,0.6044272843333562
U0004422,1,2.8171350022576434
U0004423,0,1.432094451388437
U0004424,0,-0.48984020302853004
U0004425,0,6.495980127756585
U0004426,0,-1.0739243886758025
U0004427,0,5.950788784325274
U0004428,1,2.1328698023738575
U0004429,1,-0.3362940023330907
U0004430,0,2.887802273321114
U0004431,1,3.169269123711498
U0004432,1,0.7634831177793728
U0004433,0,1.6774152694224327
U0004434,0,3.719327397188742
U0004435,1,3.1536468021972155
U0004436,1,2.90129174691012
U0004437,0,-0.049791903928682046
U0004438,0,2.4023120827387423
U0004439,1,4.046776194837715
U0004440,0,1.782046138412209
U0004441,1,1.985068514574266
U0004442,1,2.359697545480053
U0004443,0,4.969961898454766
U0004444,1,3.3432727591486557
U0004445,1,0.30316025588768625
U0004446,1,2.4290593199047166
U0004447,1,2.369156634878209
U0004448,0,2.529912006443679
U0004449,0,0.007755769176839067
U0004450,1,3.542691380862653
U0004451,1,3.1087497808463525
U0004452,1,3.5336638743062885
U0004453,0,5.443293457829952
U0004454,1,1.669066833262864
U0004455,0,0.6528646020599478
U0004456,0,2.5917465974634553
U0004457,1,5.774662035070914
U0004458,0,2.1592950454881077
U0004459,0,2.7401037262537216
U0004460,0,1.709135433807738
U0004461,1,3.867137004600096
U0004462,0,2.3746107240031264
U0004463,1,3.230171775586971
U0004464,0,2.6028248169492603
U0004465,0,5.1986353270821475
U0004466,1,5.601874044889215
U0004467,0,5.089491271799659
U0004468,1,2.709476783057548
U0004469,0,3.990669859940132
U0004470,0,4.833926019753555
U0004471,0,2.186363967447326
U0004472,1,1.0155392873281972
U0004473,1,3.405005582550622
U0004474,0,2.448544028353549
U0004475,0,0.4933598078962689
U0004476,0,-0.47677016626896673
U0004477,1,3.183253841413592
U0004478,1,0.6236438679978669
U0004479,0,7.401444923049888
U0004480,1,4.126781683098979
U0004481,1,3.991956319410029
U0004482,1,4.514415246752703
U0004483,0,2.7330981066422844
U0004484,0,1.2647966628818708
U0004485,0,2.0602852571983945
U0004486,0,2.4670369036693103
U0004487,1,3.0311358624055806
U0004488,0,2.3279215431065836
U0004489,1,3.7565083596877233
U0004490,1,4.412702473122188
U0004491,0,3.006499549700809
U0004492,0,1.7581885305510525
U0004493,0,3.1611602456474515
U0004494,1,2.8853488225047315
U0004495,1,5.553331633474947
U0004496,1,1.9880656124074356
U0004497,1,0.6121423760319811
U0004498,0,3.1878745533984088
U0004499,0,3.544731196663239
U0004500,1,4.479786093415845
U0004501,1,2.392587021430618
U0004502,0,1.9965908689914826
U0004503,0,3.4771221430244292
U0004504,0,3.599107258499153
U0004505,0,-0.4577136663261747
U0004506,0,3.408887446090688
U0004507,0,1.1202787680650133
U0004508,1,7.287034594439394
U0004509,1,0.26742159302213153
U0004510,0,-0.19120097726565888
U0004511,1,1.9637519059883513
U0004512,1,2.8095714784929235
U0004513,0,1.419746441379477
U0004514,1,2.4383459327473744
U0004515,1,3.257239320709152
U0004516,0,3.052889350414505
U0004517,0,0.7805636269554874
U0004518,0,5.242837813029418
U0004519,1,1.6589786895314411
U0004520,0,4.368664967083054
U0004521,0,2.076565346639237
U0004522,0,-1.2792871253491782
U0004523,0,1.6400605083603352
U0004524,1,5.019105003100622
U0004525,1,2.276953436534569
U0004526,1,4.746148670739096
U0004527,0,0.9089282334541693
U0004528,0,4.448067846891508
U0004529,1,1.1901991392786062
U0004530,1,3.150026550450864
U0004531,1,4.025038543040807
U0004532,1,1.998916891969742
U0004533,1,2.0703650081347718
U0004534,0,7.454413224081609
U0004535,0,3.2804820807961548
U0004536,0,3.3259366169882405
U0004537,0,1.7889222759588694
U0004538,1,3.72991935511903
U0004539,0,1.2937414713638162
U0004540,1,2.2423194201754733
U0004541,1,-0.9030785304832207
U0004542,0,4.315356166742109
U0004543,1,-0.5697911738079497
U0004544,1,0.30714901506198444
U0004545,1,3.862054954313356
U0004546,1,-1.0506124235875376
U0004547,0,3.501061555372033
U0004548,0,0.22550441653804398
U0004549,0,2.0845096837879
U0004550,1,1.9371809993247666
U0004551,0,2.9102782490251737
U0004552,1,0.31061158459509386
U0004553,1,2.0805445584859257
U0004554,0,1.141663325303611
U0004555,0,0.5547550804237638
U0004556,1,6.855547806730993
U0004557,1,4.391657914681819
U0004558,0,2.6204094389443675
U0004559,0,2.675753407395197
U0004560,0,0.9633497185273683
U0004561,0,3.8340457064099454
U0004562,1,4.337709138677361
U0004563,1,2.9972035753829793
U0004564,1,2.1747479970163326
U0004565,1,1.7741243151618171
U0004566,0,3.730117752956188
U0004567,1,2.577281785898016
U0004568,1,4.051733166785336
U0004569,1,-2.926208620269481
U0004570,1,1.4207782213398872
U0004571,0,-0.9171346359409469
U0004572,1,4.332235061250351
U0004573,0,4.584915638168484
U0004574,0,2.4553461144199034
U0004575,1,3.46848487424878
U0004576,0,3.650645153318642
U0004577,1,-0.08592111727518059
U0004578,1,1.0962433620104974
U0004579,0,2.4224204290685165
U0004580,0,1.1085255822241002
U0004581,1,1.4205978012958642
U0004582,1,2.701569995737497
U0004583,0,3.086410628767645
U0004584,1,3.1141427512280035
U0004585,1,0.8552306895789741
U0004586,1,1.2790021421917004
U0004587,0,2.126318886657039
U0004588,1,2.992880781807317
U0004589,0,2.9559770072400493
U0004590,0,2.575458411793349
U0004591,1,1.7864246174184473
U0004592,0,5.136807229862217
U0004593,0,1.0162062455118317
U0004594,0,3.0629998169198682
U0004595,1,2.60796764634053
U0004596,0,5.1154423068110475
U0004597,1,4.3003424543287885
U0004598,0,3.0361371692513277
U0004599,0,2.0922592141895073
U0004600,0,-0.17037178107430861
U0004601,0,2.279070447844031
U0004602,0,3.20491873833425
U0004603,1,2.4296269288694727
U0004604,1,4.383257924910215
U0004605,0,2.6958531646443973
U0004606,1,-1.4449387609578928
U0004607,0,2.757309031022535
U0004608,0,2.8275384842621243
U0004609,1,-0.16650826900177407
U0004610,0,3.488033009575659
U0004611,0,3.4142435014053767
U0004612,0,2.5196486209970974
U0004613,0,1.811903492886593
U0004614,0,3.46380278832231
U0004615,0,3.9432964275947597
U0004616,1,1.3661378529593264
U0004617,1,2.237017470911468
U0004618,1,3.238174197102934
U0004619,1,7.3927528446159165
U0004620,0,3.4967053817053575
U0004621,0,2.982472971595273
U0004622,0,-0.19475724402389716
U0004623,0,2.044273660209182
U0004624,0,1.6016953291283649
U0004625,1,5.650011380455574
U0004626,0,1.3094872518741205
U0004627,1,1.759843426750681
U0004628,0,3.5013282440012254
U0004629,0,1.9539769795532216
U0004630,1,3.1509665082345144
U0004631,1,2.5129075385665907
U0004632,0,4.3865699279193855
U0004633,1,3.7980811111517596
U0004634,1,2.744501493916445
U0004635,1,1.6108455885409008
U0004636,0,4.730692121140205
U0004637,0,4.640622765917026
U0004638,0,3.6745857896716814
U0004639,0,2.227635955584205
U0004640,1,2.3765923115786585
U0004641,1,3.7078810004852585
U0004642,0,4.386349865181284
U0004643,1,2.2359110117671044
U0004644,1,2.666484898784706
U0004645,1,1.512235001764683
U0004646,1,0.2064606157983846
U0004647,1,4.264368297731565
U0004648,0,0.6170283280932498
U0004649,1,2.0767829572599457
U0004650,1,2.468714320488381
U0004651,0,1.0389963730512441
U0004652,1,0.6656977835230862
U0004653,0,1.5938259740688991
U0004654,0,2.2792646849173614
U0004655,0,2.675628518555836
U0004656,1,2.2256954409696874
U0004657,0,2.363225028067923
U0004658,1,0.8513547952578726
U0004659,0,4.2737203662247865
U0004660,0,4.436074843743013
U0004661,1,-3.989110322091207
U0004662,0,1.673197772374671
U0004663,0,0.8241430661023088
U0004664,1,2.26227093074041
U0004665,1,3.0921171147251876
U0004666,1,1.8738650665493282
U0004667,0,0.9826868029356426
U0004668,0,0.6625750040947338
U0004669,0,2.868810191433564
U0004670,1,3.0721100278384093
U0004671,1,4.831842223779628
U0004672,0,3.7055998784549615
U0004673,1,-0.35018375090139386
U0004674,0,0.7752044918223682
U0004675,1,2.2574827572745466
U0004676,1,5.55026079256989
U0004677,1,5.001184552348853
U0004678,1,5.25104950043259
U0004679,0,3.8368996105545854
U0004680,0,3.788061794239585
U0004681,0,1.7213396695962366
U0004682,0,3.05412489249035
U0004683,0,1.7207586540834754
U0004684,0,2.2804485385814672
U0004685,1,2.714050149027134
U0004686,1,4.254437859578598
U0004687,1,-0.12054485069878496
U0004688,1,1.1088774166483475
U0004689,0,2.3522683296741285
U0004690,1,2.521051882184512
U0004691,0,2.3024643383273684
U0004692,0,5.042975156186952
U0004693,0,1.2149846038929617
U0004694,1,1.987339966310337
U0004695,0,6.0533816080127
U0004696,1,3.666824787663872
U0004697,1,1.2005143846983959
U0004698,0,2.4965958103757586
U0004699,1,3.9926214904503468
U0004700,1,-3.4219918361688393
U0004701,1,2.685089019549544
U0004702,0,1.0123893238635517
U0004703,1,3.830725305382643
U0004704,1,2.6669702982303463
U0004705,1,1.1813047418323954
U0004706,0,3.1858949036187454
U0004707,0,1.7376083969228748
U0004708,1,2.5278338896192274
U0004709,0,3.4009886072390323
U0004710,1,4.357377175574083
U0004711,0,3.404619448322279
U0004712,0,-1.1782238581069286
U0004713,0,2.7306069704337155
U0004714,1,3.5780269291155733
U0004715,1,2.1642790971447567
U0004716,1,2.5206289583648456
U0004717,0,2.4184369604460336
U0004718,0,3.8326819082759904
U0004719,0,4.336640415930944
U0004720,0,2.549658314865397
U0004721,1,3.010075201947835
U0004722,1,3.506091444355807
U0004723,1,2.4407925196623648
U0004724,1,5.755289094928678
U0004725,0,3.9022071100989084
U0004726,0,3.3103933839779227
U0004727,1,0.578869480495765
U0004728,1,3.1615578894422836
U0004729,1,2.4403584146830717
U0004730,0,5.561376024897248
U0004731,1,-0.002563835508025747
U0004732,0,1.4713623034183705
U0004733,0,3.1809297582932388
U0004734,1,2.3223485794051335
U0004735,0,2.259557463220375
U0004736,0,3.5701453857483756
U0004737,0,2.8611130388368586
U0004738,1,1.9967014033944572
U0004739,1,3.560764005314404
U0004740,0,4.381490203346843
U0004741,1,3.306096328947005
U0004742,1,0.961885366533938
U0004743,1,2.93893955930991
U0004744,1,2.739401318596638
U0004745,1,1.2300571295036118
U0004746,0,4.072322643951836
U0004747,0,4.552538936421314
U0004748,1,0.8874213156330892
U0004749,1,3.7544766766558126
U0004750,1,7.261608193461036
U0004751,0,2.3226076146448342
U0004752,1,3.624849118554092
U0004753,1,1.6422007154096896
U0004754,0,2.187801284284671
U0004755,1,7.221467898469484
U0004756,0,4.009884483398796
U0004757,0,-0.028003399058796674
U0004758,1,3.4256784565677947
U0004759,0,0.6888067106515479
U0004760,0,2.45993413354196
U0004761,1,-0.5072001056064597
U0004762,1,3.334804249343261
U0004763,1,2.3528977427508266
U0004764,0,3.275168506732882
U0004765,1,5.427548684450212
U0004766,1,1.8706470898719942
U0004767,1,6.066444758182772
U0004768,1,3.3116306537021494
U0004769,0,2.508179864117846
U0004770,0,1.4046413111172456
U0004771,0,4.3136027643756325
U0004772,1,6.286924817130103
U0004773,0,5.83708299962894
U0004774,1,2.5828797045257446
U0004775,1,-0.398721416100706
U0004776,1,4.7330228159961525
U0004777,1,1.9026663097337888
U0004778,0,2.903885315825349
U0004779,0,3.864255399718699
U0004780,1,2.0095880699203974
U0004781,0,4.260265991591593
U0004782,1,4.498092403895942
U0004783,1,5.259263785260449
U0004784,0,7.525886591286962
U0004785,1,3.5491117186529983
U0004786,1,4.609130142872807
U0004787,1,2.9144391323651853
U0004788,1,0.3786592912993392
U0004789,1,2.3670418601427166
U0004790,1,3.974753828270357
U0004791,1,2.1799349187993986
U0004792,0,1.0602125925742598
U0004793,1,4.377740036164527
U0004794,0,1.6444420716888288
U0004795,0,4.693687882217731
U0004796,0,1.5471767774965137
U0004797,1,3.1909734614688983
U0004798,1,2.614218605327723
U0004799,1,4.089474501758534
U0004800,0,2.676489189294223
U0004801,1,3.0722444780974225
U0004802,1,2.342131578983466
U0004803,0,2.311069616944163
U0004804,0,5.268458376723412
U0004805,0,6.813373377880735
U0004806,1,-0.6637098606645289
U0004807,0,3.166598850492642
U0004808,0,3.8960741210719654
U0004809,0,3.2641194974751606
U0004810,1,2.125593088988282
U0004811,1,2.1399672568952504
U0004812,0,6.021998424917959
U0004813,0,2.7849301846332164
U0004814,0,1.3914737751181043
U0004815,0,3.0799360107031717
U0004816,0,1.6136768359062827
U0004817,0,1.682133498800379
U0004818,0,4.023727610218318
U0004819,1,7.965303339308193
U0004820,0,2.614079005554931
U0004821,0,4.3006787511519615
U0004822,1,5.445286673746168
U0004823,0,-0.589664208882013
U0004824,1,3.8610722703851117
U0004825,1,3.9375823406648784
U0004826,1,1.1276106717075685
U0004827,0,0.52771217772451
U0004828,1,3.6958895558428413
U0004829,0,1.4167743056551672
U0004830,0,1.7553957461538676
U0004831,1,1.249731352356502
U0004832,1,-1.9539384073712576
U0004833,1,3.105538017506449
U0004834,1,4.920533205702405
U0004835,0,3.0827211145678106
U0004836,1,2.1372003648886775
U0004837,0,3.3392155313248786
U0004838,1,4.467634380797726
U0004839,0,6.105223786824659
U0004840,1,5.612444009992647
U0004841,0,0.2175820220983926
U0004842,0,-0.2884007210669175
U0004843,1,3.837738091241633
U0004844,1,5.753080246998298
U0004845,1,0.9437850475408673
U0004846,1,0.864941695946257
U0004847,0,1.6943316968275681
U0004848,0,3.4523088409102165
U0004849,0,2.4595006607081444
U0004850,1,2.4805821599477476
U0004851,1,3.06925414895041
U0004852,0,-0.41740656513210794
U0004853,1,0.9092687837275015
U0004854,0,3.304323869892155
U0004855,0,2.623516358220998
U0004856,0,3.0418592739781616
U0004857,0,2.2867528521959706
U0004858,0,-0.8490314091293847
U0004859,0,3.4610619253546293
U0004860,0,3.1633978509380185
U0004861,1,0.6304050318901879
U0004862,0,6.98894830267345
U0004863,0,3.469173408483041
U0004864,1,3.4245910368906998
U0004865,1,2.6855191573758503
U0004866,0,1.6192352619496475
U0004867,1,7.153837693485517
U0004868,1,0.18875422171669243
U0004869,1,2.6109546880085084
U0004870,0,2.2492190451161598
U0004871,0,2.5568108923085937
U0004872,0,6.08934939344379
U0004873,0,2.4022879086281037
U0004874,0,2.46658278252486
U0004875,0,5.458786789562179
U0004876,0,2.54220365809984
U0004877,0,1.261278728585296
U0004878,0,2.5827000622179863
U0004879,1,-2.6609004666023637
U0004880,0,2.7749970097171435
U0004881,0,3.960858227068547
U0004882,1,3.5680239607359177
U0004883,1,2.9140071919451245
U0004884,0,2.3977189915535035
U0004885,0,0.5028074211781295
U0004886,1,2.9401678240243427
U0004887,0,3.8778618136356187
U0004888,0,5.286744995679033
U0004889,1,2.7572223057112666
U0004890,0,2.8336037090093757
U0004891,0,3.92348002452583
U0004892,1,4.406552988078642
U0004893,0,3.480884496879675
U0004894,0,2.0209166241351006
U0004895,0,1.5186537824212145
U0004896,1,2.2756788512082515
U0004897,1,0.44637583299605055
U0004898,1,1.0931641635193792
U0004899,0,1.9708295185636544
U0004900,0,0.6080603951010772
U0004901,0,5.938637594847039
U0004902,1,3.6952240441998256
U0004903,1,3.158925169306105
U0004904,1,3.0728605161580873
U0004905,1,2.777317311976919
U0004906,0,3.9472042586531337
U0004907,0,2.30454796503102
U0004908,1,4.838867471451032
U0004909,1,3.223719055969262
U0004910,1,3.134493980689623
U0004911,0,2.2089093184180264
U0004912,1,1.6339402373583525
U0004913,1,-0.9191553840807973
U0004914,1,2.888236750036878
U0004915,0,5.71359112363381
U0004916,0,5.632458305361228
U0004917,1,3.917696545925473
U0004918,0,3.144789759497499
U0004919,0,3.697511482007899
U0004920,1,4.787651566794679
U0004921,0,2.1220832860523906
U0004922,1,2.0121150143293107
U0004923,1,2.175291025394273
U0004924,1,2.641391267715818
U0004925,0,-2.181598103289268
U0004926,0,1.784870441423653
U0004927,1,3.097090154479684
U0004928,0,1.467991484675455
U0004929,0,1.8821240912270323
U0004930,0,-0.549505917288144
U0004931,1,5.409493258215983
U0004932,1,1.1601879908367216
U0004933,0,2.5427918687126585
U0004934,0,1.4403393868066452
U0004935,1,2.3661407434737285
U0004936,1,-0.7756226329348763
U0004937,0,2.614968218057509
U0004938,1,4.19602445163267
U0004939,0,3.9407309690119785
U0004940,0,0.09394161803898626
U0004941,0,1.0941951283428004
U0004942,1,2.532396294114484
U0004943,0,0.983598500402767
U0004944,0,4.152052350945318
U0004945,1,3.38183218537511
U0004946,0,2.516202158572428
U0004947,0,1.0395833224063544
U0004948,1,3.7453170395021544
U0004949,0,3.6316944703396787
U0004950,1,6.012983225662893
U0004951,0,3.284112387135643
U0004952,0,-3.6370682074345666
U0004953,1,4.869128366783219
U0004954,0,3.331900334484324
U0004955,0,3.8916825876009042
U0004956,1,3.482403555236001
U0004957,1,8.030922681980677
U0004958,0,3.8180636419733425
U0004959,0,2.2996553603175194
U0004960,0,1.9173982946624548
U0004961,0,-1.397201839609206
U0004962,0,2.041222081631247
U0004963,0,1.4581456514184374
U0004964,1,1.6721571599021594
U0004965,0,1.9766712268691649
U0004966,0,6.021192122931662
U0004967,1,4.494072217349268
U0004968,1,2.5836308170011293
U0004969,0,5.030741333335694
U0004970,1,1.3236461782719466
U0004971,0,5.459881591563661
U0004972,1,1.3582184044561139
U0004973,0,5.396820208518388
U0004974,1,2.6228102244529
U0004975,0,7.171686754866922
U0004976,0,2.322174515847397
U0004977,0,3.391664172726756
U0004978,0,1.8539957229313266
U0004979,0,5.446838385644952
U0004980,1,-0.3935557343454654
U0004981,0,0.24036982061365464
U0004982,0,1.8033965580755353
U0004983,1,-0.20774026000092682
U0004984,1,2.1346486251097474
U0004985,1,0.5103196937429111
U0004986,0,5.196983915343301
U0004987,1,2.660363138850167
U0004988,0,3.179964398518891
U0004989,1,2.168777285538866
U0004990,1,3.5780793957734893
U0004991,1,2.4802407303918343
U0004992,0,3.0353638550830873
U0004993,1,4.674837906421496
U0004994,0,1.6490627526349364
U0004995,0,2.990826407841503
U0004996,0,4.689048646123002
U0004997,0,1.20509762277862
U0004998,1,-0.6490303271426328
U0004999,0,3.588108089063736
U0005000,0,0.9923511600053736
U0005001,0,2.451042114900165
U0005002,0,1.789424991022205
U0005003,0,-0.8772061757986407
U0005004,0,2.212206147459188
U0005005,1,-1.039395684202809
U0005006,0,2.8812428903632323
U0005007,1,1.9002170760448749
U0005008,0,3.3033558242324013
U0005009,1,2.6021580078909174
U0005010,1,4.512560307028213
U0005011,0,11.14153272629635
U0005012,1,1.983984910634181
U0005013,0,3.00547360093141
U0005014,1,1.79834984430925
U0005015,0,4.12331446766898
U0005016,0,2.624767433881461
U0005017,0,2.566774222869835
U0005018,1,2.0801546091859606
U0005019,1,1.8730722938744666
U0005020,0,2.507073965631964
U0005021,1,1.913722862539064
U0005022,1,-0.04532663096829026
U0005023,1,3.648847426431267
U0005024,1,3.33707961537435
U0005025,1,3.5019200954765175
U0005026,0,2.9698381662149878
U0005027,0,2.8497621943870612
U0005028,0,5.592406052285092
U0005029,1,3.8032250789087847
U0005030,0,3.7674973597662724
U0005031,0,3.7254070660380716
U0005032,0,2.9979651121875293
U0005033,0,0.9605265768220832
U0005034,1,3.8540066592130593
U0005035,0,2.6971476886057353
U0005036,0,-1.031348241290086
U0005037,0,1.8197486710342297
U0005038,0,2.880842133808077
U0005039,0,0.14575613006735466
U0005040,1,4.545156678775491
U0005041,0,4.511676958043992
U0005042,1,3.806578192604708
U0005043,0,1.0496072892041965
U0005044,0,4.358055040804876
U0005045,0,2.380034466917788
U0005046,1,3.732165137085957
U0005047,0,1.2230852387727325
U0005048,0,4.275370287831997
U0005049,1,2.82741093016973
U0005050,1,2.438261034519112
U0005051,1,4.917435548147797
U0005052,0,3.8583777768035894
U0005053,0,1.0924010258595693
U0005054,1,4.936767896538566
U0005055,0,2.7536297974208352
U0005056,1,2.158635110889257
U0005057,0,3.5144965610799233
U0005058,1,5.42725484792631
U0005059,1,3.8360406328296754
U0005060,1,1.8066610421483809
U0005061,1,3.0080729448206576
U0005062,1,1.5434587518309364
U0005063,0,1.3973830879381506
U0005064,1,1.634713374008001
U0005065,1,0.6849427087041917
U0005066,0,-0.06419294334424919
U0005067,1,1.3251721601864084
U0005068,0,2.2634225297488015
U0005069,1,0.11023339980342328
U0005070,0,2.39636774653232
U0005071,1,0.9901752719848176
U0005072,1,2.2082809070784037
U0005073,1,5.187646449515027
U0005074,0,4.5206975891694245
U0005075,1,-0.8989847265601867
U0005076,1,2.807852148346054
U0005077,0,0.14910889040330844
U0005078,0,2.7772870952944615
U0005079,0,0.7953062851256654
U0005080,0,1.477116327285085
U0005081,1,0.9167893570964978
U0005082,0,3.292133140619857
U0005083,1,2.9798290485194237
U0005084,0,3.694158585603361
U0005085,0,-1.5284228340598958
U0005086,1,1.7784385057014696
U0005087,1,1.628224331221677
U0005088,0,10.797885056942796
U0005089,1,2.5963282417086795
U0005090,1,8.36668180295663
U0005091,1,3.3517330701490593
U0005092,1,1.3811762132177758
U0005093,0,0.9249124490116145
U0005094,0,3.4282424307638983
U0005095,1,1.175492984648276
U0005096,1,3.6252068686197774
U0005097,1,2.587682429260685
U0005098,1,0.8999718934091341
U0005099,1,5.281465712456182
U0005100,0,4.451243023195197
U0005101,1,2.43058352081259
U0005102,0,2.9588351669187745
U0005103,1,1.211963435674626
U0005104,1,0.5090429894186954
U0005105,1,6.5746779313300685
U0005106,0,1.623269859555183
U0005107,0,1.2863484136052676
U0005108,0,-0.19580305630048755
U0005109,0,5.211086624922114
U0005110,1,-0.06691009225072264
U0005111,0,1.3101349950869228
U0005112,0,2.087864251552004
U0005113,1,4.284579441559426
U0005114,0,-2.0931824793494194
U0005115,1,1.1027381799831506
U0005116,0,2.692839147867698
U0005117,0,1.7764309993231304
U0005118,0,4.054512255223756
U0005119,0,1.9326032878521922
U0005120,1,3.770085322549484
U0005121,0,1.0368388319741833
U0005122,0,5.563487246683415
U0005123,1,4.578091024909655
U0005124,0,7.309598860108103
U0005125,0,4.296413648114086
U0005126,0,0.9120293269881508
U0005127,1,2.1287562675430856
U0005128,1,2.2894549670364377
U0005129,0,5.209701908513271
U0005130,0,3.705235174822974
U0005131,0,2.4483727126193173
U0005132,1,3.6114436267831636
U0005133,0,3.4938692313657285
U0005134,0,1.4586612814308353
U0005135,0,4.02854535330475
U0005136,1,2.197383784921108
U0005137,0,3.4498334809664186
U0005138,1,4.95296779361826
U0005139,1,2.5763771313353416
U0005140,0,4.088092083151832
U0005141,0,3.454748856166802
U0005142,0,4.651125889208338
U0005143,1,4.190853704671113
U0005144,0,3.374791717582129
U0005145,1,3.0778659742644194
U0005146,1,0.9285869749502105
U0005147,0,1.5047027347062674
U0005148,0,1.5354834805466595
U0005149,1,1.290324964174438
U0005150,1,3.18547641160421
U0005151,1,1.3113656600537524
U0005152,0,4.70562844611548
U0005153,0,1.3333097171700388
U0005154,1,6.435369321017035
U0005155,1,4.0965836194604925
U0005156,0,4.605743619408113
U0005157,0,1.4097543831729276
U0005158,1,2.914431264195942
U0005159,0,1.432659845775821
U0005160,1,3.6076284917297166
U0005161,1,3.5273178097212927
U0005162,1,3.870814371767409
U0005163,1,4.8327222825632905
U0005164,1,4.601777923052257
U0005165,1,3.253393738674225
U0005166,0,3.1183546236934028
U0005167,1,2.964480608102626
U0005168,1,3.7064579621767813
U0005169,0,2.324986171614146
U0005170,0,3.011547923507976
U0005171,0,2.934926690518605
U0005172,0,4.512334831727184
U0005173,0,4.2825255947340075
U0005174,1,3.7824669266134237
U0005175,0,2.233991767389025
U0005176,0,5.221373587831238
U0005177,1,1.6658435816980681
U0005178,1,4.82486587160329
U0005179,1,2.8426548132246623
U0005180,0,3.2289936707693947
U0005181,1,3.871573150274042
U0005182,1,0.26642768421733365
U0005183,1,2.5557179513440964
U0005184,0,3.556191191860975
U0005185,0,1.9907259546061375
U0005186,1,2.5511362466252017
U0005187,0,0.8786998259758132
U0005188,1,0.6782590822253596
U0005189,0,2.4845198027501496
U0005190,0,3.5139681233382767
U0005191,1,2.021767338944354
U0005192,0,4.769682898139013
U0005193,1,1.119689068740822
U0005194,1,4.250806486771671
U0005195,1,2.775651287555249
U0005196,1,2.0056051948398057
U0005197,1,5.545104098561541
U0005198,0,0.7178119405348689
U0005199,1,2.7104875642793687
U0005200,1,1.6492686208951675
U0005201,1,3.5856294354947877
U0005202,1,-1.7333746613616086
U0005203,0,1.9781740700307076
U0005204,1,1.6631984360840875
U0005205,1,2.9442148313765717
U0005206,0,3.558406263780597
U0005207,0,4.952856440390157
U0005208,0,3.6362380165227357
U0005209,0,4.644575193805977
U0005210,1,5.05930951474801
U0005211,0,1.338919117118074
U0005212,0,2.172392719399582
U0005213,0,2.438246304846647
U0005214,1,-0.4311138825792895
U0005215,1,3.8488603218319106
U0005216,1,1.7985678481948373
U0005217,1,3.577205759960245
U0005218,0,2.9022259891473716
U0005219,1,1.6716123114122254
U0005220,1,0.21309321473047405
U0005221,0,2.1743826088034943
U0005222,0,2.3505082660994994
U0005223,0,3.538836703393601
U0005224,0,3.663570805539223
U0005225,1,3.673979143084992
U0005226,1,4.2164662020411505
U0005227,0,3.160264130730214
U0005228,1,2.1465688649429033
U0005229,0,3.4104960241514135
U0005230,1,4.379616048120839
U0005231,1,3.8526057587253817
U0005232,1,4.904231796798896
U0005233,0,2.228803499650324
U0005234,1,0.5399264290354786
U0005235,1,2.911517383073038
U0005236,1,1.908061552258788
U0005237,0,2.823030833228902
U0005238,1,3.0097685361509754
U0005239,1,0.9368418051434553
U0005240,0,-2.3213756294618477
U0005241,0,2.3119131384344698
U0005242,1,2.7659893555970427
U0005243,0,2.8169646415835796
U0005244,1,3.8181462421289467
U0005245,1,3.1154952879500115
U0005246,0,1.2319217319654854
U0005247,0,4.257193022807932
U0005248,0,2.351364400406446
U0005249,1,2.7483543886189743
U0005250,0,3.695072581607798
U0005251,0,3.66606649523316
U0005252,1,-0.3248591002439909
U0005253,1,1.934068999015274
U0005254,1,1.3900767464517934
U0005255,0,2.1664364932885505
U0005256,0,1.5449563589714295
U0005257,0,2.253976942198804
U0005258,1,3.281579254032149
U0005259,1,1.3425763063709049
U0005260,0,2.4542012786503022
U0005261,1,1.979864214386275
U0005262,0,2.633424701671075
U0005263,1,0.035336933068562004
U0005264,0,1.816614013616066
U0005265,1,4.466198479315224
U0005266,0,0.4725603247934522
U0005267,1,2.2813282524515692
U0005268,1,2.98503745308229
U0005269,0,2.043197344454221
U0005270,0,2.57263395537964
U0005271,0,1.298458852050274
U0005272,0,5.033435330126071
U0005273,0,2.7001756809688846
U0005274,0,1.0321422560160123
U0005275,1,1.1369610334998157
U0005276,1,2.9730579854656156
U0005277,1,0.811639080400802
U0005278,0,1.2140239538709885
U0005279,0,1.2928712369948308
U0005280,1,3.3182204251716803
U0005281,1,3.911398305888307
U0005282,0,5.283996211084688
U0005283,0,3.261021859168114
U0005284,0,5.784719112698923
U0005285,1,5.850138022492686
U0005286,0,3.3529841675812193
U0005287,0,4.108563004602534
U0005288,1,-0.7594264852756254
U0005289,0,1.2253794470303045
U0005290,0,2.2442919045622958
U0005291,1,1.8398548153408392
U0005292,1,1.7417556486845935
U0005293,0,-1.5094001557355963
U0005294,0,0.6658224661175076
U0005295,0,4.60206881459619
U0005296,0,3.4351369965185192
U0005297,0,1.1062167947112744
U0005298,0,1.4735301634548037
U0005299,0,2.78346349117788
U0005300,1,0.816907583445559
U0005301,0,0.26349921660927933
U0005302,0,0.6597257003103074
U0005303,0,2.3938783028028396
U0005304,0,-0.20692953927951407
U0005305,1,3.9421390850930784
U0005306,1,3.319375405749483
U0005307,0,3.9046105298993687
U0005308,1,3.758140070408844
U0005309,0,0.6622762621725968
U0005310,0,1.6674122002196476
U0005311,1,2.6114230504333182
U0005312,0,2.3204826299207433
U0005313,1,2.7215252316956438
U0005314,1,2.1093751127612066
U0005315,0,2.5936246421160654
U0005316,1,1.3405921721520713
U0005317,1,0.8383788806366432
U0005318,1,-1.9613379500294208
U0005319,0,3.6602430015999516
U0005320,1,3.4657934899060834
U0005321,0,2.1275818993136433
U0005322,1,3.5611563766988006
U0005323,0,2.573057586525799
U0005324,0,0.779370199075565
U0005325,0,3.5763517985151694
U0005326,0,2.4943083163468653
U0005327,1,1.687619398451556
U0005328,1,0.6317290276340906
U0005329,1,-0.5269924349142165
U0005330,1,7.428274268265763
U0005331,1,3.707902480769823
U0005332,0,1.5221025357759181
U0005333,0,0.006962193631196101
U0005334,1,-2.340832576062027
U0005335,1,4.557170913171376
U0005336,0,2.406268226660149
U0005337,0,1.7315619087220284
U0005338,1,3.137831203900836
U0005339,0,4.752190613218307
U0005340,1,3.0230837557627197
U0005341,1,3.274402112666504
U0005342,1,3.350122418704732
U0005343,0,5.000457089070579
U0005344,1,0.049929888456809124
U0005345,1,2.6324328505610026
U0005346,0,3.7595609487078505
U0005347,1,-0.016151509548663512
U0005348,0,2.0211375705348402
U0005349,1,5.740460044686898
U0005350,1,3.4489463750969307
U0005351,1,1.6660706597360413
U0005352,0,8.937774625460106
U0005353,0,1.2992421198540356
U0005354,1,-4.505197176965325
U0005355,1,3.537400808929563
U0005356,0,5.775535792455454
U0005357,0,2.076601906448211
U0005358,1,1.4833633593880364
U0005359,0,3.1634319231169243
U0005360,1,-0.4858858724789137
U0005361,0,2.2796490603983344
U0005362,1,2.3327903777884735
U0005363,0,2.2793658179797305
U0005364,1,2.4079288500493234
U0005365,1,0.5298575218574406
U0005366,0,2.557599804312737
U0005367,0,-1.5195660390474828
U0005368,1,0.5939616226960993
U0005369,0,-0.08925746359880371
U0005370,1,2.7070139720251056
U0005371,0,6.586146690714877
U0005372,1,2.460605630580023
U0005373,1,3.4509440061661003
U0005374,0,3.173868076251294
U0005375,1,3.9104253548921335
U0005376,1,1.840557097217026
U0005377,1,1.1438898198885106
U0005378,0,2.14797068996066
U0005379,1,4.16719491849312
U0005380,0,-0.11038532950900048
U0005381,1,2.2106263750267416
U0005382,0,1.1032707138796667
U0005383,0,4.306522835376342
U0005384,1,2.939838813240531
U0005385,0,2.512296267212296
U0005386,1,1.5773114912238526
U0005387,0,3.236948264867678
U0005388,1,5.616703135910633
U0005389,0,1.7855906502729368
U0005390,0,1.272943690613964
U0005391,1,3.2651851545719843
U0005392,0,3.292709328050684
U0005393,0,3.765887527153538
U0005394,1,3.893209713045694
U0005395,0,1.8123477693227272
U0005396,1,4.0971802802978825
U0005397,1,1.6624176551144885
U0005398,0,1.5932702698087517
U0005399,0,1.815651501754271
U0005400,1,-0.0985876213552821
U0005401,1,4.377407579078255
U0005402,0,2.3013943432483757
U0005403,1,0.4377316166352969
U0005404,0,1.561966557154559
U0005405,1,1.1595724544878294
U0005406,0,0.8657290847120649
U0005407,1,2.1698912895727958
U0005408,0,5.680575592549673
U0005409,0,2.257001145333554
U0005410,0,3.6708055314527623
U0005411,1,3.5703666470377264
U0005412,0,3.479725538302258
U0005413,1,4.937324564715016
U0005414,0,1.1339851595168646
U0005415,1,3.6300163894001436
U0005416,0,1.832651728465466
U0005417,0,2.749648552788617
U0005418,1,2.675509512007171
U0005419,0,2.838125241489717
U0005420,1,2.5020557122783327
U0005421,0,5.12559674662702
U0005422,0,3.346236071257401
U0005423,1,3.561414551875501
U0005424,0,4.1300433816191
U0005425,0,2.9429991921004444
U0005426,0,1.7538874823236803
U0005427,1,3.3768592532944233
U0005428,1,2.6491537951331665
U0005429,0,3.1920820892778785
U0005430,0,0.6553143632036011
U0005431,1,2.5300351861803314
U0005432,1,1.696294085287665
U0005433,0,2.0410121754928667
U0005434,1,2.8809406792775256
U0005435,1,0.8252948172141465
U0005436,1,1.8596276697945946
U0005437,0,1.6059059111152294
U0005438,0,4.803017205801897
U0005439,0,5.344192781339931
U0005440,0,3.6733492993283665
U0005441,1,3.0586282607236406
U0005442,0,0.4359555995952977
U0005443,0,3.0500090910560758
U0005444,0,2.924128074351568
U0005445,1,1.9788265535572336
U0005446,0,3.1420662710362244
U0005447,0,-0.42541720110409287
U0005448,1,2.0985137343709965
U0005449,0,2.2470825445598503
U0005450,0,1.277146688263672
U0005451,1,3.11926114648986
U0005452,0,1.065083838444755
U0005453,0,1.4201488405403282
U0005454,0,3.490419065875308
U0005455,0,0.8671884711478484
U0005456,1,0.6919383579579907
U0005457,0,0.9199662108014408
U0005458,0,1.6194889652411
U0005459,1,5.113632274182695
U0005460,1,1.548775382408408
U0005461,1,3.3220380242130076
U0005462,1,2.290697143622829
U0005463,0,2.7669881060131143
U0005464,1,1.6067982650863932
U0005465,1,4.18636657678131
U0005466,0,3.326804763320567
U0005467,0,0.9539676016041092
U0005468,1,2.5852050974117766
U0005469,0,5.176470906362265
U0005470,0,0.5183213340425219
U0005471,0,2.2098987484674595
U0005472,1,2.9782970044702637
U0005473,1,2.6517301767582886
U0005474,0,3.392074598374087
U0005475,1,2.058785411850131
U0005476,1,1.8931925179251952
U0005477,0,4.897504429983364
U0005478,1,1.5427586661769723
U0005479,1,5.374707220813896
U0005480,1,2.08763226509269
U0005481,0,3.342234717444793
U0005482,1,2.3604647380174733
U0005483,0,-0.2850047667675675
U0005484,0,1.7980031823273865
U0005485,1,1.2646333460996502
U0005486,0,1.6307925481173484
U0005487,0,0.1255971178726547
U0005488,1,3.317603867112016
U0005489,0,1.7434846538246553
U0005490,1,2.1745045234720823
U0005491,0,1.7134242136325284
U0005492,0,2.102935285464241
U0005493,1,3.43831638875737
U0005494,0,2.732748250007935
U0005495,0,4.469190030115371
U0005496,0,1.4799364166231612
U0005497,0,1.1874005003218073
U0005498,1,2.0475779085111405
U0005499,1,5.892172571306318
U0005500,0,3.3861742308954987
U0005501,0,0.1093509859184909
U0005502,0,2.897193730605977
U0005503,0,2.838073826514986
U0005504,0,2.9985075096074496
U0005505,0,-2.7444556688308808
U0005506,0,3.579131444883693
U0005507,1,2.429556534363442
U0005508,1,10.118370705518196
U0005509,1,2.6871294938510744
U0005510,1,5.235796491489126
U0005511,0,4.4037067571979165
U0005512,1,1.0657454082201916
U0005513,1,1.2435743191076334
U0005514,0,4.291267790302962
U0005515,1,2.1425294061691744
U0005516,1,0.9307325266274731
U0005517,0,2.396527416669958
U0005518,1,-4.064093039432074
U0005519,0,3.4325734521724556
U0005520,1,1.1182371253032741
U0005521,1,1.7012210376334131
U0005522,1,1.767206717385415
U0005523,0,1.9414149431247054
U0005524,1,2.8732772090246037
U0005525,1,3.0594515206680164
U0005526,0,1.8023069251344488
U0005527,0,2.952528035350536
U0005528,0,1.0436093012405259
U0005529,0,0.4759146283745359
U0005530,1,2.9146463349648712
U0005531,1,2.950302869138124
U0005532,1,-7.3998153954503
U0005533,0,2.1735547932846053
U0005534,0,2.3464510099569242
U0005535,0,2.601654896404124
U0005536,0,1.392978699748845
U0005537,1,1.9556609340023847
U0005538,0,0.958535632433728
U0005539,0,3.2535244883323493
U0005540,0,2.8979592963554577
U0005541,0,1.860049144684341
U0005542,1,-3.085170276639154
U0005543,1,3.763030449834968
U0005544,1,2.9887482889770673
U0005545,1,4.623151990627154
U0005546,0,1.8564145882817744
U0005547,1,3.6662149547579403
U0005548,0,1.5068304913575155
U0005549,0,2.786508192512322
U0005550,0,2.8174304627892326
U0005551,0,2.4943261421994087
U0005552,0,3.035348851555309
U0005553,0,2.38554140045402
U0005554,1,4.167300337174492
U0005555,0,3.196962946678621
U0005556,0,0.46887815354873297
U0005557,1,1.7278243523848467
U0005558,0,2.5114100899509566
U0005559,0,2.238838546993401
U0005560,1,0.10014230983805206
U0005561,1,1.8027694825809206
U0005562,0,1.6786104780852753
U0005563,0,1.6860514424133903
U0005564,0,1.9619488168639148
U0005565,0,3.8901492696473845
U0005566,1,3.6791810458651923
U0005567,0,4.242042806186337
U0005568,0,2.281254719619703
U0005569,1,3.358735511457038
U0005570,1,3.3004232081048848
U0005571,0,1.2521827608315448
U0005572,1,2.0471363315322115
U0005573,0,1.9346137833226678
U0005574,0,1.3609709705407464
U0005575,0,2.3556093252818293
U0005576,0,4.280132046108619
U0005577,0,2.587193993603165
U0005578,1,1.2277519331119429
U0005579,0,2.835801259788731
U0005580,1,4.426120717600984
U0005581,1,3.275318442436406
U0005582,0,4.694203885518247
U0005583,1,3.915734794390616
U0005584,0,1.7794924057156436
U0005585,0,1.6626888334677936
U0005586,0,1.1971155005199012
U0005587,0,2.8941568951662333
U0005588,0,2.44356742573342
U0005589,1,2.2394850612769837
U0005590,1,-0.06506372640425084
U0005591,0,2.6992508640368875
U0005592,1,0.8772028204201128
U0005593,0,1.3501385311970324
U0005594,0,1.1663492107008473
U0005595,1,6.4765636750747575
U0005596,1,5.711222755328748
U0005597,1,3.217304224903799
U0005598,0,1.0809712989512583
U0005599,0,2.217690922447641
U0005600,0,2.951433891896418
U0005601,1,2.6924245390574697
U0005602,0,4.655695479955845
U0005603,0,0.7097227581099901
U0005604,0,0.8049488986962725
U0005605,1,3.841460631739672
U0005606,0,3.818527479644576
U0005607,1,1.037568502725442
U0005608,1,2.632430537312299
U0005609,0,2.5070106759325874
U0005610,1,2.969052632957105
U0005611,1,2.4550056183538533
U0005612,0,3.9717227248339135
U0005613,1,2.790732727639636
U0005614,0,3.5641468171713715
U0005615,1,4.0921605955511176
U0005616,1,3.933459375777854
U0005617,0,2.188690085652187
U0005618,1,3.208268599191726
U0005619,1,0.011209841062060022
U0005620,1,3.9233800795686946
U0005621,0,2.900492570381285
U0005622,1,1.86998209999423
U0005623,1,3.9207312899759685
U0005624,1,0.5843881537152065
U0005625,0,2.4767245647320326
U0005626,1,4.3525675753093935
U0005627,1,1.266159599196648
U0005628,1,3.8650245572173425
U0005629,1,2.978623456412457
U0005630,0,-0.8481016637621046
U0005631,1,3.548804595969818
U0005632,0,4.247803557140582
U0005633,0,4.371890719448917
U0005634,0,-0.9985865340029747
U0005635,0,3.1217446140478593
U0005636,0,3.9351843999070475
U0005637,1,2.8319500436264455
U0005638,0,1.0583359716772964
U0005639,0,2.2595718768585478
U0005640,1,0.259375559899528
U0005641,0,3.2123823909656384
U0005642,1,0.8956015296601905
U0005643,0,2.202182096480996
U0005644,1,3.1228303960143364
U0005645,1,4.879625422266887
U0005646,1,3.9992299592785265
U0005647,0,3.625666520875523
U0005648,1,0.7908035538100187
U0005649,1,7.432022669744736
U0005650,1,2.2374333026847317
U0005651,1,-0.948344386353984
U0005652,1,3.8751890620852443
U0005653,1,1.4774584058456028
U0005654,1,3.964387767693939
U0005655,1,3.335558569723716
U0005656,0,3.2759186569906262
U0005657,1,-1.1069037131408184
U0005658,0,4.214668045916369
U0005659,1,1.569307201173853
U0005660,0,4.958309209963604
U0005661,1,3.233556644651557
U0005662,1,3.09294693822099
U0005663,1,5.510498645785642
U0005664,1,2.13618722389816
U0005665,0,4.199839869155941
U0005666,1,1.4088654128327214
U0005667,0,1.411631108086823
U0005668,0,2.4354249350349058
U0005669,0,0.9576653744837529
U0005670,0,2.925137291308072
U0005671,0,1.9803195771958961
U0005672,1,0.6284805741897372
U0005673,1,-0.15782211981995786
U0005674,0,5.600206406318858
U0005675,1,2.818261406201774
U0005676,0,2.540893400716776
U0005677,1,4.256828451869602
U0005678,0,3.061279891834161
U0005679,0,1.2680171720402917
U0005680,1,4.131420810206186
U0005681,1,4.001035533291091
U0005682,1,1.8381509080054563
U0005683,0,3.452842154342438
U0005684,0,0.35862074111584263
U0005685,0,1.852166998789393
U0005686,1,4.307320933307867
U0005687,0,3.2503241681031785
U0005688,0,1.012231956450325
U0005689,0,4.890587757532675
U0005690,1,2.7043200029725156
U0005691,1,3.7140805502925094
U0005692,0,2.8661430261018417
U0005693,1,4.383291741565587
U0005694,1,3.062676908086363
U0005695,1,3.842631893396778
U0005696,0,4.076551592824256
U0005697,1,2.6376606206661535
U0005698,1,0.768940119572818
U0005699,1,2.406488431477582
U0005700,1,1.4508692849407154
U0005701,1,0.6495217545461252
U0005702,0,-0.5279853027642432
U0005703,1,3.3306671937226326
U0005704,1,3.16406009207053
U0005705,1,3.433891267657499
U0005706,0,1.6818624441424337
U0005707,1,1.5377919977020902
U0005708,0,3.7485025653788995
U0005709,0,5.367938862676574
U0005710,1,1.4683053743507948
U0005711,1,3.978154198202269
U0005712,0,5.823434872254104
U0005713,1,3.9078356604695585
U0005714,1,3.728351236009054
U0005715,1,3.3576274712637684
U0005716,1,2.4475869741828156
U0005717,1,3.0965890406756635
U0005718,1,0.6694580285058507
U0005719,1,5.206250568479952
U0005720,1,3.6881622893396937
U0005721,0,0.7064440432657513
U0005722,1,0.8276978926099723
U0005723,0,2.220177947683016
U0005724,0,2.9439557703129005
U0005725,1,2.8802598957784404
U0005726,0,3.6229174282298136
U0005727,0,-1.0780593900569357
U0005728,1,3.5150408904342534
U0005729,1,3.87603735555677
U0005730,1,0.8214617579265369
U0005731,0,1.0597521745640126
U0005732,0,2.5215263352165174
U0005733,0,4.687841628918932
U0005734,1,3.7024982136598865
U0005735,0,3.7624126867853
U0005736,1,3.5624947285885646
U0005737,1,2.8643591725211834
U0005738,1,3.0429600594274806
U0005739,1,1.01020155073045
U0005740,1,2.108930788026072
U0005741,0,1.9120990068307648
U0005742,0,5.5344426672183396
U0005743,1,2.4435295483086463
U0005744,1,2.5664287531314187
U0005745,1,4.086278950686914
U0005746,1,1.8975092520504777
U0005747,0,3.9662862080486505
U0005748,1,-5.380202334948965
U0005749,1,5.3395195536309465
U0005750,1,2.7813818694493335
U0005751,1,1.8386542483254775
U0005752,0,2.054453971266744
U0005753,0,1.255935663238489
U0005754,0,3.6649819373162984
U0005755,1,2.1488496960465255
U0005756,0,2.0138177459466213
U0005757,1,2.756871878011765
U0005758,0,1.7596592260761739
U0005759,1,1.0954718890083868
U0005760,0,2.8408152009073504
U0005761,0,2.2851686755767844
U0005762,1,3.182755148560261
U0005763,1,3.143296303552642
U0005764,1,-0.7635174216336864
U0005765,0,3.5406216887311928
U0005766,1,3.148160417639488
U0005767,1,3.1067662761672494
U0005768,1,1.1036850605151969
U0005769,0,-1.1008424317370107
U0005770,1,3.1766417406383987
U0005771,1,0.7696663268317998
U0005772,1,3.0769245483765513
U0005773,0,2.774118174377138
U0005774,1,2.9695419146045516
U0005775,1,1.581710301991052
U0005776,1,2.811611906773278
U0005777,0,3.556181981450237
U0005778,0,2.1514601800067226
U0005779,1,1.4381964826678786
U0005780,1,2.735385175975967
U0005781,1,5.128499895473203
U0005782,1,1.3120391100877402
U0005783,0,2.0785736389073843
U0005784,0,1.3968962848476387
U0005785,1,0.02955327251394735
U0005786,0,3.4910292317521936
U0005787,0,0.9527083641736525
U0005788,0,0.4554553054971109
U0005789,0,2.6809066936021004
U0005790,0,6.853324740056973
U0005791,1,0.002426804420284867
U0005792,0,1.686944432667321
U0005793,1,2.474459888215197
U0005794,0,0.2594537975500053
U0005795,0,2.227252879931253
U0005796,0,0.031246747962430987
U0005797,0,2.362677239445425
U0005798,0,2.718571347243376
U0005799,1,2.8857448364537355
U0005800,1,1.9226960869933833
U0005801,1,7.364121218930968
U0005802,0,2.76748633791577
U0005803,1,0.8870401807461086
U0005804,0,4.145157040628071
U0005805,1,2.6789519463994793
U0005806,1,1.0923737735937777
U0005807,0,3.510230985453063
U0005808,1,3.91117517708469
U0005809,1,0.548691313316489
U0005810,1,2.1506680544834715
U0005811,1,0.7085074546620582
U0005812,1,3.522736208190679
U0005813,0,4.013194561418205
U0005814,0,3.1768909589225984
U0005815,1,1.3035526565268718
U0005816,0,3.1730787970498824
U0005817,1,5.424414567627839
U0005818,1,0.70250949306687
U0005819,0,0.5554663223374803
U0005820,1,2.1658135531869362
U0005821,1,2.433028935981959
U0005822,1,3.039280861878911
U0005823,1,1.8395384804717896
U0005824,1,4.373225023003393
U0005825,1,0.5136636501995575
U0005826,0,4.9497070297085415
U0005827,0,4.063305176839215
U0005828,1,0.8161463717904294
U0005829,1,5.31936817217154
U0005830,0,3.9362029330402066
U0005831,0,2.6690073304975623
U0005832,1,2.3190814705647878
U0005833,1,1.6170703638689332
U0005834,1,3.917621757208222
U0005835,1,4.447280748576466
U0005836,0,4.356688838553907
U0005837,1,3.566444299565447
U0005838,1,0.694197869228173
U0005839,0,1.8939223674572823
U0005840,1,3.2249272969946112
U0005841,1,1.6443645830760794
U0005842,1,4.325329537046816
U0005843,0,-0.4332028028192756
U0005844,1,2.296853066153627
U0005845,0,3.875062798269571
U0005846,0,4.042648442957528
U0005847,1,2.5660447849397876
U0005848,1,-0.6554938159569588
U0005849,1,0.5128297685878955
U0005850,1,5.062902045172795
U0005851,1,1.1939292179633618
U0005852,0,0.19980638396727102
U0005853,0,1.290060203325659
U0005854,1,1.0234226634728216
U0005855,0,2.1813586025333898
U0005856,1,3.883814470986195
U0005857,0,3.9214267497248976
U0005858,1,2.089741408528763
U0005859,1,1.2379615117620268
U0005860,0,3.5063320982992217
U0005861,1,2.601074961456888
U0005862,0,3.5418819997334943
U0005863,1,2.3521610762026306
U0005864,0,4.395559677411605
U0005865,0,0.7474139022640216
U0005866,0,-0.7401649452581864
U0005867,1,2.4366571761706233
U0005868,1,1.7482488925309738
U0005869,0,4.309670904084513
U0005870,0,2.6144830770420704
U0005871,1,-1.969426813912463
U0005872,1,0.17468643193490152
U0005873,1,2.956533295339071
U0005874,1,-1.009928953524998
U0005875,1,2.810816029417815
U0005876,0,4.375319074838373
U0005877,0,2.312591564869054
U0005878,1,3.63351172002697
U0005879,0,5.765124704282538
U0005880,0,2.6885950664124607
U0005881,1,3.619432681001758
U0005882,0,3.6365219507080297
U0005883,0,4.517355473845628
U0005884,1,2.8144345826156574
U0005885,0,2.3703909905159044
U0005886,0,4.302408380270549
U0005887,0,3.5163639846175947
U0005888,0,1.7768417353300379
U0005889,1,2.1086818102731186
U0005890,0,2.1713030104935562
U0005891,0,2.897565445975353
U0005892,1,3.9505778308024944
U0005893,0,4.734078978104506
U0005894,1,1.5432291387675896
U0005895,0,3.823131643445638
U0005896,1,3.3291824192023505
U0005897,0,2.3004998614559575
U0005898,1,2.847108836623434
U0005899,0,5.983473029238521
U0005900,1,4.5723055691259
U0005901,1,3.562925840636993
U0005902,0,3.152088760884432
U0005903,0,1.3540650636948222
U0005904,0,4.179250129169885
U0005905,0,3.28895442145469
U0005906,0,-0.3707510756956971
U0005907,0,1.8613584781393069
U0005908,0,4.9623238906472835
U0005909,0,0.5530729242123336
U0005910,1,5.475542093393283
U0005911,1,0.32850214338152384
U0005912,0,5.395539061330776
U0005913,1,2.788342136814892
U0005914,1,6.048430408803174
U0005915,0,3.87506991098752
U0005916,1,0.24274045227200247
U0005917,0,3.5406754918014514
U0005918,0,1.5323433147144527
U0005919,0,2.0353211675134055
U0005920,0,1.6237166136213048
U0005921,1,7.937112572300563
U0005922,1,2.013818501398081
U0005923,1,1.1331923721156727
U0005924,0,3.094544842914413
U0005925,1,1.6079276222543477
U0005926,1,4.670128759949874
U0005927,0,3.6208155582890047
U0005928,0,0.21073665886015647
U0005929,1,-0.2303762332110928
U0005930,1,-0.659397798944493
U0005931,1,1.310286585764775
U0005932,0,0.40503801752760005
U0005933,0,3.5764914935630365
U0005934,0,4.149645300056989
U0005935,1,2.7960308845501913
U0005936,1,2.9691995859358453
U0005937,1,2.595683050990468
U0005938,1,1.2675893871727961
U0005939,1,2.928342634319929
U0005940,0,4.7723128344444525
U0005941,1,2.997718285831855
U0005942,0,4.314472739714947
U0005943,0,1.8462360306379662
U0005944,0,2.15702562058463
U0005945,1,1.783190200152621
U0005946,0,2.4327175573422366
U0005947,0,0.2857089011529652
U0005948,1,0.045454530426344064
U0005949,1,4.337892032782733
U0005950,1,7.671024041214256
U0005951,0,2.9523268530184836
U0005952,0,3.0758809916635528
U0005953,0,2.7844852162701272
U0005954,0,0.13918139031995835
U0005955,1,3.0575288789657407
U0005956,0,5.33504364489165
U0005957,0,3.026688999825069
U0005958,0,4.668721930001684
U0005959,1,-0.014938592321023236
U0005960,0,1.6967938961082893
U0005961,1,0.9853149544922708
U0005962,1,0.9583444871121465
U0005963,1,2.408589787304299
U0005964,1,-0.753292486942243
U0005965,0,4.012945602520205
U0005966,0,4.850295398972236
U0005967,0,2.7106830646871813
U0005968,1,2.9801522221517622
U0005969,0,2.7233063423802086
U0005970,0,2.533472294817404
U0005971,1,1.0628488600797432
U0005972,1,-0.4223437680983757
U0005973,0,2.6729267522597304
U0005974,0,3.421438554606471
U0005975,0,0.4428076078283887
U0005976,0,5.3017122030153665
U0005977,0,2.3039940834568107
U0005978,0,1.4862638856995396
U0005979,0,3.409987892009859
U0005980,0,4.159157633082316
U0005981,1,3.7923854965768236
U0005982,1,3.390735963870325
U0005983,0,3.6785514595589515
U0005984,0,2.076930122985594
U0005985,0,4.6234259796613575
U0005986,1,0.0860038446976894
U0005987,1,1.9228113660249164
U0005988,1,2.0026984862278105
U0005989,0,0.37201916056362805
U0005990,1,-0.31921414933986725
U0005991,1,1.5017398461050213
U0005992,0,2.8760914987956543
U0005993,1,0.042819890799741245
U0005994,1,3.3548525653541574
U0005995,1,2.2187108649499443
U0005996,1,4.099967074332961
U0005997,1,1.6037706436166843
U0005998,1,1.8876165053033027
U0005999,1,3.7804812031535366
U0006000,0,2.858980091007446
U0006001,1,1.1335330076921792
U0006002,1,3.244335175301808
U0006003,0,0.8715013187746568
U0006004,0,4.724643904480622
U0006005,1,3.530193864906421
U0006006,0,3.7815525186456824
U0006007,1,1.887370158145794
U0006008,0,2.0181568444629363
U0006009,1,2.3230789953430744
U0006010,0,6.506203463452032
U0006011,1,-1.1559067754469226
U0006012,0,2.7179857385380135
U0006013,1,3.924917910568066
U0006014,0,-0.7022420934894491
U0006015,0,0.8497172626633969
U0006016,1,1.5853679822332172
U0006017,0,3.2393378136843403
U0006018,1,2.6129867407521647
U0006019,1,3.219901333457736
U0006020,1,2.0969326543559
U0006021,1,1.6821652577740132
U0006022,0,3.626408887155989
U0006023,0,3.4093994949592386
U0006024,0,3.685307338801751
U0006025,1,2.127325538658063
U0006026,1,4.336102055686819
U0006027,0,5.475975464853189
U0006028,1,3.659244739016078
U0006029,1,3.1449127862087014
U0006030,0,1.4548744294993163
U0006031,1,5.783299700420185
U0006032,1,2.152805944404353
U0006033,1,-0.283149253815548
U0006034,0,5.077604524137384
U0006035,1,4.586740227871093
U0006036,1,2.2939900017059607
U0006037,1,3.8263217541491557
U0006038,0,1.7898419704748143
U0006039,1,3.109229732356642
U0006040,1,3.857451625385579
U0006041,0,3.728243096548301
U0006042,0,5.0031960999688145
U0006043,0,2.3085130025964826
U0006044,0,-5.957783111089547
U0006045,1,3.2457817980377275
U0006046,1,1.2350379973241346
U0006047,0,2.8446400075417664
U0006048,1,8.309704850824357
U0006049,1,2.9710786676174585
U0006050,0,0.7351236824259431
U0006051,1,6.278879002685882
U0006052,0,4.173470876297291
U0006053,0,2.193999056123367
U0006054,1,6.82325469163192
U0006055,1,2.5383580745153456
U0006056,1,3.5406640521653685
U0006057,0,4.078810953050711
U0006058,1,1.791768103762724
U0006059,1,1.1311755643121622
U0006060,1,2.436916036199314
U0006061,1,-0.43707212029718967
U0006062,0,4.37383793720733
U0006063,1,2.0001446436740427
U0006064,1,-0.4512115434866537
U0006065,0,2.0006676144923787
U0006066,1,4.032866538341807
U0006067,1,0.1746250732440231
U0006068,0,5.371849701516268
U0006069,1,3.277940049543602
U0006070,0,2.8480752005926018
U0006071,0,5.268383429760657
U0006072,1,4.079499989698949
U0006073,0,3.7130100969826536
U0006074,1,1.4682676902158818
U0006075,1,3.0725444945191676
U0006076,0,2.6340328903196486
U0006077,0,3.035174156495394
U0006078,1,3.1979881364162637
U0006079,0,1.9429099401138075
U0006080,1,4.445307765003747
U0006081,1,6.717607238354756
U0006082,0,-2.8398679506227964
U0006083,0,4.847228185802194
U0006084,1,9.498337207277388
U0006085,1,4.5530762575691845
U0006086,0,2.59147468512122
U0006087,1,5.179892666933849
U0006088,1,2.6460359273793514
U0006089,1,1.3332006179300464
U0006090,1,3.1801702720873557
U0006091,0,2.181663031680877
U0006092,0,2.309116297728348
U0006093,0,2.7355163771561273
U0006094,1,2.9194615481710855
U0006095,0,4.772263971927069
U0006096,0,1.8121721816181484
U0006097,1,3.105528199020487
U0006098,1,2.6071841260444746
U0006099,1,-0.2974074319311377
U0006100,0,3.921756086248635
U0006101,0,2.2452005903320895
U0006102,0,3.1936235157955046
U0006103,0,-1.8267746851779982
U0006104,0,2.3526888280541094
U0006105,1,0.8697593242725095
U0006106,0,1.1963460375203567
U0006107,1,2.657403941438856
U0006108,1,1.521037159509067
U0006109,0,7.346171630787985
U0006110,1,3.084788530079816
U0006111,1,0.07143718982965197
U0006112,1,3.2896975693377186
U0006113,0,-1.0365575809193786
U0006114,0,3.8500949292352153
U0006115,0,2.4398075061154607
U0006116,1,0.8627017264724728
U0006117,1,3.298481824593324
U0006118,0,1.9028151508895164
U0006119,1,6.537439952461362
U0006120,1,4.541475509815925
U0006121,1,1.6023620159711953
U0006122,0,-0.2855148113372259
U0006123,0,1.7622261813296909
U0006124,0,2.8582093728647884
U0006125,1,1.8056677466546205
U0006126,1,2.469369465155534
U0006127,1,2.7854913252906073
U0006128,0,0.05267605615071247
U0006129,1,2.630938570211775
U0006130,1,4.164347574563047
U0006131,0,2.394721461956987
U0006132,0,2.0890225653340835
U0006133,0,0.9374022387723251
U0006134,1,2.75567694193478
U0006135,0,3.968873215132785
U0006136,0,3.1976680333229783
U0006137,1,1.8948838051389973
U0006138,0,1.3716973089433964
U0006139,1,1.1775765211522078
U0006140,0,3.246506606143452
U0006141,1,5.843795836264164
U0006142,0,3.3158047582406596
U0006143,1,4.958685260574892
U0006144,1,0.9615612711734194
U0006145,1,1.0838780770773653
U0006146,0,1.989198248693036
U0006147,1,2.1473614673480164
U0006148,1,1.9335066983313425
U0006149,0,0.9258853415106323
U0006150,0,-1.7793370057263367
U0006151,1,2.0045778180704055
U0006152,0,0.7684101789807265
U0006153,0,1.7897095129920721
U0006154,1,4.707527484455298
U0006155,0,2.9863997843888654
U0006156,1,2.298911278638421
U0006157,1,3.4967658087729347
U0006158,1,4.230818289052076
U0006159,1,3.9789927032288084
U0006160,0,3.9388255278163236
U0006161,1,2.001511655184455
U0006162,0,2.977662447697309
U0006163,1,3.897620912013114
U0006164,1,7.389658864972272
U0006165,1,2.70619458652126
U0006166,1,4.448494642815987
U0006167,0,5.31635458399529
U0006168,0,1.771708935583007
U0006169,1,1.2960070814126894
U0006170,1,1.1024260657887215
U0006171,0,2.732996300840661
U0006172,1,3.308161451494028
U0006173,1,8.262763271404033
U0006174,0,2.4822905368126484
U0006175,1,3.055188242171365
U0006176,0,3.005572823447679
U0006177,1,2.7390137196910906
U0006178,1,1.0567339585486515
U0006179,0,2.995450534677097
U0006180,1,2.6681506303852487
U0006181,1,4.42508792776235
U0006182,1,2.130791541408591
U0006183,1,3.0528704805412517
U0006184,0,1.370348334921843
U0006185,1,3.747351104331969
U0006186,0,2.630540004917549
U0006187,1,5.0997027873417835
U0006188,1,1.8598947443360494
U0006189,0,4.140707099840952
U0006190,1,4.323181903981567
U0006191,0,3.711167939493537
U0006192,1,2.5472594864445135
U0006193,1,0.6377044612017073
U0006194,1,1.931248604940734
U0006195,0,3.5656527326941205
U0006196,1,5.199013565284808
U0006197,0,1.6039320162345199
U0006198,0,4.443216861743235
U0006199,0,2.8929345891671403
U0006200,1,2.9645600926879325
U0006201,0,1.9179175583939667
U0006202,1,0.49612561155485935
U0006203,1,2.2030245120565226
U0006204,1,0.5147650361005134
U0006205,0,3.80205931273521
U0006206,0,2.9620039570052796
U0006207,0,2.4671488109479682
U0006208,1,5.033637071097132
U0006209,0,3.425720086962661
U0006210,1,0.9143749040554905
U0006211,1,3.0637979452617508
U0006212,0,2.357926168113515
U0006213,1,2.208940024387431
U0006214,1,0.040972522180588555
U0006215,1,1.2537950565365215
U0006216,0,1.1197302402347447
U0006217,0,2.813666627327713
U0006218,1,2.4604446256649606
U0006219,1,3.221865545843528
U0006220,1,4.1539343309390695
U0006221,0,2.260155924342744
U0006222,0,1.892626228238779
U0006223,1,2.7701145823824547
U0006224,1,1.6005351078046566
U0006225,1,3.9588238748047218
U0006226,1,1.3354738304220213
U0006227,1,3.1217760621724935
U0006228,1,1.013090830629693
U0006229,0,3.169194022184808
U0006230,1,1.1661871864658622
U0006231,0,1.6192759312091916
U0006232,0,2.1226297408851877
U0006233,0,1.8114304921554645
U0006234,1,-0.1236349322066328
U0006235,1,3.6120838840142113
U0006236,1,1.5555897583116867
U0006237,0,1.9071254936408089
U0006238,1,4.533306321489928
U0006239,0,2.12989785443148
U0006240,1,3.2959112049785126
U0006241,1,5.187046078499261
U0006242,0,4.909712873372754
U0006243,1,4.838518973612594
U0006244,1,3.514965499132998
U0006245,1,3.2998647085794897
U0006246,1,2.295382307899505
U0006247,0,4.013527508570016
U0006248,0,-1.809191374198548
U0006249,0,7.637984369863826
U0006250,0,3.938305126670622
U0006251,1,3.5080649739880965
U0006252,1,2.267876935335021
U0006253,1,1.574068864601788
U0006254,1,4.695145354475281
U0006255,0,2.2853484263010664
U0006256,1,1.6169439256008822
U0006257,0,2.548255871262377
U0006258,1,1.3016083459547225
U0006259,0,5.2231209869396515
U0006260,1,2.3150188114195096
U0006261,1,1.7536720658075602
U0006262,0,5.514264896550884
U0006263,0,-0.7644290329089714
U0006264,1,3.5371584073944824
U0006265,0,1.5312663633681076
U0006266,1,1.566912957036866
U0006267,1,5.1703042674057045
U0006268,1,1.9474043760905744
U0006269,1,2.470412343823046
U0006270,1,3.446173949593973
U0006271,1,2.6737368537837334
U0006272,1,1.969074566184755
U0006273,0,1.6191548652820984
U0006274,0,2.735771668416909
U0006275,0,1.6084671472938936
U0006276,1,1.8762112660312695
U0006277,0,3.0375262246976966
U0006278,0,1.1180800004480709
U0006279,1,6.743877486311376
U0006280,1,1.9416289356446867
U0006281,1,2.7127499767468883
U0006282,1,3.4870147453120026
U0006283,0,3.159631350150505
U0006284,1,4.748299976964541
U0006285,0,1.708401743874349
U0006286,0,1.7138188280156843
U0006287,0,1.9047530470192875
U0006288,0,3.767530205492953
U0006289,1,1.9472942458226683
U0006290,0,2.9179446090997097
U0006291,1,2.0599638767390687
U0006292,0,2.5016842353115614
U0006293,1,4.740009348827657
U0006294,0,3.7913300671292802
U0006295,1,2.4714204863374505
U0006296,1,4.756496206341879
U0006297,0,4.239082570712657
U0006298,0,3.313292014536138
U0006299,1,0.3725303722877218
U0006300,1,2.2210209734882973
U0006301,1,1.6578585060891413
U0006302,0,3.886142083434546
U0006303,1,2.7803603373104195
U0006304,1,4.53119472367821
U0006305,1,4.91624665298923
U0006306,1,4.02323993246921
U0006307,1,2.1295856927147003
U0006308,0,3.478364550802784
U0006309,1,0.8648591033317174
U0006310,0,2.5791562735627025
U0006311,0,-0.23901936571009585
U0006312,1,2.525899230476851
U0006313,1,4.450253599924732
U0006314,0,1.9716500856211674
U0006315,0,3.2810472903926318
U0006316,0,2.609264016805657
U0006317,0,-0.12182973546081755
U0006318,0,3.454340116410311
U0006319,1,3.3996577112943864
U0006320,0,2.79045978303958
U0006321,1,2.9449650583350273
U0006322,0,1.9019734376260988
U0006323,1,4.00755982539992
U0006324,1,2.6823855868905966
U0006325,0,1.0200920834938003
U0006326,0,2.198447368617323
U0006327,0,4.008530346390627
U0006328,1,5.260995973621493
U0006329,0,0.3689174586548454
U0006330,1,2.65783239422411
U0006331,1,1.9452325290138397
U0006332,1,2.6093364562000794
U0006333,0,4.147732084476553
U0006334,1,2.8345885615549165
U0006335,0,2.2775721518734064
U0006336,1,5.29712297611205
U0006337,0,1.8935545645103886
U0006338,1,2.4161245578113935
U0006339,1,3.0220796124841414
U0006340,1,2.0181032215136483
U0006341,0,1.641513172516703
U0006342,1,4.5227771915294355
U0006343,1,5.714497172654166
U0006344,0,1.0595308971044268
U0006345,1,1.8913687196041522
U0006346,1,3.358564447480198
U0006347,0,2.299396480443841
U0006348,1,1.112002254997721
U0006349,0,2.977156486768262
U0006350,1,0.6891088187669396
U0006351,0,4.9090391337120955
U0006352,1,1.2890811210556166
U0006353,0,2.933023229683627
U0006354,0,0.48562949024402613
U0006355,1,2.510492600247643
U0006356,1,1.5104769276571872
U0006357,1,1.2078386912160042
U0006358,1,4.6194492465739785
U0006359,1,2.3493678933699105
U0006360,0,1.360547400261801
U0006361,1,3.473086675890963
U0006362,0,3.053223359725205
U0006363,0,0.5507028657306297
U0006364,0,3.194089112092474
U0006365,1,1.9925823881430134
U0006366,0,3.9347495195439457
U0006367,0,2.2100160654969194
U0006368,0,1.8582675181581223
U0006369,1,1.890702133932443
U0006370,0,2.015380969461546
U0006371,0,1.8125143202605614
U0006372,0,-4.760406717906466
U0006373,1,2.31799784708136
U0006374,0,0.7927192634439351
U0006375,1,1.9635434547508943
U0006376,0,2.138720058003095
U0006377,1,4.166820848461773
U0006378,0,2.5395301941317285
U0006379,1,3.217256628713116
U0006380,0,3.728800084054331
U0006381,1,2.3517295506444356
U0006382,1,3.2173208529181956
U0006383,0,1.2434487696617467
U0006384,0,3.2837806435840236
U0006385,1,0.5920433036400699
U0006386,1,1.0677467111201047
U0006387,0,4.783983294108737
U0006388,0,5.019364241996961
U0006389,1,3.185148561024242
U0006390,0,1.4141030228179474
U0006391,1,3.215290030706633
U0006392,0,4.16512865048627
U0006393,0,4.635684342340609
U0006394,0,4.8690116649668
U0006395,1,3.968114186545211
U0006396,0,0.8638980251772033
U0006397,1,2.4809747862870886
U0006398,0,2.427202380133913
U0006399,0,0.9427248999354134
U0006400,1,1.8313329304466848
U0006401,0,2.665424155710859
U0006402,1,6.868284417270029
U0006403,1,1.9317613872958912
U0006404,0,2.3249705336717685
U0006405,0,1.7640000471320576
U0006406,0,0.40357829196317496
U0006407,0,3.3873834160941065
U0006408,0,1.269144518733551
U0006409,1,-4.621257059118306
U0006410,1,2.278882484600114
U0006411,1,2.680225607463658
U0006412,0,2.582096881320224
U0006413,1,2.9469772933484712
U0006414,1,4.627765942783869
U0006415,1,3.2563873142644706
U0006416,1,1.9710356810994583
U0006417,1,2.811014436169881
U0006418,1,2.5363275184284753
U0006419,0,3.659963304400897
U0006420,0,2.692983145292704
U0006421,1,1.8509780544996097
U0006422,0,-2.0877041256031568
U0006423,0,-3.6101494611616616
U0006424,0,2.688158273111391
U0006425,1,5.195594670056213
U0006426,0,5.599697611663977
U0006427,1,3.264650375038613
U0006428,1,3.4441978870195697
U0006429,1,2.252438141418345
U0006430,1,2.2910771500219838
U0006431,1,2.7436562393464996
U0006432,1,2.461806002774262
U0006433,1,1.3869756411675596
U0006434,0,2.0927627856862188
U0006435,0,2.6202867132835195
U0006436,0,2.40306766670178
U0006437,0,1.930087839535041
U0006438,1,3.7740248023539564
U0006439,1,2.5632750202971124
U0006440,0,5.189232508801307
U0006441,0,0.6121132343189295
U0006442,0,2.4413572936949954
U0006443,1,2.4230638517226417
U0006444,1,4.410938366908697
U0006445,1,1.0448378102651077
U0006446,0,1.2047195662010068
U0006447,0,2.576313544584025
U0006448,1,3.671350627924859
U0006449,1,-4.3939190027378245
U0006450,1,3.376084111769531
U0006451,0,1.6512057911687865
U0006452,0,3.3593409382311172
U0006453,0,0.262866231187072
U0006454,0,2.8802689043216994
U0006455,1,3.6678395159155066
U0006456,1,1.305623393103378
U0006457,1,2.7511812972770286
U0006458,1,4.951872989735152
U0006459,1,-0.3020383749077702
U0006460,0,2.999357945377044
U0006461,1,4.21554900424076
U0006462,0,3.5718268842837517
U0006463,0,2.737404017369858
U0006464,0,4.805556786608383
U0006465,1,2.3817717399389817
U0006466,0,-3.095593221705794
U0006467,0,2.8375709186585922
U0006468,0,-2.692607057238501
U0006469,0,3.832595498551786
U0006470,1,3.3576180564073894
U0006471,1,3.254008153198086
U0006472,1,0.9070895407382107
U0006473,1,2.7824660872539475
U0006474,1,1.4089251339778386
U0006475,0,4.602449977122809
U0006476,1,0.0007730090057780359
U0006477,1,2.396767006878658
U0006478,1,4.330729543412835
U0006479,0,3.7322236079371542
U0006480,0,2.7709940645546
U0006481,0,5.969727055431193
U0006482,1,5.833700614790494
U0006483,1,2.9594091468527957
U0006484,0,1.3684851715010389
U0006485,0,-0.5728889582912018
U0006486,1,4.13966739715201
U0006487,1,2.7943155536104136
U0006488,1,2.2639347847456186
U0006489,0,1.4543854041343884
U0006490,0,1.47639853184387
U0006491,1,0.47665742764013785
U0006492,1,3.92389663939311
U0006493,1,5.123052361087417
U0006494,0,2.067353978385345
U0006495,0,1.819931852563542
U0006496,1,-0.3435736121096582
U0006497,0,2.9472540130059457
U0006498,1,0.22667404100299748
U0006499,0,4.755681813150154
U0006500,1,2.5770478886239374
U0006501,0,2.4685979775101607
U0006502,0,1.89238322405944
U0006503,0,5.492486999649602
U0006504,0,3.507815738781412
U0006505,1,3.4191624879950204
U0006506,0,0.7382723339920538
U0006507,0,5.169532253377305
U0006508,0,1.8789991385477478
U0006509,1,3.0722918536471227
U0006510,1,3.985031647509926
U0006511,0,1.9587094912625176
U0006512,0,2.6857627677591154
U0006513,0,4.198089523274087
U0006514,1,-1.2206734642357162
U0006515,0,2.7881031570658834
U0006516,1,1.9793873259437404
U0006517,0,5.166289541003071
U0006518,1,2.033389327044585
U0006519,0,3.139400031214901
U0006520,1,3.1723525321724626
U0006521,0,2.472623467139183
U0006522,0,2.945795561417869
U0006523,1,3.02564315751958
U0006524,0,2.4138180856639373
U0006525,1,4.384250401077745
U0006526,0,1.7476665559289728
U0006527,0,1.7358669223179053
U0006528,1,4.841684871349511
U0006529,0,2.459158001007811
U0006530,0,3.082638407625737
U0006531,0,3.5595868901649332
U0006532,1,2.2415007709898873
U0006533,1,1.2591244607310514
U0006534,0,2.5010420650368914
U0006535,1,3.5499402341450406
U0006536,1,-0.556466016508768
U0006537,0,4.036063821553482
U0006538,1,1.5265471446236916
U0006539,1,4.058468275878241
U0006540,1,1.640229060932322
U0006541,1,3.3560664832538585
U0006542,0,-0.36727659307801375
U0006543,1,2.111905227090112
U0006544,0,1.136885534272448
U0006545,1,4.350041904667037
U0006546,1,-0.7695264918951601
U0006547,0,3.108900856942526
U0006548,1,1.5880978912753534
U0006549,0,3.265188183436674
U0006550,0,0.30557282007271347
U0006551,0,2.5989057635096167
U0006552,0,2.4194017085952026
U0006553,0,2.8149274686651076
U0006554,1,3.167982372614688
U0006555,1,1.8693937936071912
U0006556,0,1.650819553541858
U0006557,0,0.9572574275012276
U0006558,0,2.8131439447970514
U0006559,1,1.7031719321744863
U0006560,0,3.50748454691049
U0006561,1,4.436856421177364
U0006562,1,1.428728329206514
U0006563,0,2.1192229708723946
U0006564,0,3.6720010591032555
U0006565,0,-0.6459220469666072
U0006566,1,3.0962923913839084
U0006567,1,2.4002443349209983
U0006568,1,4.0083867264438275
U0006569,1,2.8261017322897146
U0006570,1,4.331532864146988
U0006571,1,5.540212657392836
U0006572,1,2.96875946376532
U0006573,0,2.676823660416119
U0006574,0,2.5998694483452276
U0006575,1,2.2206499166882594
U0006576,1,2.64346972902063
U0006577,1,4.039938304528427
U0006578,0,1.6179975346481523
U0006579,1,2.7996959376682113
U0006580,0,2.8668120933944543
U0006581,0,1.6573013934602585
U0006582,0,3.4230404811603083
U0006583,1,4.55869273037608
U0006584,1,3.7685148259921633
U0006585,0,6.225503065415291
U0006586,0,2.7039522262078606
U0006587,0,2.7410914816678513
U0006588,0,3.1387168867992887
U0006589,0,2.634510943021631
U0006590,0,2.75405407691904
U0006591,1,4.079924411631692
U0006592,0,4.051577409762528
U0006593,1,1.0107958488632995
U0006594,1,3.2437125393643713
U0006595,1,5.065867766266711
U0006596,1,3.3441220216866707
U0006597,0,3.046679810461937
U0006598,1,2.981831701010613
U0006599,1,-3.7015196601784375
U0006600,1,2.201421058910004
U0006601,0,4.0829491646662035
U0006602,1,4.525482972203422
U0006603,1,3.7533054906748244
U0006604,1,2.9187793326426004
U0006605,0,3.958750551943993
U0006606,0,3.713494938316419
U0006607,0,-0.10092562390708437
U0006608,0,4.527052254503891
U0006609,1,1.6237861402150955
U0006610,0,3.3595150018440147
U0006611,0,3.598700540695699
U0006612,1,2.1182468322607715
U0006613,0,2.721851236139191
U0006614,0,2.284170729717397
U0006615,1,3.0764963669634717
U0006616,0,3.746729493493298
U0006617,0,2.613758768287898
U0006618,0,3.417587083804829
U0006619,0,3.535244425576437
U0006620,0,1.2425488740222228
U0006621,1,2.397198408467748
U0006622,0,3.710405365949347
U0006623,1,0.8458409334995594
U0006624,1,3.7430104937118784
U0006625,0,3.2121048806665513
U0006626,0,2.711226328283148
U0006627,0,1.045348445826047
U0006628,0,1.5365385644816776
U0006629,1,2.750485799293255
U0006630,1,-2.312362745128709
U0006631,0,1.9974618006097202
U0006632,0,3.817480982541941
U0006633,1,2.5946259180545574
U0006634,1,4.185875751215875
U0006635,0,4.299452081914334
U0006636,1,3.0106108828086384
U0006637,1,4.022794952008331
U0006638,1,1.4341008154415675
U0006639,1,2.3879736553835276
U0006640,1,3.719945360619306
U0006641,1,4.407358523804682
U0006642,1,2.30733915595993
U0006643,0,3.721224673363391
U0006644,1,2.9128492362592553
U0006645,1,1.6470136883694515
U0006646,0,0.581991956183014
U0006647,1,3.01301612339023
U0006648,1,2.353816719538875
U0006649,1,2.8693655269976652
U0006650,1,-4.183531252873731
U0006651,0,1.7388336361524956
U0006652,0,3.58900809527786
U0006653,0,2.8054021118601185
U0006654,1,0.5498103474864919
U0006655,0,3.9084310832535802
U0006656,1,2.6524348564433744
U0006657,0,2.6966492505507027
U0006658,1,2.574534461699429
U0006659,1,3.3380159001616256
U0006660,1,-1.416965164885056
U0006661,0,3.2614460721021565
U0006662,0,3.8285005614131364
U0006663,1,3.08932435647446
U0006664,1,3.0189995722136658
U0006665,1,0.521349841860669
U0006666,0,3.4827174644982755
U0006667,0,7.493679141263545
U0006668,1,4.533323058237123
U0006669,0,2.4490362530016974
U0006670,1,4.035908451378898
U0006671,0,4.993099858900077
U0006672,1,3.1300482941460537
U0006673,1,1.607922879205823
U0006674,0,0.2569931039655131
U0006675,1,2.3044702788207303
U0006676,0,4.207189837203176
U0006677,1,3.0927249642349484
U0006678,1,3.7261187359909655
U0006679,1,0.42288834690151944
U0006680,1,4.060545751316397
U0006681,1,4.227351270390052
U0006682,0,0.06259819520287024
U0006683,1,4.315690208365293
U0006684,1,-0.37786828104934855
U0006685,0,4.783920747331795
U0006686,0,3.085517552652316
U0006687,0,2.551213178571988
U0006688,0,4.76598924682029
U0006689,0,2.4400292636158802
U0006690,1,1.195607229803887
U0006691,1,2.418911231145632
U0006692,1,3.597669648464418
U0006693,1,2.624688416692873
U0006694,0,3.9535685899814474
U0006695,0,2.996156978334241
U0006696,1,1.399663121708965
U0006697,0,2.165006264232872
U0006698,0,3.304504645712635
U0006699,0,2.7767665988096333
U0006700,0,3.3217767059827956
U0006701,0,2.8916401643798544
U0006702,1,3.73780945648293
U0006703,1,2.310675808129705
U0006704,0,2.074598649677238
U0006705,0,2.004314445058558
U0006706,0,5.478860337691721
U0006707,0,1.7222903448904603
U0006708,0,4.862767096250675
U0006709,1,2.7624553597172845
U0006710,0,0.9207198932079663
U0006711,1,0.0706672363688341
U0006712,1,3.448388178001771
U0006713,1,2.1303388826785135
U0006714,1,3.8958186724686463
U0006715,1,-0.11330252322755285
U0006716,1,0.6795050423668627
U0006717,1,2.870197631943501
U0006718,0,1.950630148904569
U0006719,1,2.265551780106769
U0006720,0,1.4041698039137067
U0006721,1,3.7764468628695127
U0006722,1,2.9804663199194295
U0006723,1,3.4541990888472167
U0006724,0,1.4507554063467687
U0006725,1,1.868328277728132
U0006726,0,2.1073376954452954
U0006727,0,2.89243486206869
U0006728,1,2.644294789173099
U0006729,1,3.9654065828900507
U0006730,0,0.42195406171764915
U0006731,1,-0.3107186304433007
U0006732,0,2.2240018269097384
U0006733,1,3.1560140656750963
U0006734,0,3.283924628626689
U0006735,0,5.2901353412860335
U0006736,0,3.545109507894555
U0006737,0,2.5183810808150255
U0006738,1,1.8395830662931818
U0006739,1,0.04937799055817038
U0006740,0,1.8303663480061605
U0006741,0,3.9240964105903835
U0006742,1,3.7632815466371508
U0006743,1,2.8430239303221043
U0006744,0,4.32073970867518
U0006745,0,2.544432277564539
U0006746,0,3.8962826540096955
U0006747,1,1.8521712605931704
U0006748,1,3.5389966254935636
U0006749,1,-0.45631437804209796
U0006750,1,7.748048766023363
U0006751,0,3.5214478040586172
U0006752,1,2.621099687207808
U0006753,1,2.0209859301714026
U0006754,0,3.20607966718649
U0006755,0,1.0551925285872912
U0006756,1,1.2355013614738297
U0006757,1,4.681573132077794
U0006758,1,1.3157073927352112
U0006759,0,3.204439542722854
U0006760,0,3.4601736357982844
U0006761,1,1.7808806218585556
U0006762,1,3.9186844437284307
U0006763,1,3.3191671971680528
U0006764,0,-1.2298123267804861
U0006765,1,3.3053164973249807
U0006766,0,4.574989909072158
U0006767,0,5.324587679724569
U0006768,1,-0.476309810797364
U0006769,0,1.4074522585513414
U0006770,1,2.077249225238088
U0006771,1,-0.4960534517065014
U0006772,1,5.036597287877726
U0006773,0,9.207996589597073
U0006774,1,1.7279464250604377
U0006775,1,1.0661379199992211
U0006776,1,0.3312949783189403
U0006777,1,-0.054349677160898224
U0006778,0,3.2680871438590238
U0006779,1,2.8093343252106138
U0006780,0,8.390210794281764
U0006781,1,2.017274112764568
U0006782,1,2.472044492250628
U0006783,1,2.3286250042154144
U0006784,0,4.648770177189974
U0006785,1,2.9581026513692557
U0006786,0,9.80236437358517
U0006787,0,2.1491359163833152
U0006788,1,2.0110866924153328
U0006789,0,1.286865517904296
U0006790,1,4.001418644100337
U0006791,0,4.144867536774219
U0006792,1,3.8492235349461055
U0006793,0,2.7025037067046096
U0006794,0,3.7839749330189214
U0006795,0,2.0940274858370493
U0006796,1,3.533279834144034
U0006797,0,2.3033278548858007
U0006798,1,2.604825657290876
U0006799,1,2.311485390795685
U0006800,0,4.503374208349705
U0006801,1,2.948678306864597
U0006802,0,2.6173798027569006
U0006803,0,-2.3035751213755518
U0006804,0,2.755510772421962
U0006805,1,1.5786402378434605
U0006806,1,3.6155663780956875
U0006807,1,3.500437833330704
U0006808,0,2.239449027272137
U0006809,0,1.7010048007138252
U0006810,1,3.602629088070902
U0006811,0,2.0494395179547364
U0006812,1,1.8046408459956034
U0006813,1,-1.4454267047099876
U0006814,0,3.4561932991950357
U0006815,1,4.575166923217381
U0006816,1,3.181411928475274
U0006817,1,2.4032145888498455
U0006818,1,3.020568274337343
U0006819,1,4.800900896986306
U0006820,0,2.9269778088116496
U0006821,1,2.031212358909398
U0006822,0,3.601382136690601
U0006823,1,3.150491267198845
U0006824,0,2.4041859910603414
U0006825,0,2.181059684250993
U0006826,0,11.457066116807532
U0006827,1,1.2135394087282556
U0006828,1,-0.2547485088634911
U0006829,0,2.02013588332337
U0006830,0,4.781902464224881
U0006831,0,3.9544382382212255
U0006832,1,2.026381836903198
U0006833,1,1.0617186736758093
U0006834,1,0.22631846698405056
U0006835,0,2.6996363165450106
U0006836,1,3.67417047530569
U0006837,0,3.18479574794609
U0006838,0,0.08390063763933142
U0006839,0,3.0903828391338983
U0006840,0,1.9506105495221533
U0006841,1,1.9509070208367696
U0006842,0,3.270283455130887
U0006843,0,1.1487741279505386
U0006844,0,3.987905097848504
U0006845,1,3.116054049738487
U0006846,0,3.531158360071551
U0006847,1,2.780978572246017
U0006848,1,3.8593998821581614
U0006849,0,2.2766600829072985
U0006850,1,4.004955997939078
U0006851,1,2.9684070977085035
U0006852,0,5.3008767144501014
U0006853,1,1.5860379353155398
U0006854,1,3.0720475498377304
U0006855,0,2.760133452198911
U0006856,0,1.643242436603252
U0006857,1,2.6492444960863466
U0006858,1,-2.1278476894458347
U0006859,0,2.0119555689954254
U0006860,1,3.81893824498723
U0006861,0,2.2267595362671813
U0006862,1,4.589012158468773
U0006863,0,1.9612625521726663
U0006864,1,2.963174433685065
U0006865,1,2.853366462817
U0006866,1,5.0440137537719565
U0006867,0,2.579589211666068
U0006868,0,2.192597207915526
U0006869,1,4.354118555756926
U0006870,1,3.2559944971948394
U0006871,1,3.399545089319579
U0006872,1,6.879544831240478
U0006873,0,2.0207995779629506
U0006874,1,3.2026654486285153
U0006875,1,2.887506914252448
U0006876,0,5.037998979029279
U0006877,1,5.840244706024571
U0006878,1,4.30741649714723
U0006879,1,2.2118406751802056
U0006880,0,2.5162857945104946
U0006881,0,1.889310753578883
U0006882,1,0.7798390290076451
U0006883,1,3.3346569549120737
U0006884,1,1.1132356185010188
U0006885,1,4.364079051210844
U0006886,1,1.5264380619510192
U0006887,1,3.2818626150887553
U0006888,0,4.168252296178661
U0006889,1,3.3574378516549075
U0006890,0,2.8386949296638804
U0006891,1,3.770156298239897
U0006892,1,5.915529908811619
U0006893,0,2.442690758346238
U0006894,0,3.773995703652737
U0006895,1,2.4164337213524725
U0006896,0,2.5561569137210505
U0006897,0,2.380096522091769
U0006898,1,2.419172534433706
U0006899,1,4.958025009317161
U0006900,1,2.524279845512755
U0006901,0,2.024371375888414
U0006902,0,5.939754567486467
U0006903,0,1.0480805640030084
U0006904,0,2.8693760327151843
U0006905,1,3.6653008896657013
U0006906,0,3.4934006693688247
U0006907,1,-1.9187672346754496
U0006908,0,1.8740848313391645
U0006909,1,3.939733615501069
U0006910,1,5.222410236438517
U0006911,1,1.0628793329433748
U0006912,0,2.4371503587250007
U0006913,1,4.426748591856814
U0006914,0,2.5448071181108673
U0006915,1,2.05643244504399
U0006916,0,2.582363031168015
U0006917,0,-0.2492218600265872
U0006918,1,2.260349615694121
U0006919,1,3.410521585767839
U0006920,0,1.816748699254994
U0006921,1,4.292752010864792
U0006922,0,1.8313233907730204
U0006923,1,4.105317095960437
U0006924,0,2.582904321842859
U0006925,0,3.8231976599546407
U0006926,1,3.0608076800296846
U0006927,0,1.0265754261168318
U0006928,1,4.199852931888853
U0006929,0,1.886008054356033
U0006930,0,2.241719785400125
U0006931,1,0.7205065527480734
U0006932,1,1.2553487551556124
U0006933,1,1.1584316626379731
U0006934,0,3.470755176460001
U0006935,0,3.2541924029861633
U0006936,0,4.69352193649387
U0006937,0,3.0242202546926613
U0006938,0,0.6025180908029757
U0006939,0,-0.916380009910359
U0006940,1,1.424120739914315
U0006941,0,3.9213885768566143
U0006942,0,5.127134173483945
U0006943,0,1.7610821653188502
U0006944,0,2.828749686718009
U0006945,1,4.352316639568709
U0006946,1,2.0289826071307004
U0006947,0,3.595677130745486
U0006948,1,5.838113393259388
U0006949,1,3.1243050222501143
U0006950,0,5.4710707683139574
U0006951,0,0.4604412551594095
U0006952,1,2.0026381427174655
U0006953,1,2.1965789838380445
U0006954,1,2.301883731804562
U0006955,1,4.1482226706208785
U0006956,1,1.2862550129628119
U0006957,1,3.668047763330172
U0006958,1,6.071905498102815
U0006959,1,3.7993502353320565
U0006960,1,1.0724988415726813
U0006961,1,3.0604679877514513
U0006962,0,3.263859439886179
U0006963,1,9.349303941459745
U0006964,1,5.0573372635106075
U0006965,1,3.7611045714778584
U0006966,0,3.8442924101804863
U0006967,0,4.979257562727781
U0006968,0,2.680634595270117
U0006969,1,2.9238851164856747
U0006970,1,3.8612323903349797
U0006971,0,1.9668690469510608
U0006972,0,2.6882695135963495
U0006973,0,1.9054434305902905
U0006974,0,0.3201064384935961
U0006975,0,2.8363220116341843
U0006976,1,-0.2060348341325664
U0006977,0,6.887381909836435
U0006978,0,3.3060727751720584
U0006979,1,4.1502785897168675
U0006980,0,2.170802716369632
U0006981,0,3.7336796964676324
U0006982,0,7.308198730568364
U0006983,0,3.402499976282396
U0006984,0,4.797656943076703
U0006985,0,3.725199977198093
U0006986,0,2.755062634261206
U0006987,1,4.535207961693441
U0006988,1,0.6569511098010352
U0006989,1,4.096314402565261
U0006990,0,2.6501007039464923
U0006991,0,2.4738253098678626
U0006992,0,1.08950154363
U0006993,1,0.008998423215189177
U0006994,1,2.834465922715186
U0006995,1,0.6587549227542162
U0006996,1,3.2853037926424875
U0006997,1,-1.5882788503775807
U0006998,0,1.9252549780911608
U0006999,1,2.334910652356527
U0007000,0,0.997535877312977
U0007001,1,3.765203852448554
U0007002,0,4.524562370713859
U0007003,0,0.9547935212777361
U0007004,1,4.168026163016908
U0007005,1,2.738149797641926
U0007006,1,0.8110214104835656
U0007007,1,7.025639197116181
U0007008,1,1.6554857574756099
U0007009,0,2.4838789170167495
U0007010,0,2.3483427144426123
U0007011,1,1.2573476718393657
U0007012,0,2.076389956805974
U0007013,1,2.0020503300311923
U0007014,0,2.6298814097518033
U0007015,1,1.2021568217129328
U0007016,1,0.4196119639332423
U0007017,0,3.5199340386604323
U0007018,0,3.8659828004304586
U0007019,0,3.4246698209312925
U0007020,0,5.093337340625515
U0007021,0,4.9451116146522835
U0007022,1,-0.33821353980638236
U0007023,0,3.8172913071185057
U0007024,1,2.610396681322719
U0007025,1,2.47366160985173
U0007026,0,4.971812237188001
U0007027,0,1.5527935783137252
U0007028,1,3.743045291438996
U0007029,1,2.52963485394295
U0007030,1,5.9366619889986705
U0007031,0,1.6147097790418847
U0007032,0,5.100144669437412
U0007033,0,0.28661648150698227
U0007034,1,1.51404464285703
U0007035,0,3.7646938942087864
U0007036,1,1.3489329380803738
U0007037,1,3.6525652260529338
U0007038,0,6.102711695498817
U0007039,0,3.3877912455777484
U0007040,1,5.20602556285195
U0007041,0,2.3197409689835347
U0007042,0,1.227826292656605
U0007043,0,-2.4914847582116053
U0007044,1,4.131481343566257
U0007045,1,7.492400648731724
U0007046,0,1.7942708825742777
U0007047,1,4.473546693417827
U0007048,1,0.7820738159463971
U0007049,0,2.3301630511552096
U0007050,1,3.344291680132855
U0007051,0,2.889337314202443
U0007052,0,3.0834642602933933
U0007053,1,2.015142471401049
U0007054,1,3.2172644369552117
U0007055,0,2.1324670805968964
U0007056,1,4.9910260209616055
U0007057,0,1.875369223801755
U0007058,1,6.444990178461655
U0007059,0,0.8407201839717438
U0007060,1,2.8332872084047995
U0007061,0,2.3322472769501807
U0007062,0,2.1836424713779437
U0007063,0,4.129854173806072
U0007064,1,2.9853919981005994
U0007065,1,-3.0575265194957826
U0007066,0,3.7551674466544984
U0007067,1,0.44164995835698484
U0007068,1,2.072014589296824
U0007069,0,2.8220986301622073
U0007070,0,4.114019343499361
U0007071,0,2.4417037141801288
U0007072,1,1.4782793040250333
U0007073,1,3.495747522000567
U0007074,1,2.7145632605745664
U0007075,0,3.1193999662940275
U0007076,1,2.0095208975429415
U0007077,0,1.5475927758328503
U0007078,0,-0.4963702041042808
U0007079,0,4.356865156746226
U0007080,1,2.9221077194357328
U0007081,1,3.5773353512829047
U0007082,0,4.8404458245918995
U0007083,1,5.652457102381337
U0007084,0,1.826835872341352
U0007085,1,-2.6526782940038807
U0007086,1,4.422619450824584
U0007087,0,3.6825389150244874
U0007088,0,2.638720402557354
U0007089,0,3.4781441799400152
U0007090,0,2.398687089213844
U0007091,0,0.5448532148167367
U0007092,1,5.108060766218546
U0007093,1,1.0069424151261686
U0007094,0,1.7858073739990203
U0007095,0,1.7119738311914006
U0007096,1,0.11433303111527238
U0007097,0,2.289174242007439
U0007098,1,3.541257957215036
U0007099,1,0.059252610594807464
U0007100,1,2.820380326888877
U0007101,1,1.4832156502367866
U0007102,0,3.0878982617250372
U0007103,1,1.5087074174121895
U0007104,1,3.5104611066145956
U0007105,0,0.6772026590779987
U0007106,0,3.7341326939942903
U0007107,0,3.011352909651901
U0007108,1,4.065110980563723
U0007109,1,-2.1782223060693156
U0007110,1,4.240571067725401
U0007111,1,5.911786954234135
U0007112,1,0.2756338089737618
U0007113,1,3.0601584668279873
U0007114,0,2.3012573645939653
U0007115,1,2.3327042763405395
U0007116,1,1.8817408104850486
U0007117,0,4.185099733281234
U0007118,1,2.088976303011769
U0007119,0,4.423189899811117
U0007120,1,4.554121671775439
U0007121,0,4.522310898746173
U0007122,0,3.1380355170160144
U0007123,0,2.5065461480605897
U0007124,0,2.565860455530917
U0007125,0,3.931994399880354
U0007126,0,3.9883018909650527
U0007127,1,4.1930671125922885
U0007128,1,1.3232138645315459
U0007129,0,3.4754519770917156
U0007130,0,2.64531760568552
U0007131,0,3.2742233344773393
U0007132,1,2.158577320158521
U0007133,0,3.330561071466681
U0007134,1,3.188441132871265
U0007135,0,4.350845416461841
U0007136,0,2.48913265977637
U0007137,1,3.8854967711851787
U0007138,1,7.562607054074984
U0007139,0,3.280220265059768
U0007140,1,3.5144642352824924
U0007141,0,-0.5669052899492435
U0007142,1,2.591337550549188
U0007143,0,2.059507611823216
U0007144,0,0.8834539334667095
U0007145,1,-0.6468016086758368
U0007146,1,2.2839855148982586
U0007147,1,-1.8470099490801246
U0007148,0,3.032489528978438
U0007149,0,2.8302176301653503
U0007150,0,-0.3266275336227942
U0007151,1,4.318940707596557
U0007152,1,1.2963440947228335
U0007153,0,3.1985004781617175
U0007154,1,4.663291184151493
U0007155,0,3.5667544503701976
U0007156,1,-0.6679015778047201
U0007157,1,2.4717171891331784
U0007158,0,3.039003627891848
U0007159,0,2.1504806210205807
U0007160,1,3.152584930571141
U0007161,1,1.6189262444235375
U0007162,1,3.5563539771119625
U0007163,0,0.47401215260093466
U0007164,0,5.639075068352383
U0007165,0,1.975192045160373
U0007166,0,5.470759204481153
U0007167,1,3.792228209733997
U0007168,1,3.1219494578985625
U0007169,1,1.6881581527421972
U0007170,0,5.595453641484369
U0007171,0,2.4706309152219426
U0007172,0,2.8765830535550414
U0007173,0,2.4490807556852374
U0007174,1,3.7677809277497616
U0007175,1,3.0322145845201582
U0007176,1,2.1568472731316177
U0007177,1,3.5548200932314415
U0007178,0,0.391482681575539
U0007179,0,1.4528958895501844
U0007180,0,4.727147119678712
U0007181,0,0.36763453862741713
U0007182,1,0.5602926109150381
U0007183,1,4.758487731661013
U0007184,1,-0.5309910870777248
U0007185,0,1.9666011583668954
U0007186,1,1.9604185610837348
U0007187,1,-1.767328254005843
U0007188,0,1.836990003608193
U0007189,0,0.005286848861132398
U0007190,0,0.36022429337719686
U0007191,1,2.3103324476181797
U0007192,1,0.41089377684779294
U0007193,1,1.3590191435941996
U0007194,0,1.0005031425588164
U0007195,0,3.048418803754519
U0007196,1,0.4255184678340349
U0007197,0,3.298006070832649
U0007198,1,4.727335340278625
U0007199,1,2.40316972886003
U0007200,1,1.8850473738703073
U0007201,1,4.309673464871505
U0007202,1,1.0524593210160553
U0007203,0,3.740763019073057
U0007204,0,7.0478922827172
U0007205,0,2.1927484649480817
U0007206,1,4.765930937481944
U0007207,0,4.8473894298357045
U0007208,0,-0.11321810610543004
U0007209,0,5.344992845421366
U0007210,0,2.4875555375926197
U0007211,1,-1.735251305314712
U0007212,1,2.5839323768144773
U0007213,0,1.4166613386410347
U0007214,0,4.003659801947553
U0007215,1,1.8919466829536056
U0007216,0,5.173407099611881
U0007217,0,0.9117612923203744
U0007218,1,0.6216173368253273
U0007219,1,1.6870919220394534
U0007220,0,4.128302713480405
U0007221,1,0.2716924127177265
U0007222,1,-1.394815387268423
U0007223,1,1.9274658820399893
U0007224,1,1.8010694534793252
U0007225,1,5.322254606308915
U0007226,0,2.2261784755460106
U0007227,0,2.05828681423195
U0007228,1,3.6087769446194855
U0007229,0,3.191522041755807
U0007230,0,2.216754989478865
U0007231,1,2.583242851706496
U0007232,0,1.7081173722639171
U0007233,0,2.985620075065306
U0007234,1,1.2101206546031236
U0007235,1,2.560954451434597
U0007236,1,3.025223585988595
U0007237,1,0.09527832853936147
U0007238,0,2.965440724882523
U0007239,1,1.197366863694981
U0007240,1,3.184564798551362
U0007241,0,2.2706180568225065
U0007242,1,3.0636770831065583
U0007243,1,0.9639517066215291
U0007244,0,-0.073150214105695
U0007245,1,4.627867094927957
U0007246,0,4.843339740056891
U0007247,0,2.1955345645274633
U0007248,0,3.97768198892941
U0007249,1,2.5998785649815375
U0007250,1,2.874358238451716
U0007251,0,5.515511613764815
U0007252,1,3.3017817981101523
U0007253,1,4.235294140232099
U0007254,1,2.6633313673358288
U0007255,0,3.8458972846189567
U0007256,0,5.723450788872746
U0007257,1,3.8867316261633817
U0007258,0,3.9642015024087875
U0007259,0,3.385724696619576
U0007260,1,2.9853104284048477
U0007261,1,6.729003805173161
U0007262,1,2.4630863656204944
U0007263,1,1.4278171255241254
U0007264,1,4.1868900786700785
U0007265,1,0.6149406544204936
U0007266,0,1.9807915745858224
U0007267,1,1.5114394591331077
U0007268,0,1.8135443766229855
U0007269,1,2.213399712539072
U0007270,0,3.05561798400654
U0007271,1,1.946135094339791
U0007272,1,5.758768231376241
U0007273,0,2.3695402455146493
U0007274,1,2.0865113621003744
U0007275,1,1.9538837292334001
U0007276,0,3.9154877021838317
U0007277,0,2.6858072957191013
U0007278,1,1.4236419634329103
U0007279,0,3.2325068296459882
U0007280,0,4.487673111414312
U0007281,0,1.3302927671483928
U0007282,0,-3.377153236274161
U0007283,0,3.305327294321426
U0007284,0,1.373359229089079
U0007285,1,3.380551263247245
U0007286,0,3.4925703365010676
U0007287,1,1.0086978178299404
U0007288,0,5.617718302515328
U0007289,1,3.9772165466056215
U0007290,0,3.0844659016992875
U0007291,1,1.3742117660899815
U0007292,1,2.5479606827135868
U0007293,0,2.1671664158457027
U0007294,1,0.3132513801752381
U0007295,1,4.521450026809703
U0007296,1,4.817585239244135
U0007297,0,1.1988944795088692
U0007298,0,2.555149248842259
U0007299,1,1.7297445951975163
U0007300,0,4.379238953281298
U0007301,0,1.9269623050243752
U0007302,0,-1.2410701438937402
U0007303,0,3.173378761534135
U0007304,0,3.3233289975239195
U0007305,0,5.356590966896704
U0007306,0,4.8508729688346435
U0007307,0,3.260541279889999
U0007308,1,5.396576360721797
U0007309,0,3.0493255406781685
U0007310,0,5.4926799762548555
U0007311,1,2.21773613787672
U0007312,0,4.640785242241474
U0007313,0,3.577256496648584
U0007314,1,3.089646418588856
U0007315,0,2.8610995619798025
U0007316,1,4.573802731519759
U0007317,0,0.6152236809993568
U0007318,0,0.606795776182846
U0007319,0,0.9292510811740762
U0007320,1,3.400919596042103
U0007321,1,1.961702903837983
U0007322,1,2.590583087814206
U0007323,1,3.603575065459644
U0007324,0,1.6342945953876615
U0007325,1,2.428595220569786
U0007326,0,3.725473803187672
U0007327,0,3.6986964778147424
U0007328,0,3.0900297115609296
U0007329,1,2.2860871507982843
U0007330,1,1.6941038465072467
U0007331,0,3.5303691058889655
U0007332,0,3.9020690860378195
U0007333,0,2.9995980135994778
U0007334,1,3.774144326766578
U0007335,1,2.0956807610697066
U0007336,0,3.6642171221817055
U0007337,1,3.4456153698395013
U0007338,1,2.4930813614768272
U0007339,1,7.139324783942929
U0007340,1,3.374831957896692
U0007341,0,-0.6834044119190459
U0007342,1,-0.2328192140877654
U0007343,0,-0.06436430213550182
U0007344,0,2.4100967635122785
U0007345,1,5.217822313949245
U0007346,0,5.419232897931906
U0007347,1,2.5806188177936313
U0007348,1,1.209355528552944
U0007349,0,4.707786327151446
U0007350,0,5.664084926319948
U0007351,1,3.118681946838908
U0007352,1,1.5440089608539438
U0007353,1,5.215430935025875
U0007354,1,1.9758877137147834
U0007355,1,0.2733748398491418
U0007356,0,1.988483493364452
U0007357,1,3.3648207962318555
U0007358,1,2.015801711616774
U0007359,1,2.6041098493122323
U0007360,0,0.8376140608700204
U0007361,0,2.694832842376343
U0007362,1,2.0496187357725297
U0007363,1,3.679188904466386
U0007364,1,3.1632163090218253
U0007365,0,3.41038534698518
U0007366,1,3.128425770642039
U0007367,0,4.448784716785534
U0007368,1,9.794182574094094
U0007369,0,1.7495456032735532
U0007370,0,3.706812732797399
U0007371,1,3.515931100891951
U0007372,0,5.025234858552903
U0007373,1,1.6805928187325243
U0007374,1,0.9192133917810743
U0007375,1,1.9200931946554718
U0007376,0,9.346484187168926
U0007377,1,3.7964677673585783
U0007378,0,3.3045469335508386
U0007379,0,4.771054798599636
U0007380,1,1.9040262861043367
U0007381,0,4.210810678400618
U0007382,0,1.530265789797145
U0007383,0,3.347143667844488
U0007384,0,2.1318825287667433
U0007385,1,2.19899082341729
U0007386,0,3.330826228014791
U0007387,1,3.3384035535179493
U0007388,0,2.2172753601720423
U0007389,0,2.862719412266994
U0007390,1,2.820118161301565
U0007391,0,2.6308535713762673
U0007392,1,2.1631514578309954
U0007393,1,2.80596453413224
U0007394,1,1.3137089777298883
U0007395,0,3.4794157044799405
U0007396,0,0.8961814929925254
U0007397,1,-0.0859006086237919
U0007398,0,2.8805715252027433
U0007399,1,3.2425856839960403
U0007400,1,1.8650916169089449
U0007401,1,3.0519555029699763
U0007402,1,-1.2989897544728493
U0007403,1,0.45174979487097744
U0007404,1,1.5828472308250028
U0007405,0,1.8728979503206649
U0007406,0,1.6739867936956063
U0007407,0,-1.0598392503150649
U0007408,0,5.088121465088822
U0007409,0,5.464116336523098
U0007410,0,2.0254677708898505
U0007411,1,1.1354579021610114
U0007412,1,2.0753871910438377
U0007413,0,6.06344028856558
U0007414,1,4.563171981085938
U0007415,0,4.773253143247551
U0007416,1,5.387908167565358
U0007417,0,4.8170907920434445
U0007418,1,0.31207764281685435
U0007419,0,3.9426672361780657
U0007420,0,2.7844863177184145
U0007421,0,3.9996615189777156
U0007422,0,4.129252755371077
U0007423,0,4.056783035714531
U0007424,1,2.297849589585484
U0007425,0,1.100018704083702
U0007426,0,4.402301159169728
U0007427,0,2.0061332843713267
U0007428,1,-0.8254896960700862
U0007429,1,-2.076881039519982
U0007430,1,3.006316001956119
U0007431,0,1.672787178831058
U0007432,0,2.030667008538938
U0007433,1,0.5876519985445192
U0007434,0,0.6439868626749714
U0007435,1,4.841503536084355
U0007436,1,3.7215484884589927
U0007437,0,-1.6984795363150198
U0007438,0,3.3218194062633035
U0007439,1,2.678671315727483
U0007440,1,1.2122595046285092
U0007441,1,2.0784438111572605
U0007442,1,4.136777785970004
U0007443,0,2.913721991333029
U0007444,1,-3.799935221410273
U0007445,1,-4.488169412723974
U0007446,0,3.3300344532178627
U0007447,0,4.7860531298380895
U0007448,0,3.7245076050610564
U0007449,0,3.882477038488167
U0007450,0,2.4477470301703548
U0007451,1,2.0230456646270323
U0007452,0,2.827675874132158
U0007453,1,2.6647623030055883
U0007454,1,4.531622531801563
U0007455,0,2.8166391023406696
U0007456,1,4.24441579066605
U0007457,1,3.6957818184994977
U0007458,1,1.9949457911081119
U0007459,1,5.432984284944705
U0007460,1,4.566717178147364
U0007461,1,5.4121218045614015
U0007462,0,0.9231276923606053
U0007463,0,0.47457181852077923
U0007464,0,2.46926147524049
U0007465,0,2.1887345130713705
U0007466,0,2.4386210129061645
U0007467,0,2.4089300113130996
U0007468,0,2.002403173425474
U0007469,0,3.8284575984148326
U0007470,1,0.10813695027625059
U0007471,1,1.9516340914894243
U0007472,1,1.72732035343601
U0007473,0,5.377202491925274
U0007474,0,3.207047903210144
U0007475,0,2.5606945512519275
U0007476,1,2.844388597415655
U0007477,1,-1.5582308780896277
U0007478,0,5.74524962395521
U0007479,1,0.7297385836892225
U0007480,1,6.855881229726403
U0007481,0,0.8674825289829098
U0007482,1,10.557645905428501
U0007483,1,2.6385632945141815
U0007484,0,2.99031565648416
U0007485,1,3.6932323973228485
U0007486,1,3.7753644294557756
U0007487,0,3.853871837439492
U0007488,1,1.3215716495503926
U0007489,1,4.061593482442678
U0007490,1,1.1085325881330004
U0007491,0,1.8131324965900024
U0007492,0,-2.0691750283886785
U0007493,1,0.3328263991798117
U0007494,0,3.877434137886727
U0007495,0,1.2393150339350036
U0007496,0,3.058838196309832
U0007497,1,1.8755408427579603
U0007498,1,2.6570196575985534
U0007499,0,1.9391684158757485
U0007500,1,1.1637554674184845
U0007501,1,1.9301290308607157
U0007502,1,1.3028388484219384
U0007503,1,2.486789909386527
U0007504,0,2.1854779604108145
U0007505,1,2.3490703730275726
U0007506,0,4.094397779011723
U0007507,0,1.162586629295479
U0007508,0,2.8402857696919366
U0007509,0,4.2958850441982115
U0007510,0,4.200893932966956
U0007511,0,2.4060360752457868
U0007512,1,1.8609867186486397
U0007513,0,3.432854488883203
U0007514,1,1.9517838493249542
U0007515,1,0.3603914591603896
U0007516,0,0.9533066174377041
U0007517,1,3.016812421239269
U0007518,1,3.8618171811241933
U0007519,0,2.7360819224928505
U0007520,0,3.384263280273533
U0007521,1,1.6205873524410137
U0007522,1,3.1127986663329175
U0007523,1,2.943275308498608
U0007524,1,0.8744858054573292
U0007525,0,4.2923517207076145
U0007526,1,0.9187016104959493
U0007527,0,2.116257699566299
U0007528,1,2.6785549409389873
U0007529,0,-0.1401760395040199
U0007530,1,2.6834988220384624
U0007531,0,0.7324980607608786
U0007532,1,2.7689241155536024
U0007533,1,2.2759225340011398
U0007534,0,2.6001402693414413
U0007535,1,5.088691300726232
U0007536,1,2.3620360894037606
U0007537,0,0.5789814560768765
U0007538,1,2.0239759314129167
U0007539,1,2.418647842402974
U0007540,1,2.1831121346447055
U0007541,1,1.79871709214013
U0007542,1,5.610915225749064
U0007543,0,2.322416346153945
U0007544,1,-0.3327581049309156
U0007545,1,4.109479796417915
U0007546,1,3.859452998792202
U0007547,0,1.9092062443139142
U0007548,0,2.6414147952524445
U0007549,1,1.3584560220247894
U0007550,0,4.791307014238164
U0007551,0,1.7289590546973415
U0007552,1,-3.006276687976392
U0007553,0,0.8265626044059751
U0007554,0,3.469526530195937
U0007555,0,3.884617107373522
U0007556,0,0.34516181987169325
U0007557,0,1.263522142929098
U0007558,0,3.032674076673871
U0007559,0,3.1515157399575404
U0007560,1,2.9768228423501704
U0007561,0,3.7817130284573004
U0007562,0,2.474233033777363
U0007563,1,8.419449493985091
U0007564,0,3.1338348190454965
U0007565,0,2.079150852702938
U0007566,1,4.456577392008125
U0007567,1,3.305323372148015
U0007568,0,0.49568673304651156
U0007569,0,3.5738504347410114
U0007570,1,2.468133292319875
U0007571,0,3.5088521546932974
U0007572,0,1.2039866026861255
U0007573,0,5.480716530881146
U0007574,0,2.665416595100819
U0007575,1,0.21983260789547998
U0007576,0,2.5628377387259462
U0007577,1,3.960266243258314
U0007578,0,2.8329077446800035
U0007579,1,3.56338913193105
U0007580,1,3.087543780019601
U0007581,1,2.182700910999369
U0007582,0,1.077053194959479
U0007583,0,4.022737015702141
U0007584,1,2.6537426052824635
U0007585,0,1.2876132386125683
U0007586,0,3.023909782848744
U0007587,1,3.488093621876896
U0007588,0,3.709585635074511
U0007589,1,1.67184675235438
U0007590,0,4.660682456421288
U0007591,0,2.8295788169687626
U0007592,0,3.4722365769440593
U0007593,1,3.2281398453128
U0007594,1,1.9402218182202162
U0007595,0,2.189878438723907
U0007596,1,1.9502131517003072
U0007597,0,4.386937129646924
U0007598,1,3.2254133786864756
U0007599,1,3.633826358594437
U0007600,1,3.517615595881079
U0007601,0,1.614730437836787
U0007602,0,0.8000513979239443
U0007603,0,2.8435617678193523
U0007604,0,1.515581918372181
U0007605,1,1.4178492773414142
U0007606,0,3.917269608444201
U0007607,1,6.33084470086731
U0007608,1,3.8591669167964504
U0007609,1,3.3716658762639504
U0007610,0,0.8232762148529922
U0007611,1,2.2906466958452363
U0007612,1,2.4697303975976865
U0007613,1,1.3718679146820385
U0007614,0,0.2961420659450731
U0007615,1,6.112344790597305
U0007616,1,1.9907174459231243
U0007617,0,1.0279175948348858
U0007618,0,2.3161667090826725
U0007619,1,-0.3140498319340139
U0007620,0,2.2918780867977837
U0007621,0,4.28071320977851
U0007622,1,2.1072310579445013
U0007623,1,-0.8785916386557453
U0007624,1,2.6105440901733594
U0007625,1,2.7276738578769013
U0007626,1,3.796193130589675
U0007627,1,2.1822618051363563
U0007628,0,5.216235833711226
U0007629,0,4.476191550849112
U0007630,0,1.8163297617828764
U0007631,1,4.6998249742376
U0007632,1,-0.1149906088193724
U0007633,0,3.5159046507922014
U0007634,0,-0.4942813066966245
U0007635,1,3.8467780809381296
U0007636,1,2.6254133923986807
U0007637,0,2.6610785892091506
U0007638,0,3.193653285532214
U0007639,0,-0.4301570014562941
U0007640,1,2.857559651780864
U0007641,0,2.9196695548403238
U0007642,1,3.2757272342277517
U0007643,1,-2.6781579906618305
U0007644,0,5.37432202709611
U0007645,0,3.0834343313716026
U0007646,1,4.601616785868245
U0007647,1,2.6386851430534737
U0007648,1,3.8031829235445436
U0007649,1,2.357451845088061
U0007650,0,0.4093975222678843
U0007651,0,3.2053423224788773
U0007652,0,1.2034897760411702
U0007653,1,1.6623058220371014
U0007654,1,4.77303419854775
U0007655,1,3.860872241667707
U0007656,1,2.635307597446346
U0007657,0,1.9916663534665133
U0007658,1,2.0557355484268207
U0007659,0,3.948336177849164
U0007660,1,2.0111511863665523
U0007661,0,3.2704362097416144
U0007662,1,1.7813469949315959
U0007663,0,2.544010958700756
U0007664,1,1.6533704881087488
U0007665,0,-0.011715862040146519
U0007666,1,3.348678198141254
U0007667,1,3.567066230761972
U0007668,0,1.9705334352712747
U0007669,0,3.8929491617117664
U0007670,0,3.1347522812951105
U0007671,1,0.763084366013544
U0007672,1,4.846694959288492
U0007673,0,2.1432260757964006
U0007674,1,2.8117763980408075
U0007675,0,1.479505351366111
U0007676,1,2.6541284848143114
U0007677,0,4.494757903547519
U0007678,1,3.123534555281175
U0007679,0,0.4334935418817061
U0007680,1,2.8958718872807108
U0007681,0,2.4302031632686365
U0007682,0,5.209823022548292
U0007683,0,2.3326572347316414
U0007684,0,4.783096052535466
U0007685,0,3.7489276890921452
U0007686,1,0.6537029761903597
U0007687,1,4.835018036188721
U0007688,1,3.195693906823898
U0007689,1,3.308618411565316
U0007690,1,6.240963796380168
U0007691,0,3.8388098268436686
U0007692,1,3.310876099693264
U0007693,0,2.1941187723315103
U0007694,0,3.6627601126152047
U0007695,0,-0.05972332847522388
U0007696,0,-1.8471081443621227
U0007697,0,0.7128632102165788
U0007698,1,3.0021290807008416
U0007699,0,3.085226367052753
U0007700,0,5.460785140697443
U0007701,0,3.745646352601451
U0007702,0,5.691771168582605
U0007703,0,3.1332415239175013
U0007704,1,1.5537088438679802
U0007705,1,2.2275958609417685
U0007706,1,5.336186266117547
U0007707,0,1.0180300570528118
U0007708,0,0.8409095421350585
U0007709,1,2.293678663435692
U0007710,1,1.982424481304566
U0007711,1,2.49938808302762
U0007712,1,-5.497656413424231
U0007713,0,5.134176992029612
U0007714,0,2.405222110232863
U0007715,1,1.203302657373321
U0007716,1,1.6203003945625163
U0007717,1,4.790040763268422
U0007718,1,1.4614681861386796
U0007719,0,1.6468979636267171
U0007720,1,4.588884864453403
U0007721,1,2.9719864855573803
U0007722,0,5.465895953954821
U0007723,1,4.238191693367009
U0007724,1,0.7577075076924125
U0007725,0,4.126258149437625
U0007726,0,3.5678959567263213
U0007727,0,-1.0879083880523712
U0007728,0,2.4550922229696326
U0007729,0,2.298534487552672
U0007730,1,3.309136110445003
U0007731,1,2.0185283794278703
U0007732,0,0.053275905912592236
U0007733,0,4.957597819196298
U0007734,1,0.1402325080267346
U0007735,0,2.5997518435454268
U0007736,0,4.083265909489221
U0007737,1,3.342061790167609
U0007738,0,3.681625045380443
U0007739,0,3.8433230276617554
U0007740,1,3.5988889814234284
U0007741,0,0.7784356440228706
U0007742,1,1.5920233643771091
U0007743,1,2.336817802863795
U0007744,1,1.6797678757184826
U0007745,1,3.5341993381912946
U0007746,0,3.233665738761232
U0007747,1,2.984173833652548
U0007748,0,3.0822542478980175
U0007749,0,2.431617462591845
U0007750,1,2.231498699327174
U0007751,0,-4.187590031890892
U0007752,1,2.9202067711356037
U0007753,1,3.0945048580114403
U0007754,0,2.196149022908685
U0007755,0,2.893577039942878
U0007756,0,1.189696548634469
U0007757,0,1.7806867183081199
U0007758,0,1.8298801066744446
U0007759,1,2.0538542219698126
U0007760,0,2.3082237181642995
U0007761,0,1.7247235702861605
U0007762,0,6.025483482776682
U0007763,0,0.9800507065810642
U0007764,0,1.2249423823227445
U0007765,0,4.578616107551515
U0007766,0,1.6275092131140205
U0007767,1,4.993681987114353
U0007768,1,3.617675565989483
U0007769,1,4.180965891975855
U0007770,1,2.6953687642761395
U0007771,0,4.004025500978585
U0007772,1,4.040517798429423
U0007773,1,0.9416486913712347
U0007774,0,2.25821886211957
U0007775,0,3.7152097208801287
U0007776,0,3.7847541223597716
U0007777,0,2.5598927198088948
U0007778,0,1.6429500924462523
U0007779,0,4.146849597923332
U0007780,0,1.2327739727226117
U0007781,1,2.7292020257659377
U0007782,1,4.506953432796287
U0007783,1,-1.8937718186238062
U0007784,1,2.1150689113970103
U0007785,1,2.8478440966062557
U0007786,1,2.462282555934122
U0007787,0,2.65981793128781
U0007788,1,2.3501002610742674
U0007789,1,2.966236030270073
U0007790,1,0.8415065815991163
U0007791,1,3.7556708192490795
U0007792,1,3.064418967667372
U0007793,1,-0.8868498640747262
U0007794,0,2.9945037527174883
U0007795,0,3.152464853073985
U0007796,0,3.1238503512289455
U0007797,1,4.438031078936145
U0007798,1,2.115291740251344
U0007799,1,2.367217723155065
U0007800,0,3.2042410311178227
U0007801,0,1.7618618526803864
U0007802,1,0.627949192783694
U0007803,1,10.682087708541495
U0007804,1,6.130078471703369
U0007805,1,0.42378602891094985
U0007806,1,1.296194983605094
U0007807,1,-2.2648753825562977
U0007808,0,6.5865469728973345
U0007809,0,2.242879523358905
U0007810,1,3.0583328434521135
U0007811,0,2.975155079772515
U0007812,1,5.009225569142764
U0007813,1,0.8485263667952925
U0007814,1,1.5800592808809952
U0007815,1,3.56498060942414
U0007816,1,2.0916849478855557
U0007817,0,2.4109483736222135
U0007818,1,1.6076185257290803
U0007819,1,2.3853225477120006
U0007820,1,6.1597846794482916
U0007821,1,1.9337540665325186
U0007822,1,2.2095188372077175
U0007823,0,2.6814564569595127
U0007824,1,5.199128049803335
U0007825,0,6.0316387275501295
U0007826,1,3.967585458995355
U0007827,1,4.163492726959447
U0007828,0,2.094945217595196
U0007829,0,1.8907697017190976
U0007830,1,2.237929432939257
U0007831,0,4.779149476768001
U0007832,1,3.598603737024174
U0007833,0,0.9387360657615886
U0007834,1,2.3102326174812333
U0007835,1,1.9187278667456074
U0007836,0,2.9260722068924956
U0007837,1,3.9735058451804584
U0007838,1,0.37677705438685294
U0007839,0,4.298093262250784
U0007840,0,3.2170998218625453
U0007841,1,3.0440548814799993
U0007842,0,1.331818633534425
U0007843,1,2.5962711709789694
U0007844,1,2.4768006751040144
U0007845,1,2.1295728659702924
U0007846,1,2.3455568708084558
U0007847,0,0.25210773294086763
U0007848,1,3.665025707846503
U0007849,0,0.374883021448845
U0007850,1,1.0177848851968
U0007851,0,3.646236536825459
U0007852,1,-0.34390211845747487
U0007853,0,-1.068885469838989
U0007854,0,-0.3784624773389762
U0007855,0,2.868393889899515
U0007856,0,3.1234882639456387
U0007857,0,-1.3560380719511933
U0007858,0,3.661558927716907
U0007859,0,4.76337869401584
U0007860,1,1.8100182057953162
U0007861,0,-0.7575295967877267
U0007862,1,3.1631887223646977
U0007863,0,5.569284529679631
U0007864,1,-0.10030581128179605
U0007865,0,3.3453054462021825
U0007866,0,1.8953128574596079
U0007867,1,4.690767700875675
U0007868,1,1.424408596124529
U0007869,1,3.002971072726691
U0007870,0,2.098011147434967
U0007871,1,1.8883131436740186
U0007872,0,0.1815129842966101
U0007873,1,-0.10203948039786681
U0007874,0,-0.5467979445346547
U0007875,1,4.42576725014921
U0007876,0,2.5307825128694628
U0007877,0,2.0151518256668854
U0007878,1,3.8925495507881784
U0007879,1,2.3231031065179693
U0007880,0,5.117659572916008
U0007881,0,2.5386614772748572
U0007882,1,3.528606938557786
U0007883,1,2.7183595643260077
U0007884,1,1.4888525800865757
U0007885,0,2.9069474567450087
U0007886,1,2.405817094801421
U0007887,1,2.1133936861756766
U0007888,1,4.551737671249176
U0007889,0,1.6441051084496543
U0007890,0,3.3780442442159924
U0007891,1,0.987840652643662
U0007892,0,2.758266114613704
U0007893,0,3.758918409229678
U0007894,1,1.2129879011301412
U0007895,0,3.900916989393348
U0007896,0,2.31171311524845
U0007897,0,1.4068590716494427
U0007898,0,2.5471257198366253
U0007899,0,2.427679353133934
U0007900,0,6.546488720877143
U0007901,1,-0.6003169891536473
U0007902,0,2.8492992597245994
U0007903,1,2.5516977446152787
U0007904,1,3.164905574870538
U0007905,1,3.2117441143289263
U0007906,0,3.3704184894392792
U0007907,1,6.047411664361817
U0007908,1,4.099573166269298
U0007909,0,3.531880640726417
U0007910,0,0.1907413412362935
U0007911,1,7.318955535866534
U0007912,0,3.648340031932042
U0007913,1,1.6532251907050153
U0007914,1,3.040623576395136
U0007915,0,3.0101346313224653
U0007916,0,5.01667091367074
U0007917,1,2.3620254827708678
U0007918,0,1.1796162160091583
U0007919,0,2.3817618280162947
U0007920,1,3.153445242570541
U0007921,1,3.417488263906778
U0007922,0,3.238181645276537
U0007923,0,3.1060275232792023
U0007924,0,0.4029367041302194
U0007925,0,2.014882045488047
U0007926,0,2.749436968951253
U0007927,1,2.446812737183592
U0007928,0,1.7617119025067005
U0007929,0,3.0747162026993813
U0007930,0,2.9216354720316815
U0007931,0,2.978172199422435
U0007932,1,2.4387021857679514
U0007933,0,1.74708548603712
U0007934,0,4.982415008283258
U0007935,1,0.9123174098245208
U0007936,1,1.8617223338523203
U0007937,0,2.8551435154600355
U0007938,0,3.429167829390952
U0007939,0,0.361854100951577
U0007940,1,3.6473126845321513
U0007941,1,1.9625664533871614
U0007942,1,0.9380309983346073
U0007943,0,2.1308554927971066
U0007944,0,-0.33354305826317976
U0007945,1,2.5628718706199063
U0007946,0,3.17922717347313
U0007947,1,3.181001708455746
U0007948,1,1.8762292564728842
U0007949,1,-3.742378217287964
U0007950,1,-0.1401103069703371
U0007951,1,4.62777747997297
U0007952,0,2.0563100373481014
U0007953,0,1.5461925978536435
U0007954,1,1.673853828554055
U0007955,1,2.5691650105836423
U0007956,1,2.951787915072984
U0007957,1,1.6888247108836545
U0007958,1,8.764209017891098
U0007959,1,4.60706641663602
U0007960,0,2.1861629492030943
U0007961,1,3.707531557815315
U0007962,1,2.5177571188663244
U0007963,1,2.0482746308316457
U0007964,0,2.7108627759429247
U0007965,0,2.548236025237525
U0007966,1,2.3579478513177694
U0007967,0,1.795715138699336
U0007968,0,1.618995314277555
U0007969,0,2.6564173873643924
U0007970,0,3.803807647513917
U0007971,1,3.7248564388782714
U0007972,0,1.3702565224361685
U0007973,1,4.603862217504744
U0007974,0,1.3368965411165732
U0007975,0,1.382282844436233
U0007976,0,3.4501379611719223
U0007977,0,2.673568980955583
U0007978,1,0.9927084699717881
U0007979,1,3.935414828962628
U0007980,1,3.1790371270550075
U0007981,0,2.315312984621187
U0007982,1,5.23979236054025
U0007983,0,2.443393180985817
U0007984,0,5.557560003920944
U0007985,1,2.9692394801038944
U0007986,0,2.419749946939703
U0007987,1,4.6968191654558
U0007988,0,2.8130661394810055
U0007989,1,-1.302276327076589
U0007990,0,3.4103937499393915
U0007991,0,0.7331337343582351
U0007992,0,-0.572179898268736
U0007993,1,3.39099455738625
U0007994,0,5.734502439005764
U0007995,0,-0.010882139850366457
U0007996,0,2.450155908636763
U0007997,0,0.7719230438940201
U0007998,1,2.155831342545188
U0007999,1,5.0213348533794075
U0008000,1,3.7157878216589992
U0008001,0,1.5387659955608868
U0008002,0,3.3393997946444465
U0008003,0,4.42888097744558
U0008004,0,3.414955257291254
U0008005,0,4.199283922798539
U0008006,0,1.711682031691847
U0008007,1,0.3238677832007628
U0008008,0,4.171382122782536
U0008009,0,3.1169710581162633
U0008010,1,0.8899354576969394
U0008011,0,2.7277625951927433
U0008012,0,-3.6392303847371146
U0008013,0,4.485055938078048
U0008014,0,2.122232705201693
U0008015,0,1.5452166618757772
U0008016,1,6.052524608537336
U0008017,0,5.082771003749517
U0008018,1,2.767332016108295
U0008019,0,6.400666548394229
U0008020,1,2.5936517403232777
U0008021,0,4.559342626774638
U0008022,0,3.6222607230762414
U0008023,0,3.3584903675539692
U0008024,0,2.183338931532738
U0008025,1,0.28212386488145924
U0008026,1,2.80568114239545
U0008027,0,2.5455590378930975
U0008028,0,0.03171308137926232
U0008029,1,0.35696204394251296
U0008030,0,3.295098572023523
U0008031,1,2.142956254563007
U0008032,0,2.8101725819442613
U0008033,1,2.803697537460657
U0008034,1,2.6179272227113906
U0008035,0,2.3645906935544083
U0008036,0,3.7194930381962727
U0008037,1,0.9943019251617269
U0008038,1,2.9948674845344545
U0008039,1,3.667536525569645
U0008040,0,3.1669819125101952
U0008041,0,3.5849296911508013
U0008042,1,3.9374889677840663
U0008043,0,4.575704588528671
U0008044,1,2.5130857704364296
U0008045,1,1.0294119675459061
U0008046,0,4.294451580178695
U0008047,0,0.9967594828453592
U0008048,0,1.328986480466238
U0008049,0,4.052586398262459
U0008050,1,1.5151889274875003
U0008051,0,2.4922400712772053
U0008052,0,2.900152466136486
U0008053,1,2.612902387237149
U0008054,1,4.5050455464503365
U0008055,0,4.430186219372551
U0008056,1,2.7803105204342966
U0008057,1,1.6220911175151311
U0008058,0,1.9005336558315946
U0008059,0,6.195033750026234
U0008060,1,2.9047194775761973
U0008061,0,1.4848976739388142
U0008062,1,0.8867752360582539
U0008063,1,5.02890663620888
U0008064,1,-4.097932437376926
U0008065,0,0.7117764198974701
U0008066,1,1.911747436188005
U0008067,0,2.648011876745132
U0008068,1,2.601022824401692
U0008069,0,1.5603220436255967
U0008070,0,3.4069675145669205
U0008071,1,2.357899794924034
U0008072,1,-4.902291550008584
U0008073,0,2.723367333823896
U0008074,1,3.909422310545118
U0008075,0,3.61993169747403
U0008076,0,1.4791666943419326
U0008077,1,3.777337765727868
U0008078,0,3.3484453003518464
U0008079,0,-0.8811804902174316
U0008080,0,4.5673721971572725
U0008081,1,1.6920220124490086
U0008082,1,3.3009330724660266
U0008083,0,2.132775919675561
U0008084,1,3.3782279788427
U0008085,1,2.7704823294131415
U0008086,1,1.5853923624680348
U0008087,0,1.6849480896217628
U0008088,1,1.268278030640122
U0008089,1,3.3343260661816974
U0008090,1,2.751977574072601
U0008091,1,3.673321388823533
U0008092,1,2.044680086598138
U0008093,0,0.9871838741850887
U0008094,0,3.4845616868439713
U0008095,0,1.534994287801112
U0008096,0,0.14522476674363105
U0008097,1,3.145080675825149
U0008098,1,3.1720653394585927
U0008099,0,3.220662728466497
U0008100,1,2.3720772297944066
U0008101,1,2.405247022118818
U0008102,0,0.3438086534209859
U0008103,1,0.7840972212950987
U0008104,1,2.4130022919564986
U0008105,0,4.42641597132028
U0008106,1,4.2089720143990945
U0008107,1,1.3871170137783153
U0008108,1,2.5406653286957983
U0008109,1,3.311547028355779
U0008110,1,-1.4209619733966043
U0008111,0,-1.6541676968480807
U0008112,1,2.478367275963013
U0008113,1,3.5442831263598045
U0008114,0,0.9548035591761916
U0008115,1,4.0885804860818915
U0008116,0,2.516255285406533
U0008117,1,3.7125271510039717
U0008118,1,1.5522023805523055
U0008119,1,4.740134562121927
U0008120,1,2.533902384716143
U0008121,0,-1.506836754054481
U0008122,0,2.946338137945551
U0008123,0,3.196143502774019
U0008124,0,4.38983364713677
U0008125,0,4.641349865715473
U0008126,1,1.918411389571105
U0008127,1,2.775862719694084
U0008128,1,2.1992206288855556
U0008129,1,3.0215685788155646
U0008130,0,4.835666385058426
U0008131,1,2.439737086384021
U0008132,0,1.5578525031440478
U0008133,1,3.8699956162823135
U0008134,1,1.9242834492632852
U0008135,1,3.7773735495312515
U0008136,0,2.648356760420855
U0008137,1,3.236246339964623
U0008138,1,2.735128028310612
U0008139,1,4.730906243099746
U0008140,0,3.2981081400154686
U0008141,0,0.9667872220132452
U0008142,0,1.3681115025610335
U0008143,0,4.899314474045152
U0008144,1,2.056631330694012
U0008145,0,3.4133061078367426
U0008146,1,2.141666754840166
U0008147,1,4.165562628770992
U0008148,0,1.8157860401239994
U0008149,0,3.162569703670936
U0008150,0,4.057092309994223
U0008151,1,2.936674745164094
U0008152,1,2.6529530089637845
U0008153,0,2.557063795192274
U0008154,1,3.2448759163393035
U0008155,0,3.3204849514201698
U0008156,1,1.7199644057401144
U0008157,0,2.837727487335961
U0008158,1,7.657940139076288
U0008159,0,2.2662832627351044
U0008160,1,-2.4453261706447
U0008161,0,3.4055391529955212
U0008162,1,2.2245512524549795
U0008163,1,2.956880678194679
U0008164,1,5.783822101186805
U0008165,0,5.98019556742109
U0008166,1,1.7610912112690045
U0008167,0,1.9705173898248383
U0008168,0,0.896412044557561
U0008169,1,3.98282351703358
U0008170,0,1.7609983346318643
U0008171,0,2.340429666580718
U0008172,1,1.1284753312526625
U0008173,1,3.394378792859186
U0008174,1,4.813720860356444
U0008175,1,3.48306093453094
U0008176,1,4.25267518835139
U0008177,1,2.5807355314849794
U0008178,0,1.5538598910950423
U0008179,1,1.9484454557820357
U0008180,1,0.5653132542434562
U0008181,1,1.9475704007785382
U0008182,1,3.358403383566417
U0008183,0,2.1030684981397094
U0008184,0,3.6041296219699817
U0008185,0,2.552975180390515
U0008186,0,2.792235052559164
U0008187,0,6.525304345726866
U0008188,1,1.5002247037980787
U0008189,0,3.2838562803625795
U0008190,1,2.3876747893752324
U0008191,0,2.6598476137998297
U0008192,1,4.634801077859162
U0008193,0,1.690537137163325
U0008194,0,4.5271415222474545
U0008195,1,1.0170533577727099
U0008196,1,0.646005918353449
U0008197,0,2.915405243999972
U0008198,0,1.8252518549324748
U0008199,1,0.754200614212504
U0008200,0,2.3797707384456395
U0008201,0,5.351123812855208
U0008202,1,3.351430992096862
U0008203,1,1.7248113589179113
U0008204,0,3.6333042593909326
U0008205,0,1.240770327463519
U0008206,1,4.230294785206599
U0008207,1,0.19673725097256778
U0008208,0,6.083957968098485
U0008209,0,3.2021442962647733
U0008210,0,5.788160593046566
U0008211,1,0.9676561203176632
U0008212,1,1.3592216158336576
U0008213,0,2.8698633416252655
U0008214,1,0.8843648538571678
U0008215,0,6.464609302797463
U0008216,1,2.4016623206952623
U0008217,0,0.021354859431532702
U0008218,0,3.273690051156372
U0008219,0,1.4849285595525306
U0008220,0,4.392647401693006
U0008221,0,2.894088690667619
U0008222,1,2.514522281233587
U0008223,0,1.4980486471100392
U0008224,0,0.5693704904371479
U0008225,0,4.8992071690367105
U0008226,1,3.373744749794856
U0008227,1,-0.7253991079826676
U0008228,1,2.313226467601897
U0008229,0,1.9947919581165827
U0008230,0,1.0164388753466866
U0008231,0,2.900750681045338
U0008232,1,4.741371265615072
U0008233,0,3.301430078380614
U0008234,0,3.2458264021929963
U0008235,0,2.6750438877796014
U0008236,0,-0.4868868780310507
U0008237,1,3.259719928183319
U0008238,1,3.518979517489793
U0008239,1,3.315580760799122
U0008240,0,4.838891441663407
U0008241,1,4.147851967153773
U0008242,0,2.5366342120255077
U0008243,0,3.958448279264557
U0008244,1,3.453409402544727
U0008245,0,2.326042969133148
U0008246,0,2.779637206832117
U0008247,1,4.264388495826788
U0008248,0,1.6005232851058935
U0008249,0,1.7539930716640981
U0008250,1,4.530187706947878
U0008251,0,1.5972393993611345
U0008252,1,2.903012419871878
U0008253,1,-0.048307208312358796
U0008254,0,3.2396411339321656
U0008255,1,3.5960391205352806
U0008256,0,1.644263420784192
U0008257,0,1.0537340928413776
U0008258,1,1.3155775525094366
U0008259,0,7.383077415245658
U0008260,1,3.3193581575922053
U0008261,0,1.0204697897918322
U0008262,1,5.748718488060465
U0008263,1,3.625838128320055
U0008264,1,1.7299969657909386
U0008265,0,5.053297891751566
U0008266,1,2.9216859110706945
U0008267,1,1.1431019800914761
U0008268,1,3.8643717903076915
U0008269,0,2.389236251779254
U0008270,1,3.9624683988520673
U0008271,0,2.005123956064658
U0008272,0,2.1342165807857754
U0008273,1,2.789832068095512
U0008274,1,3.1536043500051925
U0008275,0,2.3869558127967263
U0008276,1,3.4355018234213333
U0008277,1,1.3388932670828098
U0008278,1,3.0783270061392187
U0008279,0,3.509721276184404
U0008280,0,3.025941860562888
U0008281,1,1.892938190261102
U0008282,0,4.392300331345467
U0008283,0,2.614399594324775
U0008284,0,1.6372733645488857
U0008285,0,2.3411869484311616
U0008286,1,3.922931581445237
U0008287,1,3.7679764045779773
U0008288,1,3.4563344626754127
U0008289,0,2.4414661195144376
U0008290,1,4.101328487832426
U0008291,0,2.2759801422738715
U0008292,1,3.337665095469575
U0008293,1,4.215334208784935
U0008294,1,2.3997009480196496
U0008295,0,4.343814120336781
U0008296,0,5.107444093353909
U0008297,0,4.276614557607079
U0008298,0,1.8988847679658782
U0008299,1,2.5239622215953172
U0008300,0,6.34625815273974
U0008301,1,2.1275232198373075
U0008302,0,3.6122686768145353
U0008303,0,-2.1577917603577497
U0008304,1,4.4114010025143084
U0008305,1,1.9421710331162174
U0008306,0,2.8559963322804123
U0008307,0,2.4665975120245243
U0008308,0,2.907811728294039
U0008309,1,5.096959004221834
U0008310,0,2.7773808827544357
U0008311,1,3.4258058754983196
U0008312,1,3.4977536412010792
U0008313,0,3.2725339309840606
U0008314,1,0.24252086295519604
U0008315,0,1.3287585686714571
U0008316,1,3.369311236215591
U0008317,0,0.08899479458331072
U0008318,1,1.3209155176231686
U0008319,0,2.592829078924815
U0008320,1,4.051809043850998
U0008321,1,2.2449012976858214
U0008322,1,3.258019918476812
U0008323,0,2.624963916624406
U0008324,0,3.1063935223028576
U0008325,1,0.3935817376774544
U0008326,0,1.8497971086374143
U0008327,0,2.8771772766050585
U0008328,1,3.9825043219536216
U0008329,1,3.7256628189374332
U0008330,0,5.820810161343374
U0008331,1,4.1474695612456
U0008332,0,3.5048785962826106
U0008333,0,3.8265433275638827
U0008334,1,3.6188789378513793
U0008335,1,2.9110540885497436
U0008336,0,4.283716476356858
U0008337,1,3.427018208647784
U0008338,0,4.506853275908657
U0008339,1,0.48289465660494457
U0008340,1,0.08196155759560497
U0008341,1,3.0721652569103632
U0008342,0,1.7481145803203777
U0008343,1,3.8485347441442777
U0008344,0,4.066167937342225
U0008345,1,0.8227123769005154
U0008346,0,2.8661176252532243
U0008347,0,1.8053859661744447
U0008348,1,2.602923308731274
U0008349,1,1.1494625918603383
U0008350,1,3.075028782049486
U0008351,1,2.3816912014593576
U0008352,0,2.8759971501388293
U0008353,1,4.366896384267701
U0008354,0,2.729602797769015
U0008355,0,2.853034049516637
U0008356,1,5.384984604004682
U0008357,0,2.923907721103113
U0008358,0,4.036501559790201
U0008359,1,1.5508138931503108
U0008360,0,1.251059580575319
U0008361,1,5.2061759570406
U0008362,1,-3.041702071870338
U0008363,1,4.385369244854424
U0008364,0,1.1443195022499637
U0008365,1,3.3731855785132367
U0008366,0,-1.5348299007116246
U0008367,1,1.549708839163923
U0008368,0,3.5518668796105874
U0008369,1,0.9731643515848951
U0008370,0,1.125075834569028
U0008371,1,1.713118540537165
U0008372,1,1.585887440211021
U0008373,0,3.0787987868696405
U0008374,1,3.755703599470394
U0008375,0,2.4289124277143674
U0008376,0,4.774900733161452
U0008377,0,-0.5270481962428093
U0008378,0,3.7196294028120995
U0008379,1,0.9384859815270623
U0008380,0,1.8060743652870794
U0008381,1,4.780106947186518
U0008382,1,0.26194149734041616
U0008383,1,1.096189030021943
U0008384,0,2.0809893447971852
U0008385,1,3.4155193515520246
U0008386,0,3.672415628459621
U0008387,0,1.6078823329282415
U0008388,0,4.791313593016291
U0008389,1,2.908706608494244
U0008390,0,3.5273721899615005
U0008391,0,4.7402945798219775
U0008392,0,0.6109669611992601
U0008393,0,3.4100242668754994
U0008394,0,3.4688738640277847
U0008395,0,2.2656399233058053
U0008396,1,5.678224127818844
U0008397,0,2.913774475157025
U0008398,0,2.665504559758581
U0008399,1,1.549348232632365
U0008400,0,1.9471422207070255
U0008401,0,3.2624946872847005
U0008402,0,5.10292214873531
U0008403,0,3.585699602519755
U0008404,0,3.694161431036349
U0008405,0,1.724277557242516
U0008406,1,3.2882200360673153
U0008407,1,1.0463137868016368
U0008408,0,3.290714865340526
U0008409,1,3.0253137882325944
U0008410,0,2.91935159421506
U0008411,1,4.206328985694562
U0008412,1,2.052574757177389
U0008413,0,0.8226496029948791
U0008414,0,1.973599709497151
U0008415,1,3.718345941815217
U0008416,0,4.878926160843193
U0008417,1,2.3257197141717576
U0008418,1,3.2121527438772155
U0008419,0,2.6803116459448546
U0008420,0,1.3648953451792654
U0008421,1,0.07265520355498367
U0008422,0,2.750430816310864
U0008423,0,4.296584169745886
U0008424,0,3.8735676605894565
U0008425,0,3.8795595953364206
U0008426,0,1.0240581791722967
U0008427,0,3.1356612493217355
U0008428,1,4.347913349179715
U0008429,1,4.841337661494132
U0008430,0,3.294743464805979
U0008431,0,3.9144462015415726
U0008432,0,1.4959510935475784
U0008433,1,2.588829903617153
U0008434,0,3.506881377016942
U0008435,1,5.966131710933045
U0008436,0,3.173377797599972
U0008437,1,1.8170341851409617
U0008438,1,2.1420703868116746
U0008439,0,2.359071174415952
U0008440,0,3.3885902288942553
U0008441,0,3.122065755432036
U0008442,1,1.8053330191980876
U0008443,1,2.6215454322727716
U0008444,1,0.2195984000872535
U0008445,0,3.0095360926613353
U0008446,0,-3.199694709986101
U0008447,0,3.0632109578982636
U0008448,0,4.4071804163961446
U0008449,0,3.1567111992273933
U0008450,1,1.1496921049153173
U0008451,0,2.082851935243191
U0008452,1,2.900823421837396
U0008453,0,3.5473597307482656
U0008454,0,1.4311456844765686
U0008455,0,2.102482978489224
U0008456,1,2.3209328853013353
U0008457,0,1.3692310882982675
U0008458,1,3.112007926332666
U0008459,1,4.994818803428171
U0008460,0,2.0190366882788915
U0008461,1,1.9127978282655018
U0008462,0,3.732827542194457
U0008463,0,3.955656222997364
U0008464,1,3.363936900183983
U0008465,1,2.6543093471412433
U0008466,1,2.6902121798441225
U0008467,0,6.108317057789657
U0008468,0,4.033894564752771
U0008469,0,3.2920432734092735
U0008470,0,2.102436047616191
U0008471,0,2.176144538968834
U0008472,0,2.8624962325729815
U0008473,0,4.023730956857726
U0008474,0,2.3316587908989597
U0008475,1,3.5420630847387926
U0008476,1,-1.075834025225877
U0008477,1,2.0662375375992372
U0008478,0,5.512589881604725
U0008479,1,5.4415377827037865
U0008480,0,2.5426885456222
U0008481,1,3.7934819802882735
U0008482,0,4.088638667806556
U0008483,0,3.5471692648624202
U0008484,0,-1.358510947512599
U0008485,0,2.0796371376826706
U0008486,0,0.46230841060477346
U0008487,1,0.8058856812916346
U0008488,1,-1.1744138737603507
U0008489,1,4.268331644364622
U0008490,1,2.9656890568093566
U0008491,1,1.3212163700415296
U0008492,1,3.5502812880991304
U0008493,0,4.064916123533255
U0008494,0,1.9657318962771093
U0008495,0,2.0751787621645335
U0008496,1,0.8014466990057283
U0008497,0,3.405972552238696
U0008498,1,1.807824781562605
U0008499,0,7.308127739277097
U0008500,0,2.116752794360087
U0008501,1,5.988373383610373
U0008502,0,3.3264461722071097
U0008503,1,-0.45009856581639873
U0008504,1,2.5160915343061276
U0008505,1,4.941954812894458
U0008506,1,-0.5805999321801547
U0008507,1,2.888000418566807
U0008508,1,3.531159594510786
U0008509,1,3.104290424996652
U0008510,1,3.7120903786255006
U0008511,0,-0.5141280016215166
U0008512,0,3.203148129225749
U0008513,0,3.7534020561535826
U0008514,1,2.0527568581445976
U0008515,0,2.801829424177594
U0008516,1,3.2661111497787765
U0008517,0,2.374887352055472
U0008518,0,0.18982257530469582
U0008519,0,1.1084154484558795
U0008520,0,4.532589565022672
U0008521,0,1.7254078773918557
U0008522,1,4.25555007048794
U0008523,0,3.411973387766192
U0008524,0,2.352373906360455
U0008525,1,3.0173852382280675
U0008526,0,2.696578131482994
U0008527,0,3.264343828222543
U0008528,0,0.5492826431882492
U0008529,1,1.102849163499421
U0008530,0,3.7416315699436034
U0008531,0,2.882033724692157
U0008532,1,2.9970659877480372
U0008533,1,1.6864822043692325
U0008534,1,1.0762832476575852
U0008535,1,2.983282360145793
U0008536,0,2.149518151697464
U0008537,1,5.808815919656652
U0008538,0,0.5354923391715047
U0008539,1,2.86810665222502
U0008540,0,3.0060730791174137
U0008541,1,-1.134259172087841
U0008542,0,1.343657805046039
U0008543,1,3.6564211979976537
U0008544,1,3.1340650786578017
U0008545,0,3.4948360732325803
U0008546,1,0.3290201019737822
U0008547,1,2.5660626687553716
U0008548,0,2.80110400424228
U0008549,1,0.8687368776862829
U0008550,1,4.161487041547861
U0008551,0,-4.070802022585248
U0008552,0,1.0343491551526274
U0008553,0,-0.26445349367431703
U0008554,0,4.420259225094171
U0008555,0,0.8610377045596209
U0008556,1,0.12533810288817193
U0008557,0,3.2838805794903294
U0008558,1,3.3448179073560844
U0008559,0,2.5007057782787783
U0008560,1,2.5923185131911914
U0008561,0,2.056629030657046
U0008562,0,0.01197459776798837
U0008563,1,4.951486376712811
U0008564,1,0.6621385951198455
U0008565,1,2.410811200605078
U0008566,1,-2.2708993078032833
U0008567,1,0.4780645230428462
U0008568,0,2.450156865389019
U0008569,1,0.43876536355453766
U0008570,1,-0.9391997566259818
U0008571,0,2.0045290152055593
U0008572,1,4.536112219301906
U0008573,0,2.846150486374299
U0008574,1,5.442878062688326
U0008575,1,4.46599610807402
U0008576,0,0.11676074351559507
U0008577,1,0.6782934391238591
U0008578,1,2.2463391824538963
U0008579,1,1.692639920220639
U0008580,0,2.1600638393578144
U0008581,1,2.469165330890606
U0008582,1,2.896262458859624
U0008583,1,3.3501947383113
U0008584,1,2.9798617858801144
U0008585,1,1.8202553935485177
U0008586,1,1.3567697612506215
U0008587,0,3.887068657289788
U0008588,0,2.829332191760603
U0008589,1,0.9890723770815839
U0008590,1,2.8118296847240796
U0008591,0,2.83896621892994
U0008592,0,4.722192398880342
U0008593,0,1.785498503338367
U0008594,1,1.7698572664734957
U0008595,1,1.8278869819037062
U0008596,1,0.8512955795656545
U0008597,1,-0.559603199598989
U0008598,0,2.1295592035897286
U0008599,1,4.608965215053075
U0008600,1,2.3518617721000936
U0008601,0,1.5234917799386203
U0008602,0,2.108752786310564
U0008603,0,4.51027476673292
U0008604,1,2.6612602178589064
U0008605,1,2.2411466546662098
U0008606,0,4.266308298243997
U0008607,1,0.06227286917087582
U0008608,0,4.472597298921972
U0008609,0,3.4462341303033384
U0008610,1,0.8713749891977756
U0008611,0,2.4395916511619617
U0008612,0,2.494835400149057
U0008613,1,1.287471353449419
U0008614,1,1.4847602728720943
U0008615,0,2.7485121321031443
U0008616,0,2.632551569226994
U0008617,0,-0.6208571135437779
U0008618,0,4.2956151929076185
U0008619,1,3.679761361836732
U0008620,0,2.6253870023592842
U0008621,0,3.4339148647637874
U0008622,1,4.617427995286391
U0008623,0,3.1048519695695944
U0008624,1,1.430767178486402
U0008625,0,-0.781392056131061
U0008626,0,1.2573252738381342
U0008627,0,3.4650549252420646
U0008628,1,3.346603218631568
U0008629,0,3.2860149457586303
U0008630,0,1.7964877980576404
U0008631,0,2.9163363421373916
U0008632,0,2.2217097792829072
U0008633,1,0.9840812574315798
U0008634,0,1.1566144802458584
U0008635,0,2.7886763955309846
U0008636,1,1.2828186775979304
U0008637,1,1.6665449392336154
U0008638,1,3.8073829450444627
U0008639,1,2.989646469814282
U0008640,1,3.050436271529838
U0008641,1,3.2563969002286743
U0008642,0,3.6098884681847156
U0008643,0,4.642742597705393
U0008644,0,4.694493238718422
U0008645,0,2.894284198346991
U0008646,0,1.9948004516576514
U0008647,1,1.6811199767219733
U0008648,0,2.0884223019027655
U0008649,1,2.85455550370043
U0008650,0,3.056724165298963
U0008651,1,3.2808470789376187
U0008652,0,1.6581877324682388
U0008653,0,4.19328392164404
U0008654,1,3.0311059019159856
U0008655,1,0.6702074423838447
U0008656,0,1.4578871727217297
U0008657,0,-0.18479045266900052
U0008658,0,1.866116934973025
U0008659,0,3.139128857319153
U0008660,1,4.807295057027424
U0008661,1,3.4900168087035492
U0008662,1,3.555336805086032
U0008663,1,2.4085374533689077
U0008664,1,2.5989304780984135
U0008665,1,-0.25447958249640124
U0008666,1,5.670713021366609
U0008667,0,4.768537516989921
U0008668,0,5.843876985158566
U0008669,1,1.5385474323185626
U0008670,1,3.826749298096221
U0008671,1,3.495388650230975
U0008672,0,1.5487394144400337
U0008673,1,0.07017854549781433
U0008674,0,1.8823748046601434
U0008675,1,2.8842070419626467
U0008676,1,2.9066779608341378
U0008677,0,3.319383684137943
U0008678,0,3.6255796731333128
U0008679,0,3.0474709831424676
U0008680,1,1.439363780902191
U0008681,1,3.4052998046933762
U0008682,0,3.692537248888353
U0008683,1,0.36500229163694087
U0008684,0,0.42586246201683053
U0008685,0,2.6818027978303007
U0008686,0,2.5901923131748212
U0008687,0,2.973239579190327
U0008688,0,3.9804300887222723
U0008689,1,3.292507546537852
U0008690,1,2.8227226088329793
U0008691,1,1.8062892493999136
U0008692,0,-1.575106836469967
U0008693,1,0.8984667716424628
U0008694,0,2.195587341449876
U0008695,0,3.3797773359054357
U0008696,1,4.136828923845812
U0008697,1,4.231333219545885
U0008698,0,2.1038767661250546
U0008699,0,2.268718525022148
U0008700,1,1.246147186011438
U0008701,0,3.283398122974255
U0008702,0,5.9593956012452445
U0008703,0,2.025587343374294
U0008704,0,3.935500334096801
U0008705,0,3.3218151972325067
U0008706,0,1.428664710534452
U0008707,0,2.178300827033528
U0008708,1,3.02177657902012
U0008709,0,2.7310485778656126
U0008710,1,1.872305557522509
U0008711,1,1.1780915413415585
U0008712,1,0.7946539647271003
U0008713,1,3.6905405080218987
U0008714,1,5.088073841607088
U0008715,0,4.413709287477207
U0008716,0,2.2596575451367897
U0008717,1,0.7145749905763736
U0008718,1,2.8683168659701046
U0008719,1,2.2176328767305478
U0008720,1,3.4147879302791893
U0008721,1,4.903251684454272
U0008722,1,1.4286776556163758
U0008723,0,2.7290742175895613
U0008724,1,4.136526526344792
U0008725,1,3.7449035660164895
U0008726,1,-0.5017635504479863
U0008727,0,1.6679140752574177
U0008728,1,6.236486391432479
U0008729,1,3.0148830992521276
U0008730,1,2.419137384070204
U0008731,1,4.0453088754790585
U0008732,0,7.191917193103134
U0008733,1,0.7888339835341398
U0008734,1,3.9712997257891978
U0008735,1,5.070816260684369
U0008736,1,2.0246023654170955
U0008737,1,0.9303224484159109
U0008738,0,3.2200861379281047
U0008739,0,1.9173065001157426
U0008740,0,2.524591859670295
U0008741,0,0.8271696890685902
U0008742,1,3.9034686663956055
U0008743,1,3.87039951184612
U0008744,0,-1.521669018347609
U0008745,0,3.970490877914422
U0008746,0,3.4290915432231746
U0008747,0,2.7586407215404005
U0008748,1,1.1577849108755647
U0008749,1,3.3410084555031094
U0008750,1,4.834051363305278
U0008751,1,0.1172590341057731
U0008752,0,2.7843724239711847
U0008753,1,5.589285034503016
U0008754,0,0.7938591243403827
U0008755,1,3.6795894350080047
U0008756,0,1.5442768649675571
U0008757,1,3.224435010870687
U0008758,0,2.260546687497019
U0008759,0,2.3975448430428656
U0008760,1,2.8141660471881664
U0008761,0,2.071966769100378
U0008762,1,0.7507754234592365
U0008763,1,2.321271621223751
U0008764,0,4.9054904082579185
U0008765,0,2.380652012046486
U0008766,0,3.11006770738868
U0008767,1,2.5278941103499104
U0008768,1,1.5756485966749487
U0008769,0,3.0954727181265476
U0008770,1,3.2726010321506145
U0008771,1,2.162532807390644
U0008772,1,2.5580208705310987
U0008773,1,3.1624450070043135
U0008774,0,2.887710563543564
U0008775,1,1.3441899091277243
U0008776,0,4.890577508029182
U0008777,1,0.20703263537448535
U0008778,0,3.7962841313947386
U0008779,0,2.6522976895489165
U0008780,0,1.167971254547485
U0008781,1,2.9009456504729165
U0008782,1,2.2102259699243376
U0008783,1,2.184386395411945
U0008784,0,3.1110805218527418
U0008785,1,1.3004872603482305
U0008786,1,2.119446418950236
U0008787,1,2.7628560517766676
U0008788,0,1.7673488146424816
U0008789,0,5.847555143725781
U0008790,0,2.053651457203248
U0008791,0,1.0763104698165478
U0008792,0,3.396973614707525
U0008793,0,3.1520268184204294
U0008794,1,2.1461943415811415
U0008795,0,1.0721073165624553
U0008796,1,2.122220640130031
U0008797,1,3.939129290206939
U0008798,1,1.496471918505712
U0008799,1,2.2121725185601626
U0008800,0,2.7892212146484567
U0008801,1,1.794178413009206
U0008802,1,2.5651845307299226
U0008803,0,2.3846438126646277
U0008804,1,3.3762001147298335
U0008805,1,4.577410003773718
U0008806,0,2.3268306011055273
U0008807,1,1.8083110466061711
U0008808,0,2.5284806882427198
U0008809,0,3.3565006264236636
U0008810,1,7.012110748700502
U0008811,0,4.520728771963016
U0008812,1,1.0552853991647808
U0008813,0,4.081127465221289
U0008814,0,2.8517295993308807
U0008815,1,2.06488907687665
U0008816,1,1.103847302654291
U0008817,1,3.0216148439322073
U0008818,1,2.556424532999234
U0008819,1,6.341620886250226
U0008820,1,5.169291754996063
U0008821,0,2.4444934903375604
U0008822,1,1.9926194991548272
U0008823,1,3.0589580590245617
U0008824,1,2.4051387480314936
U0008825,0,0.9205249153190636
U0008826,1,3.1331517508379036
U0008827,0,2.899340063099567
U0008828,1,3.762468709378247
U0008829,0,6.039545470996259
U0008830,0,0.4503190050092094
U0008831,0,1.1927308774300762
U0008832,0,0.7686614521724948
U0008833,0,3.3901385463977824
U0008834,1,0.3129276269263954
U0008835,1,0.7916787672590466
U0008836,1,2.806052197545256
U0008837,0,1.8722318820874015
U0008838,1,-4.759897704818423
U0008839,1,5.37526623511577
U0008840,1,4.07526741692727
U0008841,1,6.806088732654697
U0008842,0,0.6206536503907927
U0008843,0,5.407914013253064
U0008844,1,2.4447634318642812
U0008845,1,4.996780165869136
U0008846,1,1.7192453692222323
U0008847,0,8.058934522232132
U0008848,1,0.8342513852362003
U0008849,0,5.291567617807523
U0008850,1,5.186453436505804
U0008851,0,1.9665386462765042
U0008852,1,3.891533241847826
U0008853,1,7.182787642362825
U0008854,0,2.6853990346637744
U0008855,1,5.0429083491102205
U0008856,1,1.2968419340628117
U0008857,0,3.2340372449749673
U0008858,0,3.2669225378780613
U0008859,1,1.7846685353932799
U0008860,0,1.1006869227830158
U0008861,0,2.104008275412898
U0008862,1,3.992763517138467
U0008863,0,2.2684111202856556
U0008864,0,-0.1086436530540773
U0008865,0,-2.8544808301581917
U0008866,0,3.3673192729197794
U0008867,0,2.432880164864134
U0008868,1,2.2369066774496993
U0008869,0,-2.5084336471332023
U0008870,1,4.0786032580013245
U0008871,1,1.9620207680125041
U0008872,1,3.3944662471433595
U0008873,1,3.5530242003553374
U0008874,1,5.105779691024459
U0008875,1,-0.4652935913765255
U0008876,1,4.553343639936335
U0008877,1,3.717646587082424
U0008878,0,-0.7182840423701755
U0008879,0,2.132559753388417
U0008880,1,-2.388469295373497
U0008881,0,2.772585165902024
U0008882,0,3.153684929348863
U0008883,0,3.148925194137675
U0008884,0,3.3002499138968524
U0008885,1,2.0206830142267176
U0008886,1,3.7891620445261722
U0008887,1,3.5776246315940057
U0008888,1,2.4357437421530825
U0008889,0,5.799292742983251
U0008890,0,0.21279877003332004
U0008891,0,1.650426855694267
U0008892,1,-1.2073337956919303
U0008893,1,0.15307324618044404
U0008894,1,1.911151810550317
U0008895,0,1.9147527405157128
U0008896,0,1.4419467184421144
U0008897,0,3.6504776341959886
U0008898,0,1.8269372658155234
U0008899,1,4.1308708392594955
U0008900,1,0.952245308696062
U0008901,1,2.0905136354999385
U0008902,1,0.9755135824992962
U0008903,1,3.3826141058923653
U0008904,0,4.148594651123702
U0008905,0,3.419599012658324
U0008906,1,1.6290025917568158
U0008907,1,3.5642715879059317
U0008908,1,2.2117347512709014
U0008909,1,3.3303606038665023
U0008910,1,2.0071415589111012
U0008911,0,0.42876623223244437
U0008912,0,3.2861197577122354
U0008913,1,2.5156487694655265
U0008914,1,1.6033685843989112
U0008915,1,3.875994980002165
U0008916,1,2.9955687851239396
U0008917,0,3.5855083403767054
U0008918,0,4.381317251426081
U0008919,0,1.599213815756091
U0008920,1,4.376389573609579
U0008921,1,3.5521747641488712
U0008922,1,0.6038310493332588
U0008923,1,-0.768696513458945
U0008924,1,1.8617908656761557
U0008925,0,2.516530417174044
U0008926,0,3.2207255127061423
U0008927,1,3.0494278055134574
U0008928,1,2.7300190041652073
U0008929,1,2.781978103057096
U0008930,1,4.148757530579562
U0008931,1,1.9473365491324657
U0008932,1,1.7996689088146987
U0008933,0,1.51409242535067
U0008934,0,1.3629194580610182
U0008935,1,1.8574254896199545
U0008936,1,2.3218067948869265
U0008937,1,3.1337255101731287
U0008938,1,2.057885112817022
U0008939,1,1.4004844232622329
U0008940,0,-2.811312935115648
U0008941,0,-1.4717718440420597
U0008942,0,1.1871374089026183
U0008943,1,1.0333613850363648
U0008944,0,3.0933600606271803
U0008945,0,1.6010268397648453
U0008946,1,3.2992082338607513
U0008947,0,0.663322907231688
U0008948,0,3.6481639373744787
U0008949,0,2.5828704947393124
U0008950,0,4.167103962781994
U0008951,1,0.45931690536317404
U0008952,1,2.0080120640793684
U0008953,1,4.645513424148202
U0008954,1,3.9721887658719375
U0008955,1,0.9682263552149397
U0008956,0,2.9894121874235395
U0008957,1,0.5182308929503741
U0008958,1,1.262700254973371
U0008959,1,1.95327759209332
U0008960,0,0.4885298570630532
U0008961,1,2.784115982261749
U0008962,1,3.4894927587034346
U0008963,0,2.4564411091697096
U0008964,1,2.077787444077604
U0008965,1,0.9938583046890521
U0008966,1,-0.5769680497081708
U0008967,0,2.2597792137839363
U0008968,0,0.5576883103639272
U0008969,0,15.093657309452787
U0008970,1,-2.1792624501440194
U0008971,0,0.31280438237511987
U0008972,0,2.140944415256257
U0008973,1,2.6010115221186716
U0008974,0,2.9021372893302413
U0008975,0,3.604244898957269
U0008976,0,0.33103500655508
U0008977,0,5.041970174689521
U0008978,0,2.704782864119718
U0008979,0,2.3427283429551196
U0008980,1,3.5994259797734305
U0008981,0,2.395679456053145
U0008982,0,3.1632324023338576
U0008983,1,2.0433036821693022
U0008984,0,2.9162514784312332
U0008985,1,0.39342119515029594
U0008986,0,5.617105241715217
U0008987,1,2.071622951696181
U0008988,1,5.507874402102756
U0008989,1,2.649103433240068
U0008990,1,2.328278247097762
U0008991,0,1.1704203817099739
U0008992,1,2.023880526202845
U0008993,1,2.5974208303945012
U0008994,0,0.9650041396449254
U0008995,1,2.312135879012658
U0008996,1,3.503062519980114
U0008997,1,3.6086817634864197
U0008998,0,1.1373479061425584
U0008999,1,1.8116775825723366
U0009000,0,2.243115547314421
U0009001,0,7.066287086304358
U0009002,1,-0.4003717022216051
U0009003,1,1.7698066467677833
U0009004,0,-3.5258266066300337
U0009005,0,4.17320613876778
U0009006,0,0.6884347998202784
U0009007,0,2.755664960509961
U0009008,0,4.01258052519027
U0009009,1,1.5268155255632223
U0009010,1,5.473005639693145
U0009011,0,4.068512057689766
U0009012,1,2.051664599306209
U0009013,0,3.1673726090434293
U0009014,0,-0.04371512568850733
U0009015,1,2.1541747835214604
U0009016,1,3.27583688234742
U0009017,0,4.368417904823712
U0009018,0,3.8274426638618557
U0009019,1,4.072790825592655
U0009020,0,6.135936193937486
U0009021,0,1.6223735917637185
U0009022,0,3.23055658107784
U0009023,0,0.7620532317390207
U0009024,1,3.0106219079032517
U0009025,1,4.260847323711513
U0009026,1,6.15259117167583
U0009027,1,4.134451569332596
U0009028,0,3.037944934910346
U0009029,0,3.9041515876549084
U0009030,0,1.6228049608141788
U0009031,1,-2.581406565584736
U0009032,0,1.2473480195846136
U0009033,0,2.3474156610051615
U0009034,0,3.0234481770003097
U0009035,0,1.805971838735271
U0009036,1,2.769721339589804
U0009037,1,4.0900669008760495
U0009038,0,2.8732579060969208
U0009039,0,1.0028534401277192
U0009040,0,1.7193989643171896
U0009041,1,2.804886703370368
U0009042,1,2.6098066118572536
U0009043,0,2.931465764141702
U0009044,0,3.144140536035362
U0009045,1,2.391035892537081
U0009046,1,2.8035577631519715
U0009047,0,2.6659940792901615
U0009048,1,1.7332899561786963
U0009049,1,0.7815376133248257
U0009050,0,2.0230177919136416
U0009051,0,3.4207217611952885
U0009052,1,4.7004135137052
U0009053,1,4.739092020431393
U0009054,1,2.5096589033198224
U0009055,1,-0.9534664348539117
U0009056,0,1.5474892607833937
U0009057,0,1.8815727346317672
U0009058,0,5.606170956555818
U0009059,0,4.820184570491332
U0009060,0,1.688575657746938
U0009061,0,12.719180086435133
U0009062,0,2.150090265816125
U0009063,0,2.6263052430620704
U0009064,1,2.336631207744343
U0009065,0,1.989814365526474
U0009066,0,2.186362377710921
U0009067,0,0.9578822826760813
U0009068,0,2.7931267640685213
U0009069,1,2.2970837177275705
U0009070,0,2.2038845158254006
U0009071,1,3.800206074029461
U0009072,0,0.46389337089695815
U0009073,1,2.410367425076444
U0009074,1,3.04678355295815
U0009075,1,3.6812599155621584
U0009076,1,3.6915378064088493
U0009077,1,4.074538862258141
U0009078,1,2.7368886837124755
U0009079,0,-4.9494061897277835
U0009080,0,3.0897147453397977
U0009081,0,0.8617617930293235
U0009082,1,4.588799490501735
U0009083,1,1.1497601348037847
U0009084,0,1.087699466690811
U0009085,1,1.106966498819805
U0009086,1,5.5345877718512
U0009087,1,1.5075851681545913
U0009088,0,2.5932883384344265
U0009089,0,1.7938690130638086
U0009090,1,3.670887698489082
U0009091,1,4.321857338607636
U0009092,0,2.4996916362919777
U0009093,1,1.944192141350257
U0009094,1,1.889871488825209
U0009095,0,6.009205854973047
U0009096,1,4.493090390859969
U0009097,0,3.425217481256329
U0009098,0,2.15956727487616
U0009099,0,0.4664998737501751
U0009100,0,2.2349684030788985
U0009101,1,4.076556602381634
U0009102,0,-0.9644827937814249
U0009103,1,0.8793221204768855
U0009104,0,5.785722326656648
U0009105,1,0.37145079173463813
U0009106,1,5.258246245399285
U0009107,1,2.0554718936549303
U0009108,0,0.8176330961100433
U0009109,0,0.5039926115884672
U0009110,0,4.307512206228626
U0009111,0,2.2213911889672993
U0009112,0,3.878108454816509
U0009113,1,2.197178366750501
U0009114,1,3.0891712381955845
U0009115,1,3.058577279973658
U0009116,0,4.031214302851918
U0009117,0,3.5846170313907066
U0009118,1,3.5798200085471166
U0009119,0,4.412186154790941
U0009120,0,3.341664060024481
U0009121,0,6.777069249028592
U0009122,1,2.48231787732011
U0009123,0,0.27418171870103336
U0009124,1,1.1379291395595246
U0009125,1,5.082482694902441
U0009126,1,2.8039465671747443
U0009127,0,3.63653850769132
U0009128,1,2.300840631440373
U0009129,1,1.6456708247264515
U0009130,1,1.8922969217804102
U0009131,0,6.061236819935221
U0009132,0,1.9877971171773083
U0009133,1,3.25109687441093
U0009134,1,0.8464794070664716
U0009135,1,1.4547644014973713
U0009136,0,2.26437522853856
U0009137,1,1.697262746049514
U0009138,0,3.8121956297811046
U0009139,1,1.8043450803719612
U0009140,0,3.095243701784492
U0009141,1,2.6752734658094024
U0009142,1,3.287984122952018
U0009143,1,4.252019586142872
U0009144,0,2.3535111510388393
U0009145,0,1.9407835638454536
U0009146,1,6.718252478856883
U0009147,1,1.6169487997309275
U0009148,1,1.6995011982116512
U0009149,0,4.535201907950487
U0009150,0,3.596499761642768
U0009151,1,2.6445419413934736
U0009152,1,2.771452938751665
U0009153,1,2.1269080506742473
U0009154,0,3.7590587472765087
U0009155,1,5.274482212213794
U0009156,1,4.162652163330845
U0009157,0,3.288434106374222
U0009158,0,-1.7767944350794949
U0009159,1,2.0777832019437916
U0009160,0,3.9691478854564615
U0009161,0,3.4317383822481897
U0009162,0,2.089604785465129
U0009163,0,1.9227221268818084
U0009164,1,4.296132323635636
U0009165,0,4.937646272773208
U0009166,1,2.8227415471012662
U0009167,0,3.016128340469171
U0009168,1,5.094893490250296
U0009169,1,1.653955028813396
U0009170,1,2.1658128473011207
U0009171,1,5.554069634600072
U0009172,0,1.6045263124428075
U0009173,0,5.543211190658258
U0009174,1,0.8299911456949083
U0009175,1,3.1316513299873137
U0009176,0,1.1052434731090717
U0009177,1,1.8076548002726671
U0009178,1,2.4136063638732956
U0009179,1,1.8152506451415107
U0009180,0,1.849361463773512
U0009181,1,4.533720581059168
U0009182,0,3.67492137292723
U0009183,1,1.6685837209175425
U0009184,1,3.034902480447821
U0009185,1,3.819042698816162
U0009186,1,2.4681967195564134
U0009187,0,1.9073721031515696
U0009188,0,-0.2572948262412371
U0009189,1,1.187309758534763
U0009190,0,3.683978785844644
U0009191,1,4.1090441530891155
U0009192,0,2.7379061846424353
U0009193,1,2.4727774165128835
U0009194,1,2.312412763091306
U0009195,0,1.6686205338273066
U0009196,1,5.336644753086858
U0009197,0,3.5796066553373684
U0009198,1,4.431565126160498
U0009199,1,4.947435204017609
U0009200,1,3.0563728649467237
U0009201,1,3.4654724240100876
U0009202,1,2.9154640282245268
U0009203,0,2.494309401787735
U0009204,1,4.120778996142796
U0009205,0,2.435702275109069
U0009206,0,3.8958734893391167
U0009207,0,1.0857587747262905
U0009208,1,-0.5407166312652976
U0009209,0,3.6969934937414557
U0009210,1,3.2447744510751626
U0009211,1,5.6239746670837825
U0009212,1,5.51529428738151
U0009213,1,5.982694956042032
U0009214,1,1.6268798995233666
U0009215,0,2.0270950129972185
U0009216,0,3.1552469060184336
U0009217,1,2.651741954035856
U0009218,0,3.854738136595664
U0009219,1,-0.046544350340941065
U0009220,0,-0.5416822193479973
U0009221,1,3.077469052623483
U0009222,1,2.18746115676862
U0009223,1,1.4450989372966347
U0009224,1,4.0164036764786175
U0009225,1,1.9724347219451932
U0009226,1,3.8608878970666414
U0009227,0,1.6522509624344082
U0009228,1,5.806669305409606
U0009229,0,-0.14449492892766713
U0009230,0,-1.9821017497003197
U0009231,0,3.437173568881285
U0009232,1,0.29933338906753093
U0009233,1,2.3000096831824646
U0009234,1,2.1001675581194803
U0009235,0,1.7189880883325124
U0009236,0,1.9674170869193155
U0009237,1,1.1555980809453033
U0009238,0,-7.376234444828619
U0009239,0,1.4079902465319076
U0009240,1,4.143407168799559
U0009241,0,4.350944388184502
U0009242,0,2.500513282728914
U0009243,1,1.466666899275431
U0009244,1,2.7504315375506145
U0009245,1,4.086855437541715
U0009246,0,-0.45158865180441055
U0009247,1,2.5444561058190267
U0009248,0,1.5825673396204483
U0009249,0,1.5151321912370825
U0009250,1,0.1806542175296748
U0009251,0,3.409689412988186
U0009252,1,0.670338819124833
U0009253,1,1.7201097113882327
U0009254,0,2.0342786635875356
U0009255,1,1.3151994842604928
U0009256,0,2.519092512090671
U0009257,0,1.006409459919226
U0009258,0,1.8933528818258125
U0009259,0,3.833795788388368
U0009260,0,0.9855958547397705
U0009261,1,4.380706219941818
U0009262,0,1.5775846874492672
U0009263,1,3.497389772625292
U0009264,1,6.205742888258701
U0009265,1,3.763145951217936
U0009266,0,3.128305192650501
U0009267,0,5.8136358190756035
U0009268,1,1.7173763820878918
U0009269,0,2.790429063092043
U0009270,1,2.8096422966608756
U0009271,1,3.070738493267342
U0009272,0,2.4506776190420183
U0009273,0,1.4102880654551377
U0009274,0,2.5912441159831374
U0009275,1,3.1892588445064227
U0009276,0,3.1695206188104557
U0009277,1,3.6642597419127902
U0009278,1,2.2737273082099634
U0009279,0,2.392746421499865
U0009280,1,1.841482580588
U0009281,0,3.071832237353025
U0009282,0,4.895162148497803
U0009283,1,4.882030672026293
U0009284,1,4.397063196253262
U0009285,1,3.396442378551832
U0009286,0,0.643480308994441
U0009287,0,2.9913175962524896
U0009288,0,1.6967243397381573
U0009289,0,2.804212911290467
U0009290,1,-0.40513013670942044
U0009291,0,1.6952644855051187
U0009292,0,3.564515368855039
U0009293,0,2.545899742561172
U0009294,0,1.130570114691693
U0009295,1,-1.0253945108520544
U0009296,1,4.730881675606003
U0009297,1,0.21433463166321332
U0009298,0,3.4251605218890404
U0009299,0,4.365879759996989
U0009300,1,3.263593843400205
U0009301,0,3.402046424758682
U0009302,1,2.5469190089220373
U0009303,1,3.9857232117746335
U0009304,0,4.085398581956074
U0009305,1,-0.3626468683293318
U0009306,1,0.15279569833043993
U0009307,0,1.5256287195807907
U0009308,1,4.541629915972546
U0009309,0,0.8195842916412843
U0009310,1,1.0231792259765164
U0009311,0,1.2567942746471132
U0009312,1,-0.8859900085255461
U0009313,0,1.715553926076666
U0009314,1,2.8887039407290516
U0009315,0,3.1459531422871265
U0009316,1,1.8600421814835393
U0009317,1,2.5624046279715778
U0009318,0,2.05897771017921
U0009319,1,3.3725465416133673
U0009320,0,3.899177718045994
U0009321,0,2.3145438823360927
U0009322,0,2.8713656992334577
U0009323,0,3.350656892527656
U0009324,0,3.003610060184048
U0009325,0,0.17938382579285772
U0009326,1,3.168355823461223
U0009327,1,2.686482009348641
U0009328,1,2.668467920720854
U0009329,0,2.6042239228005695
U0009330,0,3.6930450283559377
U0009331,1,3.7540772847818182
U0009332,0,-5.694956010960304
U0009333,0,3.561107035492249
U0009334,0,-4.987948583197685
U0009335,1,2.3601790790771062
U0009336,1,3.4613082008078475
U0009337,0,3.8189893916941653
U0009338,1,5.053385151302157
U0009339,1,1.9991331009509423
U0009340,0,1.5811367764191857
U0009341,1,2.7492300605283955
U0009342,0,2.598081234184928
U0009343,0,2.2835714213224243
U0009344,0,1.9744425548512528
U0009345,0,3.0061445080172344
U0009346,1,0.48127528021260346
U0009347,1,1.9856734227804118
U0009348,1,2.2922117161739166
U0009349,1,1.996558255357911
U0009350,0,4.0028012506791395
U0009351,1,3.1946596427807776
U0009352,0,2.767342399041908
U0009353,0,5.640546399125334
U0009354,1,1.441234909474538
U0009355,0,2.229810655266398
U0009356,1,1.7022469627240628
U0009357,0,1.4563008272385414
U0009358,0,-0.11149564027161674
U0009359,0,3.549623185099378
U0009360,0,1.684709419139617
U0009361,0,1.5924536432365297
U0009362,0,2.3683683584136546
U0009363,0,2.71669025134765
U0009364,0,3.886069109389302
U0009365,1,2.3772640623885835
U0009366,1,1.5474833169481705
U0009367,0,3.0439196227505096
U0009368,0,3.7867392920886633
U0009369,1,3.555506244662567
U0009370,1,5.87580999097705
U0009371,0,2.067204758751892
U0009372,1,3.448168554657265
U0009373,0,2.484261883166095
U0009374,0,2.1356983800900764
U0009375,0,2.7035063624597733
U0009376,1,0.8540516714765793
U0009377,1,2.3118643350907995
U0009378,1,5.420419722102299
U0009379,0,3.414696503690454
U0009380,0,1.6735455055820587
U0009381,1,2.7438454062972557
U0009382,1,2.879089124747191
U0009383,1,0.420415870573569
U0009384,0,1.677830689689376
U0009385,1,3.816642270791572
U0009386,1,8.930095262728685
U0009387,0,4.941666241522453
U0009388,0,3.1985758756199765
U0009389,1,2.0829336476345937
U0009390,0,1.6371505478357022
U0009391,0,3.6781605613891974
U0009392,0,0.6456973467587446
U0009393,1,2.263409806832371
U0009394,0,5.957859354930179
U0009395,0,6.092299932852132
U0009396,1,2.326129534331855
U0009397,0,9.648462970243763
U0009398,0,1.75252988141437
U0009399,0,1.9799937757257808
U0009400,0,0.5330526578782973
U0009401,1,1.9694321933226995
U0009402,1,2.4681997798362563
U0009403,0,2.662449334263421
U0009404,1,4.729564958493878
U0009405,1,3.657080930946613
U0009406,0,2.662197849926418
U0009407,0,4.071064935497432
U0009408,1,2.1669852387689055
U0009409,1,4.45394939373093
U0009410,0,1.1850459525333648
U0009411,0,3.4757644427836105
U0009412,1,2.5557089772743176
U0009413,1,6.480558211418241
U0009414,0,3.0790525639077764
U0009415,0,-0.7529321310124182
U0009416,1,15.688775858647347
U0009417,0,2.8065093294337053
U0009418,0,3.8650196286072784
U0009419,1,1.4274461231665505
U0009420,1,1.9702920291733221
U0009421,0,0.29803198482802173
U0009422,0,1.1873625644377803
U0009423,1,2.591620790065784
U0009424,0,-0.7032000966771079
U0009425,1,4.8774934137581845
U0009426,1,2.418041492102745
U0009427,1,0.6678170034043127
U0009428,0,3.1802590139684064
U0009429,0,3.752840740120387
U0009430,0,3.0920844252694923
U0009431,0,3.09897866366531
U0009432,0,-2.62276580565341
U0009433,0,2.6349929156721608
U0009434,0,3.287733113002428
U0009435,0,0.37578705993105466
U0009436,1,3.7494875803324668
U0009437,0,4.5985922039399245
U0009438,0,3.367139669130056
U0009439,1,1.9848819322237325
U0009440,0,3.6531586272897556
U0009441,0,2.2092814396557614
U0009442,1,5.513896340980928
U0009443,0,2.4663210574437606
U0009444,0,3.507167190877979
U0009445,1,2.242647040749125
U0009446,0,1.5311958361016593
U0009447,1,3.353208336638911
U0009448,1,2.6375880717665066
U0009449,1,4.870972174649442
U0009450,0,4.564981094278332
U0009451,0,4.372652753239109
U0009452,0,1.4211501192980798
U0009453,0,4.266543354004579
U0009454,0,2.2353227947984866
U0009455,0,1.3075285742522986
U0009456,1,4.385052800434153
U0009457,1,4.554983951266987
U0009458,0,1.9061658420439844
U0009459,1,2.1924092116938496
U0009460,0,1.6918357879333925
U0009461,1,1.4592012031810828
U0009462,0,2.5370450636304334
U0009463,1,3.6953088348825247
U0009464,1,4.571117345208149
U0009465,1,3.514091482075237
U0009466,1,-0.9726104793125323
U0009467,1,2.6726690382968705
U0009468,1,2.268926360531271
U0009469,0,2.5320444322501725
U0009470,1,4.073448921248215
U0009471,0,2.758071495126675
U0009472,0,-0.7080872207915423
U0009473,1,3.718933641791967
U0009474,0,1.24412751638409
U0009475,0,3.2937827452103257
U0009476,1,1.7215693850914278
U0009477,0,3.1563153878509027
U0009478,0,2.1341251759885864
U0009479,1,-0.2986843623884283
U0009480,0,1.7666784488410308
U0009481,1,5.466081789213256
U0009482,1,1.517959031361931
U0009483,1,3.2430053510952614
U0009484,1,6.341317107452529
U0009485,0,7.092188803224964
U0009486,0,2.7720816259937067
U0009487,1,-1.9983325066333464
U0009488,0,2.1546636138591033
U0009489,0,4.248110259820667
U0009490,0,4.996393393888134
U0009491,1,3.292600306943733
U0009492,1,0.8526837513549506
U0009493,1,2.3754290364919015
U0009494,1,2.0700966306908803
U0009495,1,-1.3700043976195868
U0009496,1,-0.9365764228589626
U0009497,0,2.9121843652457766
U0009498,0,4.082509532204337
U0009499,0,1.5852061847016579
U0009500,0,1.772480535102698
U0009501,0,3.2603554401468653
U0009502,1,0.922277742687541
U0009503,1,2.809858635536825
U0009504,1,5.043751987580375
U0009505,1,1.159532053995875
U0009506,1,1.5880980046772635
U0009507,1,3.682977223843464
U0009508,0,0.9128472414666859
U0009509,0,3.994369940111447
U0009510,0,2.687677082043489
U0009511,0,-1.3638144534955785
U0009512,0,4.087114302193708
U0009513,1,1.6667130170219089
U0009514,0,2.404850653033005
U0009515,1,1.2631992119568167
U0009516,0,4.49170559648072
U0009517,0,4.894162796125144
U0009518,0,0.390880788506518
U0009519,0,1.8636662222250706
U0009520,1,2.166287587477626
U0009521,1,3.4469081281272835
U0009522,1,0.4384712075967201
U0009523,1,1.2639666441981845
U0009524,1,3.9541542412268527
U0009525,0,2.4609816156688247
U0009526,1,1.7377020444238482
U0009527,0,4.865878386479187
U0009528,1,4.5120700895132835
U0009529,1,-1.9744804876385729
U0009530,1,2.4777218822575406
U0009531,0,0.8286439734664661
U0009532,0,1.4622343107846447
U0009533,1,4.069757283589876
U0009534,1,2.5689417167026
U0009535,1,1.2112052543246978
U0009536,0,1.4420244384802317
U0009537,0,0.5628047148665267
U0009538,1,4.667527897615344
U0009539,1,3.1023845800946788
U0009540,1,1.8149063807892887
U0009541,0,5.002750890420941
U0009542,1,2.1319441433401494
U0009543,1,2.6390547943170333
U0009544,0,2.4981783307775984
U0009545,1,3.8971800521233675
U0009546,1,2.7534040357235092
U0009547,0,3.6589770069386525
U0009548,0,2.708377143242931
U0009549,1,-0.4672179466285513
U0009550,1,2.4881967611121674
U0009551,0,2.148469568350176
U0009552,0,0.011629371844801284
U0009553,0,0.5473773433900053
U0009554,1,-6.376831223601181
U0009555,1,1.6642829578953986
U0009556,0,3.424751201616262
U0009557,1,0.48552182908216324
U0009558,0,3.739915146305677
U0009559,1,-0.9794390958039312
U0009560,1,1.36961707415292
U0009561,1,2.4144721745123903
U0009562,0,3.7077074679511597
U0009563,1,1.886474811563712
U0009564,1,0.23180793204944194
U0009565,1,1.6500348653798937
U0009566,1,1.7381541062737291
U0009567,0,3.9592991051936295
U0009568,1,2.8287823443504507
U0009569,0,4.153248917641683
U0009570,0,-1.586958012821789
U0009571,0,2.1502927524243107
U0009572,0,5.658040270776482
U0009573,1,3.0675183639666805
U0009574,1,2.880717237398091
U0009575,1,2.282089738894019
U0009576,0,1.9746125715876275
U0009577,1,2.4814202074935157
U0009578,1,1.1935755733133426
U0009579,0,2.2533231729172876
U0009580,1,2.275400600827883
U0009581,0,3.339286265813314
U0009582,0,2.711436928012846
U0009583,1,1.4610719952128193
U0009584,1,3.8491625509749134
U0009585,0,3.194015457344829
U0009586,1,3.4469992171026433
U0009587,0,2.0956951409337776
U0009588,1,3.394610076670041
U0009589,0,3.2970504257908573
U0009590,1,3.5903616157095435
U0009591,0,-0.3544972879378321
U0009592,1,1.2767139063399249
U0009593,1,2.3266318086369324
U0009594,0,3.5809570687472103
U0009595,0,2.964913351985235
U0009596,0,3.3382299744137
U0009597,1,-1.1505196812734564
U0009598,1,2.399736098447523
U0009599,0,3.6233275411519337
U0009600,1,3.564539441398807
U0009601,0,1.7037875613424287
U0009602,0,5.702951354289841
U0009603,0,2.2890699652558304
U0009604,1,2.338514261308351
U0009605,0,-1.4486285860428048
U0009606,0,2.333918301496496
U0009607,0,3.0651373804081388
U0009608,0,2.3489394917382356
U0009609,1,2.1409562237662954
U0009610,0,2.781169672984486
U0009611,0,4.430190239513053
U0009612,1,4.685180017896771
U0009613,0,-1.6932854591986342
U0009614,0,3.2487189006863417
U0009615,0,4.340812914316643
U0009616,0,3.180428212529204
U0009617,1,2.622062669067578
U0009618,0,0.4679192520028863
U0009619,1,2.5958398381560848
U0009620,1,4.793793027385458
U0009621,0,1.3591674795147064
U0009622,0,1.56247183728847
U0009623,1,2.7514783508809373
U0009624,1,2.015807210467596
U0009625,0,1.3194688872080675
U0009626,1,3.2598313238754084
U0009627,0,0.6437356235726028
U0009628,0,4.00605614222663
U0009629,1,1.9123118305699887
U0009630,1,3.091153799337196
U0009631,1,3.9793992971460064
U0009632,0,5.725901455396048
U0009633,1,4.048821435696194
U0009634,1,0.9333624302120924
U0009635,1,2.903641156925435
U0009636,0,4.7259749913666305
U0009637,1,3.2786809111669974
U0009638,1,1.0418820086042082
U0009639,1,1.6336125261065533
U0009640,1,2.8442119470626004
U0009641,1,3.929623719851172
U0009642,0,2.7811111270664117
U0009643,1,7.675670581724333
U0009644,0,-0.7847058704006109
U0009645,0,3.8234571605874628
U0009646,0,4.1368779268249
U0009647,0,2.8354334369638643
U0009648,1,0.5728096746130511
U0009649,0,0.36309323326644716
U0009650,1,1.7473818412903022
U0009651,0,3.7671673644543713
U0009652,1,8.049358655551863
U0009653,0,3.5037423146007765
U0009654,0,-1.507803722408184
U0009655,1,1.4399021982748437
U0009656,1,5.1317789728826675
U0009657,1,1.248441293066346
U0009658,0,2.391931935953032
U0009659,0,1.156475938822787
U0009660,0,1.1202519816139116
U0009661,0,2.0841180344162034
U0009662,1,4.627982010427139
U0009663,1,0.8579215269878802
U0009664,1,5.251767954472484
U0009665,0,1.2810979729158696
U0009666,0,4.220936100975468
U0009667,1,-0.9220352065628852
U0009668,0,2.0839844407472903
U0009669,1,1.6391100747577116
U0009670,1,3.2571083301535904
U0009671,0,1.4495574371881297
U0009672,1,-0.5889886241727655
U0009673,0,1.510270046822706
U0009674,1,2.924862521688489
U0009675,1,3.678669644890313
U0009676,0,2.200866994983585
U0009677,0,-10.986434611003185
U0009678,0,3.4769679441311006
U0009679,0,1.2043443444011075
U0009680,0,2.7411600748113347
U0009681,1,2.5479625436114155
U0009682,0,2.345895283538372
U0009683,1,2.2164254386927134
U0009684,1,2.386998794377835
U0009685,1,1.6770361626466297
U0009686,1,1.22765638652168
U0009687,1,3.7229059299931464
U0009688,1,1.0891624731799432
U0009689,0,3.9509623177806823
U0009690,0,3.214561381911766
U0009691,0,3.6597822407001352
U0009692,0,4.4696817145988454
U0009693,0,3.025636312624931
U0009694,1,2.3494852248429083
U0009695,0,3.3774847507441415
U0009696,1,1.8885918338800582
U0009697,0,2.203439840644961
U0009698,1,6.208035576583956
U0009699,1,0.4021603711216297
U0009700,0,11.591494028532415
U0009701,1,2.118854935596591
U0009702,1,1.3782822153894294
U0009703,0,-2.6175747671695078
U0009704,0,5.821932998139882
U0009705,0,3.565743113298671
U0009706,1,3.1852638624358907
U0009707,0,4.765871815943228
U0009708,1,3.6556598084481955
U0009709,1,5.373084500249213
U0009710,1,0.3235106226718454
U0009711,0,0.8500374235978274
U0009712,0,3.493075749974224
U0009713,1,3.0116787905053926
U0009714,1,2.453528481226501
U0009715,1,1.855909850683954
U0009716,1,1.9438825615501507
U0009717,1,2.9878507639933396
U0009718,1,3.2531062538607287
U0009719,1,3.680665541677005
U0009720,0,3.403687912603168
U0009721,1,3.613411538070501
U0009722,0,5.397126074306414
U0009723,0,5.13011640697459
U0009724,1,1.66238791537668
U0009725,1,0.8571388597594662
U0009726,1,3.365782501348175
U0009727,1,-0.5508640514670855
U0009728,0,2.4563209524778884
U0009729,1,1.2232476101270642
U0009730,1,3.5475055644443216
U0009731,1,1.6001931837297967
U0009732,1,-1.2037159839442815
U0009733,0,0.3459082486196685
U0009734,0,0.9125168472390719
U0009735,0,2.9924498790989613
U0009736,0,6.401000545336192
U0009737,0,3.411090072430465
U0009738,0,6.362863363591579
U0009739,1,3.276053546182034
U0009740,1,2.6096065884024355
U0009741,0,0.9795049814196979
U0009742,1,5.123050858984742
U0009743,0,4.515973848107391
U0009744,0,3.779309357783049
U0009745,1,3.1537957547356505
U0009746,1,2.346825079245221
U0009747,0,3.1801353935905112
U0009748,1,2.882962593008866
U0009749,1,2.8493146251981045
U0009750,1,1.882867219225849
U0009751,0,1.4467702591903375
U0009752,1,3.248474141898175
U0009753,0,0.09824164064725238
U0009754,0,3.844699714726268
U0009755,1,-2.0755386651538785
U0009756,1,1.7310104545759657
U0009757,0,2.028721467503509
U0009758,0,4.242186677721243
U0009759,1,2.920870362962871
U0009760,1,2.760093989979918
U0009761,1,2.4156227943335153
U0009762,1,4.3584253639003805
U0009763,1,3.4656900006156555
U0009764,0,3.461823594254451
U0009765,0,1.8877925180647388
U0009766,0,3.2189962339577605
U0009767,0,2.2575388157253276
U0009768,1,-1.449119066953024
U0009769,0,1.7355512099590946
U0009770,1,2.9785768519139193
U0009771,0,3.5690699457733537
U0009772,0,0.014860697585465488
U0009773,1,5.723037720184156
U0009774,0,5.449824420828115
U0009775,1,0.3837121937841417
U0009776,1,3.9121404513960805
U0009777,0,4.5591869098519044
U0009778,1,4.829457456854119
U0009779,0,0.9028004955380631
U0009780,1,3.0026525987979067
U0009781,0,1.2248264890591578
U0009782,0,3.982118030881896
U0009783,1,2.96169653391685
U0009784,1,2.1859428334589364
U0009785,1,4.981539321263654
U0009786,0,1.2357515137798813
U0009787,0,4.365953212220669
U0009788,0,5.083801370301195
U0009789,1,2.473290992888643
U0009790,0,0.6950477724740196
U0009791,0,1.995605376343315
U0009792,1,3.89476490205832
U0009793,1,1.8389033398112602
U0009794,0,2.9190482852110193
U0009795,1,3.092153592395828
U0009796,0,1.1320894647869295
U0009797,0,2.308468686457825
U0009798,0,2.71748183496517
U0009799,1,0.7602402940947393
U0009800,0,0.8660734802273886
U0009801,0,4.96858189455496
U0009802,0,2.841613234974119
U0009803,1,2.576355624959877
U0009804,1,1.4101586593870152
U0009805,1,3.170498128066825
U0009806,0,1.6691702077757995
U0009807,0,5.502825357243433
U0009808,1,3.474244701120327
U0009809,0,1.4364085204578885
U0009810,1,2.374254696794045
U0009811,1,3.615286073969168
U0009812,1,2.906161012822899
U0009813,0,-0.2492956916298894
U0009814,0,3.045139886090112
U0009815,0,1.2419615740280356
U0009816,1,4.077497992071148
U0009817,1,3.2436602078346866
U0009818,1,1.9560511878620943
U0009819,0,2.2039665410667
U0009820,1,4.296246508345053
U0009821,0,1.5129667309003558
U0009822,0,3.5374504961410906
U0009823,1,-2.861776269798291
U0009824,0,3.0524906731410724
U0009825,0,6.824423530925099
U0009826,0,2.1485685613457832
U0009827,0,5.255769003857797
U0009828,0,2.7367492471462516
U0009829,1,1.2167476873419645
U0009830,0,-0.7960118627182382
U0009831,0,2.3112293939900077
U0009832,0,2.716365221169255
U0009833,0,4.86009777041115
U0009834,0,3.4681348552419635
U0009835,1,4.384019917580563
U0009836,1,2.791230961610946
U0009837,0,2.3380932943440254
U0009838,1,1.3904399123215256
U0009839,1,9.271770841876066
U0009840,1,0.6606022417293946
U0009841,0,2.2380359310277047
U0009842,1,0.5376976059364722
U0009843,1,5.743958864781254
U0009844,0,7.246580373749822
U0009845,1,1.5971642775539472
U0009846,1,2.191602334898974
U0009847,0,2.087958806779522
U0009848,0,3.590341348143845
U0009849,1,3.1049927780083433
U0009850,0,3.5350165238399853
U0009851,1,6.560403005995813
U0009852,0,3.5893876282868113
U0009853,0,3.1773751122808633
U0009854,0,3.2402343497993336
U0009855,0,4.20788907961801
U0009856,0,1.3008741943680633
U0009857,0,0.30126578351956823
U0009858,0,1.6659435777069298
U0009859,0,2.5155345420316912
U0009860,1,2.042917519802316
U0009861,1,4.834708255412977
U0009862,1,4.223241942040209
U0009863,0,1.2740629543511837
U0009864,1,3.279858329642888
U0009865,0,2.704000751659372
U0009866,1,4.8357852570856465
U0009867,0,2.5636176824473687
U0009868,0,2.8882964704359173
U0009869,1,2.191382467243944
U0009870,1,3.6927284456681733
U0009871,0,4.24772129401196
U0009872,1,3.876257558558775
U0009873,0,0.06914104233225515
U0009874,0,4.219015734645943
U0009875,0,1.149332688270782
U0009876,0,2.542340811384806
U0009877,1,4.710138555963056
U0009878,1,2.866492140128397
U0009879,0,3.4780942835645945
U0009880,0,3.7710449871848013
U0009881,1,4.199567950354519
U0009882,0,1.296483363793186
U0009883,1,2.174692063097247
U0009884,0,1.7422600609752301
U0009885,0,2.311779938528556
U0009886,1,1.6098064131354555
U0009887,1,5.558125612107906
U0009888,0,3.973634085497782
U0009889,0,6.92787027802558
U0009890,0,3.4417337146693523
U0009891,1,4.93798483364445
U0009892,1,5.266313170096895
U0009893,1,-3.5840866545682672
U0009894,1,1.780505642633198
U0009895,1,3.074080510633241
U0009896,0,3.181792611088717
U0009897,1,6.1374984822322105
U0009898,1,4.2711814002804385
U0009899,0,2.346704092738186
U0009900,0,2.241760176479186
U0009901,0,1.37125477371994
U0009902,1,2.880006427750967
U0009903,1,3.115430360022211
U0009904,0,2.552114965559543
U0009905,1,1.3264589483009175
U0009906,1,3.1703481009531487
U0009907,1,3.512847182812422
U0009908,1,3.753428216260872
U0009909,0,3.4091816848411316
U0009910,0,2.95130249576156
U0009911,1,3.4346674487235767
U0009912,1,2.109744142729184
U0009913,1,3.016413768701904
U0009914,0,4.15812838887415
U0009915,0,4.650430037444917
U0009916,1,3.8966400163132704
U0009917,1,2.631036640361117
U0009918,0,4.584018483734539
U0009919,0,2.181968756514017
U0009920,1,3.920339762709938
U0009921,1,2.458653963376012
U0009922,1,4.001816087261741
U0009923,0,4.647649684085049
U0009924,0,1.2579023864647176
U0009925,1,3.937030245258308
U0009926,0,1.6096541791630337
U0009927,0,2.6447987489754006
U0009928,1,2.315129397765457
U0009929,1,3.643378830563245
U0009930,1,2.7890753619801707
U0009931,1,2.96008562721485
U0009932,1,-0.6318229217560258
U0009933,0,3.8451107406395124
U0009934,1,-0.11680093178545192
U0009935,1,5.262742907438266
U0009936,0,-1.1643554176328799
U0009937,1,1.2901210341987586
U0009938,1,2.7730317963439006
U0009939,1,2.8808714935223882
U0009940,1,2.6660383668759344
U0009941,1,4.1408094639554776
U0009942,0,3.5880550586186395
U0009943,0,2.3461238439652607
U0009944,1,1.1703455074723976
U0009945,1,4.062155695341836
U0009946,0,0.9984707796969552
U0009947,0,0.8363422158697631
U0009948,1,1.3012821775190577
U0009949,0,5.645594783333994
U0009950,1,3.7819731703615584
U0009951,1,3.5283928780808047
U0009952,0,-0.1531727492420032
U0009953,1,1.8165229976477484
U0009954,0,2.3290998021563
U0009955,1,6.455771227525748
U0009956,1,2.5639393299149056
U0009957,1,3.1507116502844568
U0009958,0,2.075158750314234
U0009959,1,-0.0932639742392638
U0009960,0,1.9493697685085607
U0009961,0,1.9211544077754787
U0009962,1,3.3162704950463002
U0009963,1,1.4169393895834226
U0009964,0,0.6093793937443799
U0009965,1,4.581097449652114
U0009966,0,2.5367066229269053
U0009967,0,3.243137447973332
U0009968,0,5.949605294639074
U0009969,0,-0.4606795312503458
U0009970,0,3.775779520929504
U0009971,1,-0.013671631263090234
U0009972,1,2.601151326668713
U0009973,0,0.879617604067672
U0009974,1,-0.23338900366900717
U0009975,1,3.9226836412483426
U0009976,1,2.7300814729775524
U0009977,1,1.4124866374612033
U0009978,1,0.13450179426930475
U0009979,1,3.5159855579897155
U0009980,1,2.8172238897481847
U0009981,1,5.253690923113433
U0009982,0,2.2229283793946557
U0009983,1,5.0434383140723416
U0009984,1,5.963507424095106
U0009985,0,3.5422854113222577
U0009986,1,2.9850041434995003
U0009987,0,3.860981835152078
U0009988,1,1.1052445230145977
U0009989,0,-0.15446719288939548
U0009990,0,3.0949008216449485
U0009991,1,3.6015105698394976
U0009992,0,4.84616441946908
U0009993,1,3.8252222629903905
U0009994,0,1.4978746346044716
U0009995,0,2.076649669231424
U0009996,1,2.9317442120409094
U0009997,1,1.9637760918607832
U0009998,0,2.248855329481131
U0009999,0,3.347034812192909
U0010000,0,3.7281879522599866
U0010001,1,4.037226305851448
U0010002,0,-1.1192937232260896
U0010003,1,-0.2746067270072352
U0010004,0,3.0744870614293873
U0010005,1,3.4172727509957586
U0010006,1,2.561238631190623
U0010007,0,2.630861734941087
U0010008,1,4.553872191929891
U0010009,0,2.960124923558414
U0010010,0,2.554866193806731
U0010011,1,2.3728574928130257
U0010012,1,4.462320031385747
U0010013,1,5.425914118405775
U0010014,0,0.1855108043201028
U0010015,1,4.3946272426143995
U0010016,0,3.379083701545639
U0010017,0,-1.7139333887811574
U0010018,1,-0.47033476807253827
U0010019,0,5.7740818518343
U0010020,0,2.3302345047182715
U0010021,0,1.7464063464163573
U0010022,0,1.7985094259959844
U0010023,1,2.715608218120277
U0010024,1,1.0664168114361416
U0010025,0,2.805003061535732
U0010026,1,1.1622274644978958
U0010027,0,2.3515972072341675
U0010028,1,2.205924840994779
U0010029,0,9.78277826757881
U0010030,1,0.46948861225852667
U0010031,0,1.4380666391560588
U0010032,1,1.199049950223614
U0010033,1,2.9195759582268828
U0010034,0,2.861097883653457
U0010035,1,4.3677314767995306
U0010036,0,2.527446821910395
U0010037,0,4.199379048904289
U0010038,1,3.5446931642500132
U0010039,0,2.2931044286057194
U0010040,0,2.622144070645639
U0010041,1,4.292445719711337
U0010042,1,5.047286670261718
U0010043,0,3.1911679436019256
U0010044,1,-0.4282229522849832
U0010045,1,2.171889130345374
U0010046,1,2.7108305344200865
U0010047,0,2.943431103368221
U0010048,1,5.393604059076861
U0010049,0,2.560888628219267
U0010050,1,5.300081797234469
U0010051,1,0.9651219211218383
U0010052,0,3.1245342162483496
U0010053,1,7.095422733869611
U0010054,0,-1.1926620278896785
U0010055,1,1.120253566967822
U0010056,1,0.8961869183255153
U0010057,0,-2.6765046622912667
U0010058,0,3.7452460692218406
U0010059,0,3.7255339850886493
U0010060,0,0.8884865046006514
U0010061,0,2.51613288622484
U0010062,1,1.7676748586991913
U0010063,0,1.7675048933151505
U0010064,0,3.8868567503705655
U0010065,0,3.320522265341925
U0010066,0,3.60084673331016
U0010067,0,0.9473475092154828
U0010068,0,1.8498995238720681
U0010069,1,3.2150127457972335
U0010070,1,2.3853622206846854
U0010071,0,5.101999837718825
U0010072,0,2.4875236731357298
U0010073,1,0.8993728925225959
U0010074,0,3.3149672187075137
U0010075,0,1.5994446316525597
U0010076,1,2.64174990370352
U0010077,0,2.515419915156045
U0010078,1,1.9132216583488777
U0010079,0,1.4339601376626305
U0010080,0,2.3435796246818015
U0010081,1,2.8467225037754513
U0010082,1,2.4762592472356424
U0010083,1,2.110231981909486
U0010084,1,5.2964926702494814
U0010085,1,6.758528985271056
U0010086,1,2.7281657617847372
U0010087,1,2.387334109178978
U0010088,1,5.049166719380839
U0010089,1,5.517948770777325
U0010090,0,-1.962205902890851
U0010091,1,3.2222469168847834
U0010092,1,4.079750380727038
U0010093,1,-0.09971840049259129
U0010094,1,3.3995866365646386
U0010095,1,0.70372263062551
U0010096,0,0.9003499561136472
U0010097,1,4.385703632794581
U0010098,0,3.1053337841970574
U0010099,1,3.226410239323801
U0010100,1,3.435089863310168
U0010101,1,3.410439753417492
U0010102,0,2.7518264984383976
U0010103,1,2.8740355384734144
U0010104,1,1.722738906705601
U0010105,1,2.1911709617745636
U0010106,0,3.234872353383018
U0010107,0,2.580431310121103
U0010108,1,1.3697822864326596
U0010109,0,4.915668330249375
U0010110,0,2.8181326778800244
U0010111,1,1.8769047552863114
U0010112,1,3.7223715643765125
U0010113,0,4.870013586055064
U0010114,0,5.396978523061103
U0010115,1,3.4954662471300004
U0010116,0,2.8029531658602362
U0010117,0,2.36587099514103
U0010118,0,6.649403121797963
U0010119,1,2.108637404307629
U0010120,0,2.1303639181512395
U0010121,1,3.0772538106939393
U0010122,0,4.748668501791222
U0010123,0,3.4302892050210403
U0010124,0,0.017957613499703484
U0010125,1,2.3218332618933264
U0010126,0,2.004519461217912
U0010127,1,3.5952006045991496
U0010128,0,1.8037187174176985
U0010129,0,3.6396272535346057
U0010130,1,2.418756823127577
U0010131,1,1.6504999214095921
U0010132,1,4.748309301625497
U0010133,1,0.4687714631708495
U0010134,1,1.8076419292717674
U0010135,0,2.1869294117231313
U0010136,1,3.9905963320361586
U0010137,0,0.8719772576444598
U0010138,0,2.5742164875978606
U0010139,0,1.2669790499148696
U0010140,1,3.6729255487580765
U0010141,1,4.112201548898376
U0010142,0,3.503286577796242
U0010143,0,2.9734190903002435
U0010144,0,1.8812931415305023
U0010145,1,0.3912504595815669
U0010146,1,6.291051271764978
U0010147,1,3.414873225167245
U0010148,0,2.161903399844803
U0010149,0,3.6222029994533056
U0010150,0,3.7251239092280635
U0010151,0,2.3670644584174942
U0010152,1,2.172909642633755
U0010153,0,2.2259942560374206
U0010154,0,4.021368442826557
U0010155,0,2.4369204919636918
U0010156,0,1.679369965073505
U0010157,1,4.3258599660420565
U0010158,1,2.804803320593752
U0010159,0,5.932092418344524
U0010160,1,3.6172378453326353
U0010161,0,1.727713650175474
U0010162,1,4.388862685761243
U0010163,1,-0.5204736196827184
U0010164,0,3.5527046198632277
U0010165,1,3.2889881315420197
U0010166,1,2.414057203140171
U0010167,1,1.673235917733166
U0010168,0,14.663020917161926
U0010169,0,3.7227599248871286
U0010170,1,3.319979120789558
U0010171,0,0.6756003425915225
U0010172,0,4.260378263812665
U0010173,0,3.4893126955513765
U0010174,1,4.744592821353695
U0010175,1,4.259793109537721
U0010176,1,3.5583750822522404
U0010177,1,4.679212794280605
U0010178,0,2.3068408781122525
U0010179,0,2.2141581744923613
U0010180,1,5.761304986083548
U0010181,1,1.074745639716916
U0010182,0,3.432926484803655
U0010183,1,0.4296475853667676
U0010184,0,-0.13695685801195623
U0010185,0,3.2787864528929873
U0010186,1,2.8422519469206406
U0010187,0,3.353151326380324
U0010188,1,-0.11859518229766408
U0010189,1,5.6231380648524905
U0010190,1,2.980540851203017
U0010191,1,-1.2829997867187686
U0010192,0,2.9116802412229763
U0010193,1,3.7438213523603174
U0010194,1,1.471653391066365
U0010195,0,4.170329318289568
U0010196,1,2.4142472250281237
U0010197,1,3.264178483544816
U0010198,0,3.3997215717114884
U0010199,0,4.526000059606655
U0010200,1,4.497067979865022
U0010201,1,4.89637052484262
U0010202,1,5.227118670394788
U0010203,1,1.9715747494004674
U0010204,1,1.3305121581828416
U0010205,1,1.3807973076059952
U0010206,1,1.241121787525703
U0010207,1,3.99337338547026
U0010208,1,4.208834771309519
U0010209,1,2.4928827377925487
U0010210,1,0.6612014853431063
U0010211,0,2.2348753120007014
U0010212,1,3.3230689684590224
U0010213,0,3.014198356588894
U0010214,0,3.8900594476077313
U0010215,1,4.455156865060477
U0010216,1,-0.16239426474241014
U0010217,0,3.9197921182149464
U0010218,1,2.7560449418474526
U0010219,1,5.516336501180952
U0010220,0,-0.7806635975386946
U0010221,0,5.4583888440898605
U0010222,1,1.324325569891844
U0010223,1,9.47029920458968
U0010224,1,1.004010997609619
U0010225,0,2.9060482615336554
U0010226,1,-0.6712551025033946
U0010227,0,4.6333669950548995
U0010228,0,3.7622375845057725
U0010229,0,1.6936185305361562
U0010230,0,1.4441728960036322
U0010231,0,2.7219746382515666
U0010232,1,1.8292571287207906
U0010233,1,2.5221871329731087
U0010234,0,0.11643901708699289
U0010235,1,6.982121787791403
U0010236,1,3.8103335938401095
U0010237,0,5.427564458537379
U0010238,1,3.81428651293953
U0010239,0,3.5908965541579594
U0010240,0,1.4920522011904147
U0010241,0,2.321894225227604
U0010242,0,0.089649719977686
U0010243,0,4.946846246010729
U0010244,1,3.7381075779939437
U0010245,1,1.859987079618353
U0010246,1,2.0744963551683675
U0010247,1,6.2713843077584634
U0010248,0,2.061457226762389
U0010249,1,-4.538733360405022
U0010250,0,3.950443227920065
U0010251,0,-0.552174836051563
U0010252,0,2.471733484224913
U0010253,1,2.8806753811672543
U0010254,0,6.084799161485893
U0010255,0,1.8312840536486767
U0010256,1,0.3805967053077062
U0010257,0,4.178610130682035
U0010258,1,2.787953122509041
U0010259,0,3.982939002765235
U0010260,1,8.14829000086701
U0010261,1,1.655833262762613
U0010262,0,4.276725705716235
U0010263,0,4.587142036625995
U0010264,0,1.6844247543633166
U0010265,0,2.666449660865263
U0010266,0,4.200418986066296
U0010267,0,4.418034469062409
U0010268,0,-1.4059863433011017
U0010269,0,2.1909275719997723
U0010270,0,3.2329769807243682
U0010271,1,7.591396238884828
U0010272,1,3.234846021374757
U0010273,1,6.883429119990646
U0010274,1,4.191911769765689
U0010275,0,1.7563862243166533
U0010276,1,2.4783357513250976
U0010277,0,-0.05016623209005644
U0010278,0,2.5376662501163736
U0010279,1,4.386615384425241
U0010280,0,2.3746741069966504
U0010281,0,5.6129536312297645
U0010282,1,2.6705781254960534
U0010283,1,3.39142190081089
U0010284,0,3.064585187869877
U0010285,1,4.428783677585136
U0010286,0,2.160859184357186
U0010287,1,4.668241268738864
U0010288,1,2.2130541210055057
U0010289,0,3.4925888774043976
U0010290,0,1.227897731485701
U0010291,1,4.709984702825729
U0010292,1,3.1743413103201306
U0010293,0,1.1860814051942015
U0010294,0,4.815129173213368
U0010295,1,3.9440200485039547
U0010296,1,0.9866677136062414
U0010297,1,4.17717503949412
U0010298,0,1.4727590895351987
U0010299,0,2.29113791287309
U0010300,1,2.732013157883566
U0010301,0,1.38853223929733
U0010302,1,3.769812948356023
U0010303,1,2.7316913639064495
U0010304,1,4.365156355798838
U0010305,0,0.5354556610075285
U0010306,0,3.1523525216696253
U0010307,0,3.6904609487556854
U0010308,0,3.758542277645967
U0010309,1,4.308894010556404
U0010310,0,2.766596753167125
U0010311,1,2.3687951842382517
U0010312,1,2.532020827172248
U0010313,0,1.3653270032428146
U0010314,1,3.041704631868754
U0010315,0,3.3801509205876314
U0010316,0,1.4555385453314926
U0010317,0,-0.7021818006575273
U0010318,0,5.4232635543265655
U0010319,0,6.397723632577577
U0010320,0,1.2236466987532673
U0010321,0,2.5566338541119507
U0010322,0,6.300607288493623
U0010323,1,1.7529085533550006
U0010324,0,3.2580899542878363
U0010325,0,4.118519096450557
U0010326,0,2.593381285939973
U0010327,0,2.7128512916373992
U0010328,1,2.368847988421244
U0010329,1,2.1830226675339617
U0010330,1,2.5061368529362333
U0010331,1,2.7305701404739615
U0010332,0,2.151410818215634
U0010333,0,2.5443394515402957
U0010334,0,2.017581853018431
U0010335,0,2.538929511980733
U0010336,1,1.0496008985001097
U0010337,0,2.2435442382786235
U0010338,1,4.9738873323896495
U0010339,1,2.720989661200967
U0010340,0,3.897112332502658
U0010341,0,1.4704048853865874
U0010342,0,3.039948544132976
U0010343,1,0.9148356028146178
U0010344,0,3.7077859425331248
U0010345,1,3.8333171793299243
U0010346,1,4.046355241308699
U0010347,0,2.8049135643195786
U0010348,0,4.247998697648772
U0010349,1,0.024533190061307053
U0010350,1,2.3419698983268287
U0010351,0,3.5166319947902345
U0010352,0,2.241889231542011
U0010353,0,4.204403522317886
U0010354,1,2.96104524031648
U0010355,1,3.451287756333098
U0010356,0,2.7043385027630826
U0010357,1,1.773027706812206
U0010358,0,2.045495879453018
U0010359,1,2.466954560822723
U0010360,0,2.0590555845786547
U0010361,0,2.5789106364214245
U0010362,0,2.5184907270573245
U0010363,0,-1.9616702863809987
U0010364,1,3.211740581198864
U0010365,1,5.450085403812718
U0010366,1,1.1539598074438793
U0010367,0,2.94460330240614
U0010368,1,-0.07651333086291423
U0010369,0,5.799264350825066
U0010370,0,2.0411970962074975
U0010371,1,2.8217601340755145
U0010372,1,4.185994869845928
U0010373,0,3.9953163176725006
U0010374,1,0.7483891040490249
U0010375,1,2.7512125350362666
U0010376,0,6.190141467474099
U0010377,1,4.259564092538426
U0010378,1,0.5534655937423523
U0010379,1,0.9283240918312927
U0010380,1,1.9203268094588406
U0010381,1,3.3011071084896866
U0010382,0,0.5976722272567159
U0010383,0,2.089594380729949
U0010384,0,3.5465295570202713
U0010385,1,-0.8048182002772108
U0010386,1,2.330801655108985
U0010387,1,2.133639399899419
U0010388,0,1.0159430130454048
U0010389,1,3.5389781761433845
U0010390,1,2.8595338526430094
U0010391,1,4.291490154345739
U0010392,1,2.23688052036772
U0010393,1,1.227756300144712
U0010394,1,3.9102548547487626
U0010395,1,2.857444857499253
U0010396,0,2.464263651280014
U0010397,0,2.789881562769672
U0010398,1,2.9462979845503483
U0010399,0,2.5114573785901673
U0010400,0,3.49372654400333
U0010401,0,3.060710853979362
U0010402,0,3.5467195102676854
U0010403,1,5.456825573563449
U0010404,1,2.619806476982104
U0010405,1,1.9889073818192315
U0010406,1,2.929893732807056
U0010407,1,3.7720131871034006
U0010408,0,1.9645364736276747
U0010409,0,2.85024181210121
U0010410,0,4.799417650566461
U0010411,1,3.900062110708795
U0010412,1,2.884694474189189
U0010413,1,1.3545042988712446
U0010414,0,3.4325549176331993
U0010415,1,3.9163899327762426
U0010416,0,1.8855907128662608
U0010417,1,4.899227586496005
U0010418,0,0.3471376706853313
U0010419,1,4.76828715398856
U0010420,1,3.082399709957091
U0010421,0,3.1852771067470194
U0010422,0,4.506903254218088
U0010423,0,2.3651018164369653
U0010424,0,3.2972413956745683
U0010425,0,-0.29416116554756044
U0010426,1,1.888694586308322
U0010427,1,3.9777857159469754
U0010428,1,2.0291066786228242
U0010429,0,2.209896896809102
U0010430,0,2.699561725093208
U0010431,0,2.5804393823980796
U0010432,1,3.3127270141630376
U0010433,1,2.3443895031783306
U0010434,1,5.8089699521603855
U0010435,1,2.53566962677224
U0010436,1,5.3636657196856135
U0010437,1,4.357729623960434
U0010438,1,3.627743938110658
U0010439,1,3.1241840834931267
U0010440,0,3.557298935498441
U0010441,0,1.8385943743041402
U0010442,1,5.340182191447781
U0010443,0,0.46158339183646646
U0010444,0,1.4305089279040608
U0010445,1,2.0050428848492103
U0010446,1,2.217464809466289
U0010447,0,2.794173033778362
U0010448,0,4.989849050443809
U0010449,1,1.240192662326578
U0010450,0,2.5630457881707063
U0010451,0,3.1453992279847913
U0010452,1,1.2854520316423752
U0010453,1,0.7277058168688662
U0010454,1,2.482893476006147
U0010455,0,1.9045633929317205
U0010456,1,3.258122087043585
U0010457,1,1.181190136348249
U0010458,1,2.380155067922434
U0010459,1,0.8756405700741361
U0010460,0,3.8081509050627744
U0010461,1,3.948463965992456
U0010462,1,0.6421194476611873
U0010463,1,1.2048119569850861
U0010464,1,2.3946736716022556
U0010465,1,1.5649030251521765
U0010466,1,-6.153413731622457
U0010467,1,3.0919503577642438
U0010468,1,1.935397925814815
U0010469,1,4.360473955116609
U0010470,1,5.63912413638845
U0010471,1,1.232032935934079
U0010472,0,0.06303064386223056
U0010473,1,3.5165036427522196
U0010474,1,0.5380322656649454
U0010475,0,0.35010089735945726
U0010476,1,-3.1695983566414867
U0010477,0,1.1451752771190549
U0010478,0,3.3266102552114276
U0010479,1,3.594362283193451
U0010480,0,-1.3759905820543725
U0010481,0,2.472078406208663
U0010482,0,3.539075401775847
U0010483,1,2.7169389736910965
U0010484,1,1.5076910536382506
U0010485,0,1.635757917375276
U0010486,1,2.2654995466171464
U0010487,0,3.687074907572214
U0010488,0,1.0408471958802785
U0010489,1,3.802412924997771
U0010490,0,0.16803863296671473
U0010491,1,2.9786721161977674
U0010492,0,4.514096092853128
U0010493,1,2.981608345105986
U0010494,0,2.5717561605224653
U0010495,1,2.4744249110189074
U0010496,0,1.9560429364458027
U0010497,1,-4.235729778771482
U0010498,1,-0.28144125984187696
U0010499,0,-0.8952855595732636
U0010500,1,4.08467463022285
U0010501,0,1.6048902439751132
U0010502,1,1.1657713456685883
U0010503,1,1.2929797623392432
U0010504,1,1.7927352168629973
U0010505,0,1.9159538697062715
U0010506,1,2.2388103689182923
U0010507,0,2.3680895669673028
U0010508,1,5.378289144519467
U0010509,0,0.7737172191978416
U0010510,1,1.9109189315349102
U0010511,1,4.0307361647678945
U0010512,1,4.700258473156296
U0010513,1,2.3936190509330793
U0010514,0,2.455814526003051
U0010515,1,1.0558719018779037
U0010516,1,2.4682678278409753
U0010517,0,2.2832964634282966
U0010518,0,3.68094231966073
U0010519,0,2.6976745752628766
U0010520,0,0.7511666686481426
U0010521,1,2.989370814299436
U0010522,0,3.055360041081869
U0010523,0,2.801872435496035
U0010524,1,2.6708786993062876
U0010525,0,-1.5626279478771252
U0010526,1,9.535545202352095
U0010527,1,0.7742369055200005
U0010528,1,2.5519281455399234
U0010529,0,2.8672818523496773
U0010530,0,0.35924756734582886
U0010531,1,4.436067794359914
U0010532,0,4.654881916726151
U0010533,0,2.2032317812121036
U0010534,1,2.2594008130489875
U0010535,1,2.6893567577975297
U0010536,0,2.3025132110607203
U0010537,0,3.097624337761104
U0010538,0,3.817440461930577
U0010539,1,1.8563662802919438
U0010540,1,4.632021919341284
U0010541,0,4.306108050143511
U0010542,0,4.506486473778001
U0010543,0,0.39999875526774886
U0010544,0,0.5520431966587438
U0010545,1,3.93111018852451
U0010546,1,3.666947881617183
U0010547,0,5.210282587244805
U0010548,0,3.1412868387610295
U0010549,0,1.9716554616197186
U0010550,0,0.4923941922363575
U0010551,0,5.132330049027274
U0010552,1,5.999868423195334
U0010553,1,2.8738853042874055
U0010554,1,1.759817594859097
U0010555,1,1.8805476612819376
U0010556,0,3.2326746163082696
U0010557,0,3.008085977283482
U0010558,1,1.651679940949613
U0010559,0,3.5488954601554177
U0010560,0,2.6281846612075626
U0010561,0,2.872278001981808
U0010562,0,2.6182758194715916
U0010563,0,3.935679805509878
U0010564,1,6.9913776204810265
U0010565,0,1.4610286984028171
U0010566,1,2.456987621996225
U0010567,1,1.8264671208559733
U0010568,1,1.8143088563286227
U0010569,1,1.83178150896018
U0010570,0,1.0666488478732674
U0010571,0,1.0826380216094122
U0010572,1,4.158680164499184
U0010573,0,1.2644937197931831
U0010574,1,3.31391406170523
U0010575,1,3.152835434688125
U0010576,0,3.862872752529217
U0010577,1,2.3168076203100547
U0010578,0,1.959939487597449
U0010579,1,1.558984450443461
U0010580,1,0.026668379608064896
U0010581,0,2.487709631009821
U0010582,0,2.1049728708274706
U0010583,1,-1.0278760802227431
U0010584,0,-1.0994481074381284
U0010585,0,2.606668674500362
U0010586,0,8.118121517440414
U0010587,1,-0.28590177221496305
U0010588,0,1.5337531972307517
U0010589,1,1.4219143984436222
U0010590,0,0.43536048377781
U0010591,1,0.28303289451469205
U0010592,0,4.540944595781806
U0010593,1,2.5929623778856943
U0010594,0,2.4394487996465095
U0010595,1,1.4583532764031055
U0010596,0,3.0027690828807625
U0010597,0,3.9834784592109287
U0010598,1,1.599674656470878
U0010599,0,3.995077265049124
U0010600,1,3.1231952711463933
U0010601,1,1.3032659501800339
U0010602,0,2.2082391131920573
U0010603,1,1.4414369341830486
U0010604,1,1.5764963526126472
U0010605,1,3.148598454831692
U0010606,1,2.4459254296574677
U0010607,0,1.882204114293046
U0010608,0,3.5403766631139817
U0010609,0,3.5598170522511623
U0010610,1,1.8339550218035932
U0010611,1,5.281193074320429
U0010612,0,3.089153239726862
U0010613,0,3.3897596942006096
U0010614,0,3.4823689626235854
U0010615,0,2.6824248132088773
U0010616,0,-0.06714026299204434
U0010617,1,0.4530510572354274
U0010618,0,7.928044288066399
U0010619,1,0.9848426707914868
U0010620,1,1.8391151220324389
U0010621,0,3.4282884288108804
U0010622,0,0.8708892116450482
U0010623,1,2.334174120253749
U0010624,1,4.633911148822101
U0010625,1,2.1507322684255286
U0010626,0,1.0209584984356805
U0010627,1,3.6092796239416334
U0010628,0,7.565985353030044
U0010629,1,1.2264831982067825
U0010630,1,3.905881668103742
U0010631,0,2.151759567068485
U0010632,1,1.2635421156593374
U0010633,0,2.4200989829347
U0010634,0,4.204558339384194
U0010635,0,3.127586282364188
U0010636,1,3.0488181666724756
U0010637,0,3.387232436175726
U0010638,0,2.207649470377575
U0010639,0,5.043235453701158
U0010640,0,1.5264313539545284
U0010641,0,1.4978814222254044
U0010642,0,4.570086050852662
U0010643,0,1.9720191762114645
U0010644,0,1.316080223762846
U0010645,0,1.401983201143052
U0010646,1,4.355719678750923
U0010647,0,3.1579397759030954
U0010648,1,2.130235779890892
U0010649,1,3.3754655577339125
U0010650,0,2.454313814528973
U0010651,0,3.58005553331342
U0010652,0,4.032208558154284
U0010653,0,4.50492996704746
U0010654,0,3.7905972043265663
U0010655,1,5.209833489376738
U0010656,0,3.691252987940967
U0010657,1,6.800638595580288
U0010658,1,3.2192846342442394
U0010659,1,0.15635859532530638
U0010660,0,1.0554602274030707
U0010661,0,6.409468769213168
U0010662,0,3.971004126422116
U0010663,0,1.9006718911702603
U0010664,1,0.09548028763764194
U0010665,1,0.5202011282246701
U0010666,1,2.2273376094105437
U0010667,1,4.643002531910977
U0010668,0,2.641378211354059
U0010669,1,1.58208557878352
U0010670,1,2.9140063301667034
U0010671,0,1.447718286578187
U0010672,1,2.3192295516385446
U0010673,0,3.2020153866469308
U0010674,0,1.9829999798563023
U0010675,0,0.8505448019596749
U0010676,0,3.424783879277964
U0010677,0,0.4155473890213681
U0010678,1,6.687767919492451
U0010679,1,3.2282557546821664
U0010680,0,3.5225618606077074
U0010681,0,2.5874435426689892
U0010682,1,1.7699531056880033
U0010683,1,2.358621956091161
U0010684,0,3.7337296142876184
U0010685,0,2.852950601435065
U0010686,1,2.090028842278162
U0010687,0,3.3027334796743535
U0010688,1,2.2178092090846206
U0010689,0,3.7966960470434294
U0010690,0,3.6124688467845587
U0010691,1,2.961344358656227
U0010692,0,3.3107839287877283
U0010693,0,0.602719526064547
U0010694,1,3.7187199631844656
U0010695,1,-3.035580140362793
U0010696,1,4.903240955205206
U0010697,1,3.0351923685317352
U0010698,0,3.1853733634914008
U0010699,0,1.4077654103070678
U0010700,0,2.0701238936104502
U0010701,1,2.9780662643809066
U0010702,0,3.38825787594174
U0010703,1,1.2996027714554756
U0010704,0,0.49054100262523903
U0010705,0,3.610684819526245
U0010706,0,2.9490273169256067
U0010707,0,2.890224320805622
U0010708,1,3.9073347667468497
U0010709,0,9.647480385615742
U0010710,1,2.978286446783841
U0010711,0,1.9295337592333368
U0010712,0,2.5891782199958
U0010713,1,3.755006638432242
U0010714,1,2.525158082619088
U0010715,1,2.2008121833326992
U0010716,1,2.9395591606402007
U0010717,1,4.781915137824999
U0010718,0,2.4806718701001405
U0010719,0,3.610942068520938
U0010720,0,4.831135850164756
U0010721,0,4.62275487311058
U0010722,1,1.7944246113741826
U0010723,0,1.9017002638534777
U0010724,0,2.012950536139474
U0010725,1,3.0296670739799474
U0010726,0,2.9978052644863418
U0010727,1,-1.0387886510773754
U0010728,0,4.625295956854037
U0010729,1,1.472015556309831
U0010730,1,2.0772314040659587
U0010731,0,4.321842690995744
U0010732,1,1.1118941566746638
U0010733,1,1.8138185129912472
U0010734,1,3.766454511536569
U0010735,1,6.533399083960244
U0010736,1,3.0866577097903143
U0010737,0,3.3397202743968464
U0010738,1,2.6839559209413473
U0010739,0,0.3849643072576612
U0010740,1,1.6627136796207047
U0010741,0,4.115554091077069
U0010742,1,3.24653807963705
U0010743,1,0.6787301046157559
U0010744,1,4.426145135846852
U0010745,0,3.1516555718981056
U0010746,1,3.130165165985211
U0010747,0,2.3059251623056944
U0010748,1,2.871794521721224
U0010749,1,2.356446154361821
U0010750,1,1.8332049323887034
U0010751,0,3.575294740744175
U0010752,1,2.9579096327353582
U0010753,0,2.3450721037212716
U0010754,1,2.482125488151212
U0010755,0,2.430037227096733
U0010756,1,3.7506467104183514
U0010757,0,1.4374552285900286
U0010758,0,4.140946017270348
U0010759,1,4.436499223694986
U0010760,1,4.104851379742943
U0010761,1,1.732434615385353
U0010762,1,1.4899947575181933
U0010763,0,2.346595573832097
U0010764,0,4.788805130388987
U0010765,1,0.7554234978165653
U0010766,0,3.41021937100739
U0010767,0,4.140632137822951
U0010768,1,2.353735020951225
U0010769,0,3.220013758937302
U0010770,1,3.1987705884162345
U0010771,0,0.5661501896847092
U0010772,0,2.325214301902413
U0010773,1,2.31340585663218
U0010774,0,2.844669442740262
U0010775,0,1.605733879445289
U0010776,0,3.9250429502499493
U0010777,0,3.5814055004611305
U0010778,0,4.734415848296937
U0010779,0,2.1094625103263667
U0010780,1,3.0939347243560533
U0010781,0,2.9292310257139924
U0010782,1,5.105034831727075
U0010783,0,0.32703987042787475
U0010784,1,0.46379946746874623
U0010785,1,3.250558465878065
U0010786,1,3.103928131094719
U0010787,1,2.234402843763583
U0010788,0,2.6938428037654862
U0010789,0,2.6778076377041096
U0010790,1,1.8105999834407314
U0010791,1,2.7070177456924274
U0010792,0,2.5654551059724433
U0010793,0,2.6555569033110586
U0010794,0,3.0251714565458556
U0010795,1,1.9295676214757531
U0010796,0,4.079849321061303
U0010797,1,2.9403256496844126
U0010798,1,4.1450304486103065
U0010799,1,5.585004544449324
U0010800,1,6.785375848326332
U0010801,1,6.180794184547768
U0010802,1,2.6950239600378723
U0010803,0,4.297475508717291
U0010804,1,0.1790601063156938
U0010805,0,2.769885329453613
U0010806,1,3.8293657441730886
U0010807,1,3.6185554478465196
U0010808,1,10.467511342466434
U0010809,0,1.0423904095390064
U0010810,0,5.083280113628726
U0010811,1,4.002223070596347
U0010812,1,-4.636210241540319
U0010813,0,2.9460427660470785
U0010814,0,1.754559054470029
U0010815,0,3.0327164645905604
U0010816,0,2.6915151788359246
U0010817,1,3.9945132058220345
U0010818,0,3.703164393869727
U0010819,0,-0.9960093141037518
U0010820,1,2.4873231401764055
U0010821,0,2.756473554751196
U0010822,1,3.378374631133177
U0010823,1,2.8242417918842087
U0010824,0,1.063214062384798
U0010825,0,3.0625369443986834
U0010826,0,0.25833941401087657
U0010827,0,2.387899352395028
U0010828,1,1.9603387095042564
U0010829,0,2.9555223656929375
U0010830,1,3.1397197077667904
U0010831,1,3.0566458579828613
U0010832,1,0.49008805099720476
U0010833,0,2.723348319303284
U0010834,0,3.4057635783777336
U0010835,0,4.488018828896973
U0010836,0,3.160463426543359
U0010837,0,2.8177737325137215
U0010838,1,-6.300386551182026
U0010839,0,2.2640631952453703
U0010840,0,-1.140764492561221
U0010841,0,2.055273576689043
U0010842,0,2.512048262929742
U0010843,1,2.009744853812613
U0010844,1,9.761888659862342
U0010845,1,6.901518256979244
U0010846,1,3.6289699863404223
U0010847,0,4.260614928375748
U0010848,0,5.693731031965637
U0010849,0,1.779522957408128
U0010850,1,4.264366803340163
U0010851,1,2.8704804343151356
U0010852,0,4.409784718365751
U0010853,0,3.835293758824996
U0010854,0,2.6110074310629727
U0010855,1,4.108573877266419
U0010856,0,4.817232279972247
U0010857,1,4.085748617266722
U0010858,1,2.9209508756927534
U0010859,1,2.661689624387737
U0010860,0,3.707899267613035
U0010861,1,0.15697673282069502
U0010862,0,1.8051301829970026
U0010863,1,2.5077015302859174
U0010864,1,2.7278626935107404
U0010865,0,0.8889349985161559
U0010866,0,0.20051204919197474
U0010867,1,3.1359824863331376
U0010868,1,1.5013807627710989
U0010869,0,2.5234355053635014
U0010870,0,3.1373178989525563
U0010871,1,3.471772302173161
U0010872,0,3.3260172639377963
U0010873,0,4.411969888317543
U0010874,1,2.385203553842935
U0010875,1,1.7498959469093727
U0010876,0,4.072068741699278
U0010877,0,1.4701324483105829
U0010878,0,3.156951772118397
U0010879,1,3.8288281825300388
U0010880,1,1.233100024634279
U0010881,0,3.193417006365479
U0010882,0,2.3688661575665932
U0010883,1,1.3776488459064993
U0010884,0,3.390513958483343
U0010885,0,3.4096078482266314
U0010886,0,1.734750987853758
U0010887,1,4.225926647469429
U0010888,0,5.8104262802821225
U0010889,0,0.8862085904758512
U0010890,0,7.915372942231205
U0010891,0,2.304792063695249
U0010892,1,1.7445459043109235
U0010893,1,4.954967135125244
U0010894,1,3.7313314820125907
U0010895,0,5.036720377289254
U0010896,1,2.460959961725713
U0010897,0,1.7180984193876245
U0010898,0,3.9834298864642363
U0010899,1,0.03912398309799059
U0010900,1,1.7502154970086554
U0010901,1,2.61499063308905
U0010902,0,1.6208843179469739
U0010903,1,2.5175724331755873
U0010904,1,2.3298785601594894
U0010905,1,0.6961687538449901
U0010906,0,3.601438633740816
U0010907,1,4.526525593795132
U0010908,0,3.0172756116883512
U0010909,0,-0.9168458692548072
U0010910,1,2.056788601841868
U0010911,1,4.543604994174846
U0010912,0,3.5706214110208627
U0010913,0,-1.9429664709952377
U0010914,0,3.8983088785966586
U0010915,0,3.5365558895818623
U0010916,1,3.4603987297307484
U0010917,0,1.4929777389606294
U0010918,1,1.329785188333073
U0010919,0,3.5928005563483474
U0010920,1,-2.4636939300274
U0010921,1,3.381424218761641
U0010922,0,1.475282275351713
U0010923,0,4.051138892741793
U0010924,1,7.777357137726826
U0010925,0,1.7913336072289532
U0010926,1,2.0813442006366767
U0010927,1,1.3540022647040217
U0010928,1,-0.35454736416442323
U0010929,0,3.3644282731515975
U0010930,1,4.194850430852441
U0010931,0,5.695613906727221
U0010932,0,3.6193770899068802
U0010933,1,2.268793822366092
U0010934,0,3.3724944931539653
U0010935,0,-0.6219251350122548
U0010936,0,3.507612206366776
U0010937,1,1.2655536092201878
U0010938,1,2.7084850598958887
U0010939,1,0.679504663302616
U0010940,0,-0.9057878555282528
U0010941,1,-0.4224989108926316
U0010942,0,1.7825011253688672
U0010943,0,2.1529507206911944
U0010944,1,1.470575081364057
U0010945,0,2.9437457457087586
U0010946,0,2.90625446427903
U0010947,0,2.625267412292896
U0010948,0,1.2400178140817673
U0010949,0,3.2762003802935293
U0010950,0,-1.2803328321592033
U0010951,1,1.5085287115063757
U0010952,1,3.9688342023636665
U0010953,0,4.358348844753303
U0010954,0,3.5329317493122243
U0010955,1,0.29087480870900606
U0010956,1,3.4775279133710875
U0010957,1,1.070918542013402
U0010958,1,2.243856987140232
U0010959,1,2.7448216033985453
U0010960,1,4.0170544611405035
U0010961,1,5.221057548619989
U0010962,1,3.127717162909301
U0010963,1,2.8148848673997264
U0010964,1,1.9206222609007177
U0010965,0,1.8901110594886994
U0010966,0,2.5578522238645878
U0010967,0,2.7516477365669108
U0010968,1,2.422799183321736
U0010969,0,3.3421488517623033
U0010970,1,1.1311703708868066
U0010971,1,1.3107139103438605
U0010972,0,2.2883680372444353
U0010973,0,-0.2369309000082538
U0010974,0,0.7603290325990848
U0010975,0,2.730935891921405
U0010976,0,4.495377683027002
U0010977,1,3.9147648197082354
U0010978,1,2.7567944385550174
U0010979,0,2.6046329716664296
U0010980,0,5.257609041508145
U0010981,1,3.4941429427381703
U0010982,0,3.5131318677065764
U0010983,0,1.5651330304427855
U0010984,1,2.128275925128058
U0010985,0,3.526215232762876
U0010986,0,-0.37666650506642263
U0010987,1,3.083708295606968
U0010988,0,4.481738691404114
U0010989,0,1.377239202166166
U0010990,0,0.9144622527389394
U0010991,0,2.3075014197423265
U0010992,1,8.857356056799162
U0010993,1,3.4733445667928216
U0010994,0,3.442344133972881
U0010995,1,2.83009040935765
U0010996,0,2.324024272693922
U0010997,1,3.422573219736286
U0010998,1,10.83769431355405
U0010999,1,3.313173351585231
U0011000,1,1.5215825261903895
U0011001,0,4.491434137731158
U0011002,1,-1.683406675314579
U0011003,0,2.311413194972566
U0011004,0,1.1992120835510285
U0011005,1,3.682174018142476
U0011006,1,1.9004997917762196
U0011007,0,0.14587961212804146
U0011008,1,2.7035340038383886
U0011009,0,-1.102676110660557
U0011010,1,3.8397408502725607
U0011011,1,1.2263883625145588
U0011012,0,1.1057701301564702
U0011013,0,8.977022335293345
U0011014,0,2.7544073389594335
U0011015,1,1.5690912391291967
U0011016,1,3.164611451885925
U0011017,0,2.039043972798675
U0011018,1,4.529747480831567
U0011019,1,4.205597877829632
U0011020,1,0.933476523427121
U0011021,1,1.9342122637960237
U0011022,1,0.8509742158335456
U0011023,1,-0.08421267985377767
U0011024,1,5.71663440904843
U0011025,1,4.659441396060709
U0011026,1,3.398828415461912
U0011027,0,0.4298874079687529
U0011028,1,0.8747044575668532
U0011029,1,3.7609357593217645
U0011030,0,2.5606411390782142
U0011031,0,1.9782327750700013
U0011032,0,2.9326131466359655
U0011033,1,6.36914100128152
U0011034,0,2.723064318214311
U0011035,0,1.653717465430823
U0011036,1,2.369337094363182
U0011037,1,3.3563053092154593
U0011038,1,3.6285676894107084
U0011039,1,2.6903942418765574
U0011040,1,-6.003503635744751
U0011041,1,2.648891412117205
U0011042,0,3.3919048510921748
U0011043,1,3.492780935578331
U0011044,1,0.128858572696398
U0011045,0,0.915080498623631
U0011046,0,2.061895110273003
U0011047,0,1.4192109830836799
U0011048,1,2.14695040438637
U0011049,1,4.206839183628752
U0011050,1,4.244831231832663
U0011051,1,4.4026238530934805
U0011052,0,2.235042398858681
U0011053,1,3.405748710984799
U0011054,0,4.872752752354964
U0011055,1,1.8196169994321476
U0011056,0,4.140368387971492
U0011057,1,2.460746770160176
U0011058,1,4.455745518212995
U0011059,1,-0.2609876581790438
U0011060,0,3.33467526152236
U0011061,0,4.372164660112331
U0011062,0,1.5396435731456677
U0011063,0,3.2413095802234437
U0011064,1,1.4736005781788677
U0011065,1,2.6384456944431562
U0011066,0,5.488177238073703
U0011067,1,1.5099164536706375
U0011068,0,1.7122524309878102
U0011069,1,0.41840584018709137
U0011070,0,4.388871647777876
U0011071,0,1.1896214973852484
U0011072,0,3.820689249046877
U0011073,0,2.878587225995158
U0011074,1,2.4021960821036483
U0011075,0,3.5265713564635703
U0011076,1,2.423216619941101
U0011077,1,4.4990827256011094
U0011078,1,3.955104408355428
U0011079,0,4.029579069372016
U0011080,1,2.83022775879747
U0011081,0,2.304937105076114
U0011082,1,4.36053498455361
U0011083,1,3.0273461078156956
U0011084,0,2.5506701697366516
U0011085,0,2.8470268460447397
U0011086,1,2.5383897865578344
U0011087,0,0.5010145220156623
U0011088,1,3.815978445752153
U0011089,0,2.0871679781367938
U0011090,0,1.6469857672457842
U0011091,1,1.1500978766856083
U0011092,0,0.7318339751317069
U0011093,1,4.738122917600206
U0011094,1,-0.7033060188363294
U0011095,0,0.3106182977649645
U0011096,0,1.944410249784955
U0011097,1,4.387790540937871
U0011098,1,3.9977956294715753
U0011099,0,1.351598592167484
U0011100,1,3.7215943559235374
U0011101,0,1.156990636597392
U0011102,0,3.121838698023616
U0011103,0,3.979035063184295
U0011104,1,4.126708460313019
U0011105,0,2.004018178461237
U0011106,1,-2.7858070583292083
U0011107,0,3.5378712619362886
U0011108,0,3.06560021968847
U0011109,1,2.55422416802384
U0011110,1,3.283155738722826
U0011111,0,2.680372688682663
U0011112,0,1.4605833200534448
U0011113,0,0.0339053565827534
U0011114,1,1.955691728802032
U0011115,0,5.337598969360016
U0011116,0,10.010347718433053
U0011117,0,2.6284456871841915
U0011118,0,-2.0151729169817916
U0011119,0,0.7765059312467884
U0011120,1,3.2465350575363345
U0011121,1,-1.6476435210114033
U0011122,1,1.5739897928905897
U0011123,0,3.816455506915137
U0011124,1,1.3931518407951007
U0011125,0,5.481258192804315
U0011126,1,3.1249083068930616
U0011127,1,2.79396445108749
U0011128,1,6.27757526541782
U0011129,1,3.397753360839637
U0011130,0,3.5201340665884047
U0011131,1,2.746955062597065
U0011132,1,4.538500011929926
U0011133,1,3.679651091660208
U0011134,1,4.830195333849172
U0011135,0,5.964896181818606
U0011136,1,3.293679215865094
U0011137,0,2.4785869867769037
U0011138,1,2.1077337847137017
U0011139,1,3.6419196123835818
U0011140,1,7.209320271920742
U0011141,0,0.6767923427884845
U0011142,1,2.7141495380418412
U0011143,0,0.14724553451743816
U0011144,1,2.146713130624132
U0011145,0,3.490467570165169
U0011146,0,4.186229429075162
U0011147,1,2.657222132108714
U0011148,1,3.5383674921642463
U0011149,0,2.636398938807716
U0011150,0,4.152194696512586
U0011151,0,3.3875661463588695
U0011152,1,3.8991458350778636
U0011153,1,4.413146022237118
U0011154,1,3.8539585371588103
U0011155,1,-0.8189848004327835
U0011156,1,4.289183969985491
U0011157,0,3.6548135010688743
U0011158,0,5.452484395620136
U0011159,0,2.1256695613215513
U0011160,0,4.232417308043438
U0011161,0,4.886850415381851
U0011162,1,0.290884254816671
U0011163,1,4.684934573455015
U0011164,1,4.522225486462846
U0011165,1,1.6200400801013721
U0011166,0,3.598860821793629
U0011167,0,2.356498487978749
U0011168,0,1.5403551581992172
U0011169,1,3.8724137644082504
U0011170,1,2.9220978467923118
U0011171,1,1.6914312227681734
U0011172,0,1.9853080091963626
U0011173,1,3.519414695272811
U0011174,0,2.2697500817545304
U0011175,0,4.126691519753873
U0011176,1,1.9036522961634645
U0011177,0,0.39521739928544974
U0011178,1,2.773329608386099
U0011179,0,2.891452836322106
U0011180,1,3.7960266034967827
U0011181,1,-0.2535756932601636
U0011182,1,1.1707593295007825
U0011183,1,-0.9223146035583696
U0011184,1,2.920235302307301
U0011185,1,4.713597811019568
U0011186,1,1.8688768635025497
U0011187,1,0.33195483969748807
U0011188,1,3.215386341193785
U0011189,1,3.259048867597155
U0011190,1,1.7990943987717642
U0011191,0,2.489846701467574
U0011192,0,1.1573447908653858
U0011193,0,3.455548582315938
U0011194,1,2.199362137820291
U0011195,1,3.9725643799820833
U0011196,1,2.5089715955915075
U0011197,1,3.033057660248083
U0011198,1,2.5423796692530054
U0011199,1,3.3603733406573504
U0011200,0,1.173773723481041
U0011201,1,3.769542662818509
U0011202,0,3.272861635254648
U0011203,1,3.587263522323653
U0011204,1,2.6836870543128732
U0011205,0,2.5350533094591228
U0011206,1,1.4590606104711803
U0011207,1,4.153231000389518
U0011208,0,3.9045422149767965
U0011209,1,3.460987982525346
U0011210,1,7.061395228671902
U0011211,1,2.0856374186701956
U0011212,1,4.752810442224185
U0011213,1,2.0100448172397876
U0011214,0,3.7604423957428033
U0011215,0,-4.725088212663284
U0011216,1,2.6589870409684497
U0011217,1,2.601673245195828
U0011218,1,2.5041268478967744
U0011219,1,3.475888465165472
U0011220,0,0.11001353116605372
U0011221,1,3.636014374219016
U0011222,0,0.3978335315528607
U0011223,0,0.8739437443644
U0011224,0,2.5084407938517614
U0011225,0,1.2586045177248835
U0011226,0,3.0677303158845426
U0011227,1,1.494710089036417
U0011228,0,2.8561211778207785
U0011229,1,-0.7133959768638505
U0011230,1,1.5124909218990759
U0011231,0,4.237450439541963
U0011232,1,2.5048321781873053
U0011233,0,5.08371093549809
U0011234,1,1.8976184139875265
U0011235,0,1.5256495105172725
U0011236,0,4.206379501356846
U0011237,0,3.4003299327008047
U0011238,1,3.835324722625085
U0011239,0,-3.742294475996129
U0011240,0,1.014894495727816
U0011241,0,1.2773686199915275
U0011242,1,2.139767876211412
U0011243,0,0.9837044808908182
U0011244,0,1.5600781631550937
U0011245,0,1.8188449137189178
U0011246,1,2.489212953129776
U0011247,0,1.961468711595849
U0011248,1,3.1963527316798093
U0011249,1,-1.4146028177548686
U0011250,1,3.9221332164506393
U0011251,0,2.6249893191902096
U0011252,0,4.153260436914962
U0011253,1,2.4610966632410367
U0011254,0,2.0963850565032445
U0011255,1,1.7667460211675134
U0011256,1,0.9181526624116074
U0011257,0,3.656456619465674
U0011258,0,5.357245736434329
U0011259,0,1.4805014219075225
U0011260,1,3.6261638888526697
U0011261,0,1.2954923814749293
U0011262,1,3.357431556147109
U0011263,1,5.757109555319293
U0011264,1,4.123253373340695
U0011265,0,-0.17554003430652187
U0011266,0,3.1952736653410554
U0011267,1,3.3159185730375462
U0011268,1,2.7426273210902288
U0011269,1,1.4805434029838445
U0011270,1,2.4692724599538636
U0011271,1,2.911120228637637
U0011272,0,0.8582392661100009
U0011273,1,2.681470697349509
U0011274,0,4.478219796728098
U0011275,1,3.539789089095784
U0011276,1,2.6258599395188185
U0011277,1,3.5680867380863504
U0011278,0,2.7000344153293057
U0011279,0,2.247869804738805
U0011280,1,3.8614654538601503
U0011281,0,3.0569568385075065
U0011282,1,2.8675549674435956
U0011283,1,-0.41717617315269884
U0011284,1,3.258428840931998
U0011285,0,0.8140132290165951
U0011286,1,3.1458587634962054
U0011287,1,1.1557394366612854
U0011288,0,-0.45693391736223177
U0011289,1,4.276840811419678
U0011290,1,3.5757230692218975
U0011291,0,2.5122116442871683
U0011292,1,2.1851382892983864
U0011293,1,3.7258417461363855
U0011294,1,0.20568682465331278
U0011295,0,2.3803819193218843
U0011296,1,2.463137087150063
U0011297,1,2.932728858820841
U0011298,1,2.3665297029091086
U0011299,0,5.814023382105859
U0011300,0,2.4462075485339447
U0011301,0,0.33348792276713013
U0011302,0,1.9431464861741254
U0011303,1,3.4384321709138703
U0011304,1,3.198671472964447
U0011305,0,3.2687342300257534
U0011306,0,1.5366146142368322
U0011307,1,-1.4315274447122608
U0011308,0,1.9247214761732536
U0011309,0,1.4551127850404022
U0011310,1,1.2366562898587041
U0011311,0,2.9911915388397556
U0011312,1,4.731463444950499
U0011313,1,2.6237870059366095
U0011314,1,0.598065039070466
U0011315,0,3.9987492258996973
U0011316,0,3.1907491701125927
U0011317,1,-1.2945186031772664
U0011318,0,3.5565026374601665
U0011319,0,3.0248136516973823
U0011320,1,2.344250930788686
U0011321,1,2.9358013323227397
U0011322,0,3.904916950305033
U0011323,1,2.779141875003539
U0011324,0,1.9128539664162822
U0011325,0,3.517260908606602
U0011326,1,3.319559508639223
U0011327,0,3.6010337790176976
U0011328,1,3.4456268826879217
U0011329,0,3.107105560726378
U0011330,0,6.3217625660781795
U0011331,1,1.075077619185791
U0011332,0,2.010325716448044
U0011333,0,0.9405588092689996
U0011334,1,5.708959155162681
U0011335,0,3.3784643781947885
U0011336,1,2.409064176195251
U0011337,1,2.334247065286405
U0011338,1,2.0064711023743573
U0011339,1,1.220041318497909
U0011340,0,4.945948933862439
U0011341,0,1.1501244470120895
U0011342,0,-0.2187791798034695
U0011343,0,1.5251984874570894
U0011344,1,2.971575791865657
U0011345,0,1.7602142457053187
U0011346,0,2.8976556564935088
U0011347,0,0.10891394868870918
U0011348,1,2.7981172469168953
U0011349,1,3.6091708991948366
U0011350,1,2.7166783785606583
U0011351,1,1.397037298030309
U0011352,1,4.190722496715551
U0011353,0,1.7504427626914882
U0011354,0,3.2394921992531316
U0011355,0,-0.3764781923281255
U0011356,1,4.011211493838026
U0011357,0,0.5265946798493637
U0011358,1,4.2442226077452005
U0011359,1,4.937001106231008
U0011360,1,3.6712037518398652
U0011361,0,1.598245220720532
U0011362,0,0.33481389261088523
U0011363,1,1.6586275257892353
U0011364,0,3.5239088690957203
U0011365,0,2.591736515100024
U0011366,1,2.1702922543793033
U0011367,0,1.94256768652696
U0011368,1,2.890724171934332
U0011369,1,5.658647428279988
U0011370,0,2.5527717095573603
U0011371,1,3.2861402837655973
U0011372,0,2.4537647023716147
U0011373,1,2.9055216513571676
U0011374,0,2.9971398416871367
U0011375,0,2.941208715185379
U0011376,0,3.0303027009546355
U0011377,1,3.751718126834877
U0011378,1,4.0695856963284065
U0011379,1,3.3835888898131152
U0011380,0,4.138062031730634
U0011381,0,1.564628756523252
U0011382,1,3.209687072921355
U0011383,1,3.789730715267826
U0011384,0,1.312432551533071
U0011385,1,1.1232136003354576
U0011386,0,2.0864398132518964
U0011387,1,3.059349022325991
U0011388,0,-0.15567780435430834
U0011389,1,1.4847943293745711
U0011390,1,3.071159702565687
U0011391,1,3.8507698549531497
U0011392,0,0.967695080683125
U0011393,1,2.0821808728825637
U0011394,1,13.185706155405114
U0011395,1,3.8799190162899286
U0011396,1,3.491012832026838
U0011397,0,1.4178787823782137
U0011398,0,1.3848083496329835
U0011399,1,1.443435218977875
U0011400,1,3.9376034421745736
U0011401,1,4.85783921199587
U0011402,1,1.5750161062219465
U0011403,0,2.9379228758475158
U0011404,1,3.3983489412723777
U0011405,0,4.928761297003678
U0011406,1,2.7782249180204133
U0011407,0,-0.03124363083805015
U0011408,0,2.5136423644870654
U0011409,0,2.0727234213088295
U0011410,1,1.9694209707667483
U0011411,0,1.1743485759447445
U0011412,0,3.15388397144671
U0011413,1,2.7871845440952754
U0011414,1,1.1102503520437423
U0011415,0,0.19028499787053388
U0011416,0,3.2883788873986326
U0011417,1,0.9268023132980012
U0011418,1,2.6100407905396708
U0011419,0,0.8108926364735112
U0011420,0,2.444386804064223
U0011421,0,2.4993532914433185
U0011422,1,2.528922840584917
U0011423,0,-0.11060128325443763
U0011424,1,3.7070006390770516
U0011425,1,4.557097375021414
U0011426,1,3.727073649343911
U0011427,1,2.6672112819134632
U0011428,1,3.935817740680804
U0011429,1,2.6415677485636238
U0011430,1,-1.221489490993335
U0011431,1,0.37289806987669394
U0011432,0,3.7007200851861377
U0011433,0,2.224496647146683
U0011434,0,1.268991226544756
U0011435,0,2.2634376052363567
U0011436,1,4.156934749668107
U0011437,0,0.4445538853704285
U0011438,0,2.0443453405373972
U0011439,0,4.128369126202523
U0011440,1,2.412593593166239
U0011441,0,3.3889868261402167
U0011442,0,0.6470707327429182
U0011443,1,2.70798432825141
U0011444,0,2.7538202460288943
U0011445,0,2.3478802712975764
U0011446,0,2.7604585115296096
U0011447,0,3.6560219535789287
U0011448,1,4.152496021478331
U0011449,0,4.2644597348800986
U0011450,1,2.8586499035194315
U0011451,1,2.76461790764667
U0011452,1,2.1428714730219234
U0011453,1,1.5540782151836972
U0011454,1,4.043248879100261
U0011455,1,2.5872565017408036
U0011456,1,0.9472497109125548
U0011457,1,-0.9915559637066522
U0011458,1,-1.0078306448672034
U0011459,1,5.364569304472983
U0011460,1,3.4631568723023864
U0011461,0,1.865230878058668
U0011462,0,1.8927652269688657
U0011463,1,1.2840524317816353
U0011464,0,3.002349382685841
U0011465,1,0.97347229067379
U0011466,1,3.0421197871019423
U0011467,1,3.851125097114224
U0011468,1,3.1174668292870678
U0011469,0,3.5370376795767413
U0011470,1,3.8428902631463586
U0011471,1,2.6482420887990354
U0011472,1,4.021908251811498
U0011473,1,1.9270275651944537
U0011474,0,2.73168029344086
U0011475,1,-0.4387283007980258
U0011476,1,3.1666136801742084
U0011477,1,2.803230822631688
U0011478,0,5.604249332824368
U0011479,0,5.419078144648386
U0011480,0,-3.5780219582197645
U0011481,0,4.291756060925181
U0011482,1,1.7680378772581875
U0011483,1,0.7857488904064773
U0011484,1,1.0563770812185247
U0011485,0,1.93817560750443
U0011486,0,0.8044741593958271
U0011487,1,2.6363367647450016
U0011488,1,3.819609235628107
U0011489,1,2.2600123770117193
U0011490,1,2.181008502618532
U0011491,0,7.137143537477321
U0011492,1,2.9432904406231586
U0011493,1,2.613460516251763
U0011494,0,3.841066860145993
U0011495,0,2.348139762039807
U0011496,1,2.3236143781471714
U0011497,1,2.830328064360991
U0011498,0,5.328581938340163
U0011499,1,1.4916826043608822
U0011500,1,1.1058000211842014
U0011501,1,2.3912331930926367
U0011502,0,4.3329129917829015
U0011503,0,1.02143596773956
U0011504,1,-0.42636691285337136
U0011505,1,1.4673705711111236
U0011506,1,1.186156603101928
U0011507,1,7.2190220477988305
U0011508,0,1.9012958766110764
U0011509,1,2.414183827030932
U0011510,1,0.7932804313668367
U0011511,0,4.913274456168168
U0011512,1,3.239201701252398
U0011513,0,3.9871406481042797
U0011514,1,3.964991394654991
U0011515,0,2.7585324812088103
U0011516,1,3.018108431847754
U0011517,1,3.119555344569765
U0011518,0,0.3484732230186651
U0011519,1,4.718809942538247
U0011520,0,4.642472542106567
U0011521,0,1.5786635590234805
U0011522,0,3.8449483304595553
U0011523,0,1.6287172083762371
U0011524,1,1.1714102532067017
U0011525,0,3.958008449227062
U0011526,1,2.111491045233464
U0011527,0,0.8588968641327419
U0011528,0,3.3177291217893785
U0011529,0,4.60945839590536
U0011530,1,4.855767214780846
U0011531,1,3.646990231949548
U0011532,1,2.1341153032548164
U0011533,1,2.358985255608001
U0011534,1,0.9577846139673447
U0011535,1,3.3224361339551756
U0011536,0,2.6639489234603673
U0011537,0,0.8516013500029125
U0011538,1,2.4515827419229694
U0011539,0,1.2717470445060854
U0011540,1,2.1408702578308727
U0011541,0,4.371800122345043
U0011542,1,-1.1183417388188737
U0011543,0,1.458070444413579
U0011544,0,2.994340398203624
U0011545,1,2.6914982763467457
U0011546,0,2.590204794521835
U0011547,1,3.154868227484762
U0011548,1,1.466203824814329
U0011549,0,3.5207130444184926
U0011550,0,1.5139754076907614
U0011551,1,5.383880106403852
U0011552,1,2.6170791533993913
U0011553,1,3.100437958266415
U0011554,0,3.6697420174289324
U0011555,0,3.002599985918998
U0011556,1,3.1163527987736934
U0011557,1,1.354728443804916
U0011558,1,4.096828380466489
U0011559,1,-0.819680484595704
U0011560,1,3.0019259944365473
U0011561,1,3.3932432415217697
U0011562,0,3.0271180737131473
U0011563,0,1.9366329830162545
U0011564,0,4.002004203656254
U0011565,0,4.340758698483523
U0011566,0,2.170731119151526
U0011567,1,2.0016283760822002
U0011568,0,1.3026454688845028
U0011569,1,0.8347660871645672
U0011570,1,2.374936446915875
U0011571,1,1.9992037306514945
U0011572,0,3.6359722103039083
U0011573,0,6.400504416018329
U0011574,0,3.469338740626588
U0011575,0,3.8865970164591097
U0011576,1,2.1785991983137194
U0011577,1,-0.8137650283608391
U0011578,1,2.9986494089896496
U0011579,0,3.9025843824432656
U0011580,0,1.1408889631335146
U0011581,1,3.9092911321923545
U0011582,1,2.26020878220514
U0011583,1,6.918531476559679
U0011584,0,0.0004073340665620151
U0011585,0,-1.0040693059612735
U0011586,1,3.5941165409683933
U0011587,1,2.6213981512200952
U0011588,1,1.517087485035109
U0011589,0,1.3490732282296065
U0011590,1,1.382262043067648
U0011591,1,2.328158103042494
U0011592,1,2.0833979830153133
U0011593,0,0.9956037016903423
U0011594,1,2.8365184326138397
U0011595,0,2.838987892618178
U0011596,1,1.4885358742441
U0011597,1,4.016647339256593
U0011598,0,9.015461956146929
U0011599,0,1.6654118394731139
U0011600,0,1.789053853372561
U0011601,1,2.153233471228784
U0011602,0,1.29994189135477
U0011603,1,1.4560206472866692
U0011604,0,0.7709206044542611
U0011605,1,-0.670428742196794
U0011606,0,0.6723664293200642
U0011607,0,2.5517842945389546
U0011608,0,5.946695679651135
U0011609,0,0.8432691061723077
U0011610,1,2.594443767027867
U0011611,1,2.5486692338980355
U0011612,1,1.2188353563350702
U0011613,0,3.3791980099835826
U0011614,0,3.75010450688535
U0011615,0,1.3148867477659945
U0011616,0,1.7218897592277926
U0011617,1,4.981097233596518
U0011618,0,-2.5959924765438647
U0011619,0,1.0762900116245717
U0011620,0,2.4788886113789985
U0011621,1,-0.45900624438397486
U0011622,0,3.3286278092486707
U0011623,0,4.512846743218521
U0011624,1,4.359634622435529
U0011625,0,2.780743208209799
U0011626,0,3.043440107406301
U0011627,0,4.820442852806693
U0011628,0,2.786495965618853
U0011629,1,1.9841476504590183
U0011630,0,2.8434703885717116
U0011631,1,3.3093488845855887
U0011632,0,1.9709166428526927
U0011633,0,4.124048048331424
U0011634,1,0.4632660481215414
U0011635,0,4.006956524317406
U0011636,0,2.8532773827967457
U0011637,0,0.842288077360628
U0011638,0,3.7911051579878823
U0011639,1,4.625884195458802
U0011640,1,0.9928688629004014
U0011641,0,1.5642027344209275
U0011642,1,4.529793374640786
U0011643,0,1.1140755552424935
U0011644,1,0.35614541805103883
U0011645,1,2.1307586514872696
U0011646,0,4.243372755781902
U0011647,0,4.593391374308675
U0011648,1,0.3902671828621429
U0011649,1,1.9130332842431415
U0011650,1,5.538444773773538
U0011651,1,0.017318833234845954
U0011652,1,0.38814400654654335
U0011653,1,0.6741391599237119
U0011654,0,4.79306490580252
U0011655,0,3.997609345896336
U0011656,1,4.457843803490327
U0011657,1,2.2905891597057106
U0011658,0,2.4435549632541598
U0011659,0,-0.28936117174531795
U0011660,1,3.500450015754133
U0011661,0,1.656838331809503
U0011662,1,1.2100211443444095
U0011663,0,3.167069959445165
U0011664,1,8.89477524042519
U0011665,0,4.168272833983272
U0011666,0,2.577299674788126
U0011667,1,1.853938779387688
U0011668,1,2.5215020792962157
U0011669,1,3.483355022032539
U0011670,0,3.48364445085922
U0011671,1,2.418898405922288
U0011672,0,1.1033043865995076
U0011673,1,3.9965152196672573
U0011674,1,1.9906522258993071
U0011675,1,2.1997214453618206
U0011676,0,4.566314866156894
U0011677,0,3.7314215468991385
U0011678,1,0.7261744836474353
U0011679,0,2.675235419887798
U0011680,1,2.5414002601400014
U0011681,0,2.3721641236548443
U0011682,0,1.4015126026445799
U0011683,1,6.269433379192991
U0011684,0,2.7232443808467934
U0011685,1,2.209878302660149
U0011686,0,3.5996272180424054
U0011687,0,0.783385860643385
U0011688,1,6.9759555236525905
U0011689,0,3.073635202205427
U0011690,0,1.9808240903937921
U0011691,1,2.079540871994574
U0011692,0,0.057009934540381835
U0011693,0,2.889232702645902
U0011694,1,1.5063805615971937
U0011695,0,3.3809804969661794
U0011696,1,2.2825854386330455
U0011697,0,2.854924745674708
U0011698,1,3.0595765448402013
U0011699,1,4.166404795806184
U0011700,1,3.734266842309861
U0011701,0,4.053994146680324
U0011702,0,-0.039093031661822764
U0011703,1,1.0489306387019113
U0011704,0,2.9848513918700235
U0011705,0,3.903341837818223
U0011706,0,3.662059950037678
U0011707,1,3.7902179564204346
U0011708,1,5.072159162151106
U0011709,1,1.6958500895784958
U0011710,1,1.6987850260592978
U0011711,1,3.050403085886602
U0011712,1,-1.4985625748360718
U0011713,1,4.543759956511794
U0011714,0,4.312736446675181
U0011715,1,2.432703733025644
U0011716,1,2.3228451138493718
U0011717,1,2.64402256663033
U0011718,0,3.328506449691048
U0011719,0,3.6490978785043566
U0011720,1,5.256884739514156
U0011721,0,2.7907005312538544
U0011722,1,0.7173642432193823
U0011723,1,1.219056555450864
U0011724,1,-0.0008655858245383286
U0011725,0,3.5717708054037303
U0011726,0,3.020798244202986
U0011727,0,3.371251028157758
U0011728,0,-5.058899281403377
U0011729,1,3.7952300863863435
U0011730,1,0.5693948858728248
U0011731,1,2.5596246406315544
U0011732,0,2.083599418303283
U0011733,0,1.1774906902130766
U0011734,0,3.614772521686467
U0011735,0,0.7793781490010225
U0011736,0,3.410928593956818
U0011737,1,2.7802875924134156
U0011738,0,0.6304424391803938
U0011739,0,3.2314547789177315
U0011740,0,3.456185842725869
U0011741,0,3.146917507385906
U0011742,1,2.737406312125959
U0011743,1,2.169946455895829
U0011744,0,1.445933630613398
U0011745,1,2.2817771872265666
U0011746,0,3.9601700325272686
U0011747,1,3.038766151226353
U0011748,0,3.530312910130119
U0011749,0,3.613651656550161
U0011750,0,7.07647089210851
U0011751,0,3.3007671904040095
U0011752,1,3.119757069099551
U0011753,0,3.4712014673509337
U0011754,1,2.0757617038868013
U0011755,0,2.061115119326262
U0011756,1,3.458587275795333
U0011757,1,3.5687572305262076
U0011758,0,1.0018839569140319
U0011759,0,3.6050080099403594
U0011760,1,2.419861097286102
U0011761,0,3.103280038219232
U0011762,0,1.7630729163468413
U0011763,1,2.351195047423845
U0011764,0,0.849333753807386
U0011765,0,3.145235850685678
U0011766,0,0.938034268299603
U0011767,0,2.2804309165316745
U0011768,0,-0.6497959741688906
U0011769,0,3.151262447794439
U0011770,1,2.2958152753090992
U0011771,0,2.407343089133388
U0011772,1,2.239510286837085
U0011773,0,1.6047332603219928
U0011774,0,2.7900607534117654
U0011775,1,2.940406089495834
U0011776,1,1.894343255379619
U0011777,1,3.4687754042188246
U0011778,0,2.0837415498405782
U0011779,0,-0.5323215966976935
U0011780,0,3.642689251263512
U0011781,1,0.5312492928978365
U0011782,0,2.8062717830864923
U0011783,1,2.4484857514146228
U0011784,1,4.487958750697381
U0011785,1,4.2550115635487025
U0011786,0,2.0773547007605657
U0011787,0,2.1958603461054196
U0011788,0,2.628695422400611
U0011789,0,4.150066044385888
U0011790,1,2.9182906956215717
U0011791,1,3.9427771597028354
U0011792,1,0.9548748074415734
U0011793,0,-0.5260632674742993
U0011794,0,3.363299069001595
U0011795,1,-0.6559720756620173
U0011796,1,1.7933503278782261
U0011797,0,2.4280910607214565
U0011798,0,1.5831547757271665
U0011799,1,2.455011962822498
U0011800,0,2.562179600866642
U0011801,1,-2.55178716603848
U0011802,1,4.144402635961836
U0011803,0,3.50732855391929
U0011804,1,0.3645245748914121
U0011805,0,3.8384479010999577
U0011806,1,5.658595091186989
U0011807,0,2.8154611896320603
U0011808,0,3.238427979835098
U0011809,0,4.705373403740854
U0011810,1,3.5247257529082496
U0011811,1,1.9185692845898004
U0011812,0,-0.5583397782265322
U0011813,1,2.1221915435023515
U0011814,1,3.204772717465598
U0011815,0,1.5393579989512247
U0011816,1,3.688529244063396
U0011817,0,3.3121637399925437
U0011818,1,3.9038242233282077
U0011819,0,2.24791826591391
U0011820,1,2.4550493332646237
U0011821,1,3.9375283515302186
U0011822,0,3.9061070661910016
U0011823,0,1.0181409469811769
U0011824,1,4.435781804901469
U0011825,1,5.6338952043895425
U0011826,0,3.4138007368079393
U0011827,0,2.7682750665261757
U0011828,0,5.018368863150744
U0011829,1,3.6593969864814433
U0011830,1,2.7317869971481663
U0011831,0,0.44104166987633775
U0011832,0,1.9068088966438985
U0011833,1,-0.6602275225774328
U0011834,1,2.610423836549824
U0011835,0,0.32138217439058536
U0011836,0,3.2897524821473105
U0011837,0,3.184259652545064
U0011838,0,3.1341376763977777
U0011839,0,4.223676613014256
U0011840,0,4.137986228077722
U0011841,1,1.759797212679576
U0011842,1,2.8055283609817145
U0011843,0,1.7666684564494268
U0011844,0,1.1110582695417133
U0011845,1,3.9616956524479647
U0011846,1,3.0059796988524745
U0011847,0,3.068693549051755
U0011848,1,4.654877420635415
U0011849,0,1.4621250867207785
U0011850,1,3.5816217409029107
U0011851,0,3.1120312820466403
U0011852,0,1.7708740194940304
U0011853,0,2.306909779477076
U0011854,1,0.7326092777753122
U0011855,0,2.6216119244463307
U0011856,1,3.625995737594227
U0011857,0,-0.3605762465093356
U0011858,0,2.4829408823359564
U0011859,1,3.262070274557386
U0011860,1,-1.0289595353645353
U0011861,1,0.17553414506651066
U0011862,0,0.9098686314005278
U0011863,1,1.0382802240311975
U0011864,1,3.412531917716901
U0011865,1,-0.6017951671194908
U0011866,1,0.19143141801932018
U0011867,0,1.739083384437576
U0011868,1,4.1414967769152895
U0011869,0,2.364588912767207
U0011870,0,-0.031097534728502296
U0011871,0,3.6415703924336356
U0011872,0,1.5948121307114267
U0011873,0,3.4275002040915474
U0011874,0,3.098753197391595
U0011875,1,5.673216817497472
U0011876,1,0.986244959255524
U0011877,0,2.9488744796560837
U0011878,1,1.758791118006112
U0011879,0,3.2377068571202265
U0011880,0,3.6575547058378177
U0011881,0,3.2492737664690345
U0011882,1,5.153273221341896
U0011883,0,3.107970653917288
U0011884,1,2.455841097430394
U0011885,1,1.1233212240028951
U0011886,0,3.9157644259296482
U0011887,0,1.5000073534020935
U0011888,0,1.0552503095564987
U0011889,0,5.951850266565266
U0011890,1,1.8744087408364045
U0011891,1,4.0589011795445415
U0011892,1,5.123167059884899
U0011893,0,2.6703236401839145
U0011894,0,2.0973001235147386
U0011895,0,0.7957116593437128
U0011896,1,3.7865358770210307
U0011897,1,1.987686344438842
U0011898,1,2.2927358923837033
U0011899,1,3.677593839558723
U0011900,1,4.010978786227739
U0011901,1,3.5338214807124864
U0011902,0,3.1287206052158787
U0011903,1,2.926572301865285
U0011904,1,0.02299121993561215
U0011905,1,1.6402375443361734
U0011906,1,4.357655925172104
U0011907,0,0.9457684235164692
U0011908,0,3.55911207636591
U0011909,0,2.3706618406908184
U0011910,0,2.9302369641273316
U0011911,1,3.1081135201813694
U0011912,0,0.031001820147713133
U0011913,1,2.744138442194373
U0011914,1,1.9868822270178121
U0011915,0,-0.11876949090940414
U0011916,0,1.2637820927546919
U0011917,1,1.1739063092214508
U0011918,0,5.119854822666625
U0011919,0,1.260909931247543
U0011920,1,1.193520446997514
U0011921,1,1.6519568329304342
U0011922,1,0.19835295831671296
U0011923,1,3.025711777491928
U0011924,0,-0.03545291109637638
U0011925,0,3.365973818382578
U0011926,1,1.7203728887754473
U0011927,0,0.5266769167768786
U0011928,0,0.42155304932696325
U0011929,1,0.3859787985937615
U0011930,0,0.8812280022248764
U0011931,0,-0.9659702589936643
U0011932,0,3.0435289075217966
U0011933,0,2.224057281790376
U0011934,0,3.1842686568377623
U0011935,0,4.642333108137185
U0011936,1,1.745688320171059
U0011937,0,4.144878696160408
U0011938,1,2.0691276597945443
U0011939,0,2.243654945442753
U0011940,1,0.7669897787225288
U0011941,1,4.433629761221132
U0011942,0,2.42012536146078
U0011943,0,3.4683409585834895
U0011944,0,0.8482429579196307
U0011945,1,-6.592362260908555
U0011946,1,7.145179150393602
U0011947,1,2.81225613251325
U0011948,1,2.2691068440042077
U0011949,0,3.668663980607075
U0011950,0,1.5538516557889608
U0011951,0,3.341088536612194
U0011952,0,1.45692294085978
U0011953,1,0.5343425431194468
U0011954,1,4.651246315374202
U0011955,0,3.366386455196011
U0011956,1,2.9923589033016427
U0011957,0,3.3624732589660447
U0011958,1,3.111494718995216
U0011959,0,1.7697009351458988
U0011960,0,2.9452313393030476
U0011961,0,3.163707861644278
U0011962,0,9.523981372827045
U0011963,1,-5.427519250989624
U0011964,0,1.8484415722056813
U0011965,1,4.231839485387052
U0011966,1,2.6095027758919116
U0011967,1,1.6054032480444818
U0011968,0,3.752890885619177
U0011969,0,2.945052265549517
U0011970,0,1.3423308141213468
U0011971,0,1.86053533480613
U0011972,0,3.6392588823383623
U0011973,0,2.650014463242428
U0011974,0,1.4633179440958166
U0011975,1,2.625956029516388
U0011976,1,2.6838078161034638
U0011977,0,6.035875548591758
U0011978,0,2.4759207729903494
U0011979,1,3.634118190087861
U0011980,1,0.39087176660475365
U0011981,1,4.230352158345136
U0011982,0,2.1388824501047417
U0011983,1,2.048401265514105
U0011984,0,2.082284437999423
U0011985,0,3.2048961819029653
U0011986,0,5.0332209801943755
U0011987,0,1.9902212626044253
U0011988,0,1.9943546031261832
U0011989,0,2.5136573862056775
U0011990,1,3.1492939412565697
U0011991,0,6.437525392135548
U0011992,0,2.4034163585829944
U0011993,1,0.27097619087741265
U0011994,0,2.930030587775459
U0011995,0,1.3208890160243456
U0011996,0,0.39123684952938653
U0011997,1,3.051214410562171
U0011998,1,10.32717673705109
U0011999,1,2.6609069836572683
U0012000,1,-0.8821011767490781
U0012001,0,1.360708090761202
U0012002,1,3.267058345432158
U0012003,1,2.407006682680226
U0012004,1,-0.22767324699520586
U0012005,0,3.0000596163065083
U0012006,1,2.3974468859167626
U0012007,0,1.1114237404730147
U0012008,1,0.4369247848580642
U0012009,0,3.315610858360767
U0012010,0,4.995024715657166
U0012011,0,2.610362329756013
U0012012,1,4.829117924461897
U0012013,1,2.3253936106169704
U0012014,1,3.7765908393957837
U0012015,1,2.759890069281294
U0012016,1,3.6064887660215668
U0012017,1,2.3672131209085308
U0012018,1,2.5923897023811904
U0012019,1,2.714801504454062
U0012020,1,2.7765070812128734
U0012021,0,2.157933821915325
U0012022,0,3.203148292509942
U0012023,0,-0.14812207431716473
U0012024,0,2.219107327051537
U0012025,1,2.6872823229310008
U0012026,1,2.5990635582961232
U0012027,1,1.8090551743890693
U0012028,0,3.5413643677053592
U0012029,0,4.572078777682082
U0012030,0,3.7317366992044647
U0012031,0,3.2192935706313985
U0012032,0,3.0337571903250087
U0012033,1,0.15472640187780584
U0012034,1,-0.529862546914444
U0012035,0,2.211342511791921
U0012036,0,2.9133259947309504
U0012037,0,0.9717150331644504
U0012038,1,2.9047109444491284
U0012039,1,3.042624025427987
U0012040,0,3.221959901211136
U0012041,0,3.9494330352318734
U0012042,1,3.664192220878359
U0012043,0,2.154957185749451
U0012044,0,0.41263083962541813
U0012045,1,3.0907264257988487
U0012046,0,1.6809432019504307
U0012047,1,-0.14825362170497236
U0012048,0,1.3829279809913544
U0012049,1,2.6284451667958013
U0012050,1,2.7770352092491457
U0012051,1,2.4264508906873603
U0012052,1,-0.8866564545981532
U0012053,1,2.9231399884852394
U0012054,1,1.1673622827149153
U0012055,1,3.0147875875872145
U0012056,0,6.125795029810277
U0012057,0,4.971725185254012
U0012058,1,1.5102929381904815
U0012059,1,1.860916272628554
U0012060,1,1.9604340205490516
U0012061,1,1.5637979118169945
U0012062,0,4.349087623333746
U0012063,1,6.679464734213106
U0012064,1,1.7965780912082678
U0012065,0,1.7695971900037932
U0012066,0,4.383300428639865
U0012067,0,2.383885926947901
U0012068,0,1.7734771084883008
U0012069,0,1.295173095901104
U0012070,1,3.3629580915877533
U0012071,1,4.0144566783831195
U0012072,1,4.4003878529820675
U0012073,0,2.0270973328522253
U0012074,1,3.432150734259304
U0012075,1,3.446617482349719
U0012076,1,0.26177005171642165
U0012077,1,4.638796480826587
U0012078,0,2.621234047532109
U0012079,1,1.7277261779303963
U0012080,0,4.4316119185938305
U0012081,0,4.715031633371094
U0012082,1,3.617142795751789
U0012083,1,1.1505437582162088
U0012084,0,2.1608155408742693
U0012085,1,2.40525089039887
U0012086,1,5.1673518487328955
U0012087,0,2.559434105392276
U0012088,1,4.013407819215367
U0012089,0,3.4322116820229063
U0012090,1,4.61692736592833
U0012091,1,2.851687550734777
U0012092,0,3.302208634700209
U0012093,0,3.0298062767989187
U0012094,0,2.3287563087303553
U0012095,1,-0.43500400315117105
U0012096,0,2.9226131708919993
U0012097,0,2.3866003081798866
U0012098,1,3.001553515665549
U0012099,0,3.977854219115784
U0012100,1,1.1256971382783547
U0012101,1,3.5335627193854897
U0012102,1,1.491788900671832
U0012103,1,2.9500592608102316
U0012104,0,3.6300446831688795
U0012105,0,2.9525675195817733
U0012106,1,-0.09774465180454683
U0012107,0,4.6991907255649785
U0012108,1,3.0979830256031633
U0012109,0,3.747461179358698
U0012110,1,4.083531072326743
U0012111,1,3.5376338260359645
U0012112,1,1.4684422919470137
U0012113,1,1.7160778081110184
U0012114,0,2.9777216611729926
U0012115,1,3.4430160443833238
U0012116,0,4.786506436031926
U0012117,1,3.0134049513490737
U0012118,1,6.2444218898525925
U0012119,0,2.3332308310848084
U0012120,0,3.989422476727004
U0012121,0,1.6038490019218727
U0012122,1,2.924736235429105
U0012123,1,5.419531166899862
U0012124,1,6.839974065759964
U0012125,1,3.261904744845893
U0012126,1,3.6560669261632057
U0012127,1,5.519803809209261
U0012128,0,3.280682392150087
U0012129,0,0.9999037799146961
U0012130,1,4.311084327197358
U0012131,0,0.7068024490518958
U0012132,0,3.8458055539299956
U0012133,0,-1.214365945226497
U0012134,0,3.2927861803354084
U0012135,1,0.00047790376771317256
U0012136,1,3.430746450712846
U0012137,0,4.069033728659395
U0012138,1,0.27679607820367025
U0012139,1,1.7023771682213784
U0012140,1,5.133274030668224
U0012141,1,0.8715007427669654
U0012142,0,3.5536567988635923
U0012143,0,1.5211782634832556
U0012144,0,5.59856436134411
U0012145,0,2.680471184446553
U0012146,0,-0.04727632505195345
U0012147,0,4.496423786071979
U0012148,1,7.951860070469284
U0012149,0,-1.1986133264374068
U0012150,1,2.419038113695553
U0012151,0,1.0573963887873035
U0012152,1,3.805914017532741
U0012153,1,-2.30862009854698
U0012154,0,1.6045288480923752
U0012155,0,1.272090186868489
U0012156,0,4.967361749266924
U0012157,0,-0.8894748711230918
U0012158,0,3.804151537445012
U0012159,1,3.0302043231831455
U0012160,1,2.546102843371685
U0012161,1,5.1766559203592255
U0012162,1,3.699570202657714
U0012163,1,3.335697032578734
U0012164,1,1.9962211932907152
U0012165,0,0.3847302091695788
U0012166,1,2.195780660085955
U0012167,0,2.6620753006624973
U0012168,1,3.4133455529247243
U0012169,1,4.904109208571814
U0012170,1,3.390477026201445
U0012171,0,1.6931257092494612
U0012172,1,3.151444686835422
U0012173,0,2.9599779590021846
U0012174,1,2.0373480572134497
U0012175,0,2.496912411618492
U0012176,1,2.9936758976977007
U0012177,0,1.3686510933272658
U0012178,1,0.2028037253578674
U0012179,0,2.3661011145761783
U0012180,1,5.366509855693948
U0012181,1,3.6450107168758397
U0012182,1,2.8113464197579976
U0012183,1,2.173112488615086
U0012184,1,2.928981011582337
U0012185,1,1.3741430888606558
U0012186,0,2.721564116083096
U0012187,0,4.2012065552843545
U0012188,0,3.7854804863463976
U0012189,1,2.6176968137241836
U0012190,0,4.246041902784238
U0012191,0,-2.2192258132980482
U0012192,1,2.759501790397506
U0012193,1,3.425853717611677
U0012194,0,2.1857614438017965
U0012195,0,2.2526694904345774
U0012196,0,0.27540123645404435
U0012197,0,3.098193136090341
U0012198,1,3.773761683210534
U0012199,1,0.46075486907530205
U0012200,1,1.6750730812698134
U0012201,0,4.8534117455847845
U0012202,0,3.3322283990761212
U0012203,1,2.1463074219601097
U0012204,1,1.3193076243911648
U0012205,0,-1.20040999003354
U0012206,1,1.4583263051494058
U0012207,1,2.556244915518583
U0012208,0,2.413566399891696
U0012209,0,5.429492300657808
U0012210,0,2.8061110428159584
U0012211,0,0.3601504023968083
U0012212,0,3.1821446495385217
U0012213,0,3.0095351759984013
U0012214,0,1.665259131813663
U0012215,1,2.6794682929864138
U0012216,0,2.3344897266099345
U0012217,0,5.479641769254133
U0012218,1,-3.539628981256179
U0012219,1,2.878344410788255
U0012220,0,5.020660043776868
U0012221,0,0.7963084678435806
U0012222,0,1.1477158691750766
U0012223,1,4.723881244387453
U0012224,0,2.293716110076126
U0012225,0,2.8608743684657014
U0012226,1,1.3772524463157776
U0012227,1,3.418283809675227
U0012228,0,3.142080153634314
U0012229,0,1.834069869770513
U0012230,1,2.9143937075742556
U0012231,0,4.979295728857188
U0012232,0,2.6708042351445034
U0012233,0,4.085491794737335
U0012234,0,5.088461385113117
U0012235,1,3.074271496478822
U0012236,1,1.1544939510941
U0012237,1,6.342682820883223
U0012238,0,2.0909670973485035
U0012239,0,4.428124254639101
U0012240,1,0.023285618827664223
U0012241,0,2.2311445771974103
U0012242,1,-0.3447248286008673
U0012243,0,3.46519790010273
U0012244,0,5.2502042399131525
U0012245,1,3.0224011879737898
U0012246,1,2.132314817850144
U0012247,1,1.1405091500504518
U0012248,0,3.184332944673507
U0012249,1,2.944302313729999
U0012250,0,4.894744606524384
U0012251,1,3.0196770400291264
U0012252,1,1.0585229473384423
U0012253,1,4.075643699834329
U0012254,0,4.633895887698841
U0012255,0,2.7255092839912027
U0012256,0,1.6199652753583287
U0012257,0,2.2401551458244775
U0012258,1,1.4465774097091764
U0012259,1,1.45169318770456
U0012260,1,4.20264042565811
U0012261,1,4.551495199034916
U0012262,1,5.203808897903826
U0012263,1,2.209012114362018
U0012264,1,2.908119742870534
U0012265,0,4.428252611954498
U0012266,0,5.296740871880388
U0012267,0,4.504068073232233
U0012268,0,9.842866119666262
U0012269,0,2.328136067041431
U0012270,0,3.824844953505526
U0012271,1,2.7491643027640755
U0012272,0,3.485263206500864
U0012273,1,2.606071601090875
U0012274,1,0.7188838648646367
U0012275,0,3.6469391932547026
U0012276,1,7.033291544988728
U0012277,1,2.2564304458762336
U0012278,0,3.635257539592578
U0012279,0,2.4831526607734915
U0012280,0,2.3197042057865414
U0012281,0,2.78993627013055
U0012282,0,5.2040197563668364
U0012283,0,4.50613000911498
U0012284,1,1.8950014107367679
U0012285,0,3.5866627841318213
U0012286,0,2.8439079172404114
U0012287,1,2.264996991172165
U0012288,0,4.947848493793561
U0012289,1,1.864233317606839
U0012290,1,4.567968732964449
U0012291,0,8.86844253811099
U0012292,0,0.825655878752233
U0012293,0,4.7268720902178005
U0012294,0,4.223531806855988
U0012295,1,2.4242927224488007
U0012296,0,2.076693408278281
U0012297,0,1.0315821695208385
U0012298,0,1.9442071225379394
U0012299,1,1.54268945960653
U0012300,0,3.5546297872262365
U0012301,0,3.0893758602028214
U0012302,1,0.5912365063704552
U0012303,1,9.715296921921652
U0012304,1,3.7092879903741363
U0012305,1,2.503046159645521
U0012306,0,4.81655161436278
U0012307,1,1.8497172050004629
U0012308,1,1.635545404078897
U0012309,0,2.9762493392833775
U0012310,0,3.343654540568778
U0012311,0,1.8205052856146828
U0012312,0,5.408164860791143
U0012313,1,3.5634150682699506
U0012314,1,2.6196665271899615
U0012315,0,4.587410528799621
U0012316,1,2.922046957152851
U0012317,0,2.6753871520664916
U0012318,0,2.3970882129301607
U0012319,0,2.1069097634580487
U0012320,0,2.532393934780618
U0012321,1,0.8853513469453631
U0012322,1,3.588970622878257
U0012323,1,3.451305944663705
U0012324,1,-0.38506996637984336
U0012325,1,1.9725134090670764
U0012326,0,2.6107719935875267
U0012327,0,4.458646178278766
U0012328,1,2.8143950785262746
U0012329,0,2.6451537266179486
U0012330,0,2.6852941519287974
U0012331,1,1.3272316344228479
U0012332,1,2.3278162121733033
U0012333,0,3.3119230356163065
U0012334,1,3.0264067150657894
U0012335,0,6.855096621431638
U0012336,0,1.2220172292809899
U0012337,0,4.503528583560355
U0012338,1,1.250290236883206
U0012339,1,3.187046756870412
U0012340,1,1.929973999101085
U0012341,1,1.0940351923132852
U0012342,0,-0.08238933370027368
U0012343,0,0.5639046736771753
U0012344,0,4.47578204897818
U0012345,0,2.786469303219281
U0012346,1,1.8870600271900138
U0012347,0,6.15507352459424
U0012348,0,1.7084451841220982
U0012349,0,4.867345511519904
U0012350,0,1.6355124594504424
U0012351,0,5.1165915809464195
U0012352,0,4.9809953918022245
U0012353,0,2.953975863448278
U0012354,0,2.9516206526132187
U0012355,0,1.884715478357812
U0012356,0,1.309430868583802
U0012357,1,3.0060996011803187
U0012358,1,0.6488173535651587
U0012359,0,4.037870781847403
U0012360,1,3.0440653847925603
U0012361,1,2.079467110215788
U0012362,0,3.359550000633778
U0012363,0,4.566703254411557
U0012364,0,4.05477218092577
U0012365,1,1.7089006839993974
U0012366,0,2.497673496711588
U0012367,0,0.6703373834833286
U0012368,1,4.786988191539237
U0012369,1,2.4000963082786164
U0012370,1,4.325721799146995
U0012371,0,2.318236708278654
U0012372,0,2.204865046898581
U0012373,1,3.1762913162179913
U0012374,0,3.1670865170411915
U0012375,1,2.2521843982138137
U0012376,1,2.9753809118203023
U0012377,1,2.1080036057338685
U0012378,0,3.6678395844193865
U0012379,1,-0.7756890415428757
U0012380,0,3.23060062036809
U0012381,1,2.8582547387206603
U0012382,1,1.6169103332732568
U0012383,1,2.889191208149306
U0012384,0,3.4710082909022173
U0012385,1,3.233967830359264
U0012386,0,3.6544395540861245
U0012387,0,4.513625332388795
U0012388,0,2.142423744433227
U0012389,1,2.370919758206572
U0012390,0,2.5959152531390863
U0012391,1,2.459544025128139
U0012392,0,1.1819489217112107
U0012393,1,4.192583249075836
U0012394,0,2.800532538119688
U0012395,1,1.6515716946652894
U0012396,1,2.457961439626146
U0012397,1,1.546220886961187
U0012398,0,-2.4839741738199628
U0012399,0,-0.2612596287921498
U0012400,1,2.988225478427953
U0012401,0,1.0217277299867114
U0012402,1,4.252027222728053
U0012403,0,4.792100139415318
U0012404,1,2.806020014219623
U0012405,1,1.5267944530205675
U0012406,1,0.3977582521183649
U0012407,0,3.531709095248896
U0012408,1,4.1863799401676065
U0012409,1,5.878055898827419
U0012410,0,1.4446450622461384
U0012411,1,0.9397237867974724
U0012412,0,2.7419119037672566
U0012413,1,3.256509163822752
U0012414,0,3.9450740245152964
U0012415,0,1.5187558096310916
U0012416,0,2.276349579632921
U0012417,0,1.0781519835876807
U0012418,1,1.8016696226819722
U0012419,1,2.747280839849548
U0012420,1,2.150764809481256
U0012421,1,2.1885662394201297
U0012422,0,2.537386608316332
U0012423,0,4.9356947197859
U0012424,1,2.4877215763885125
U0012425,0,2.486803457239157
U0012426,1,1.8802327459345776
U0012427,0,2.0814128421769205
U0012428,1,2.544318499656903
U0012429,1,2.3682439326586078
U0012430,1,3.1282099211406837
U0012431,0,-5.471048751788178
U0012432,1,3.3087826338573407
U0012433,1,4.486181549462277
U0012434,1,1.0855689254816916
U0012435,1,6.625598726253601
U0012436,0,-0.46558979480956353
U0012437,0,3.6700354008397618
U0012438,1,2.204513697504993
U0012439,0,2.0155383507253823
U0012440,1,1.9501709040432438
U0012441,0,1.8596089347036706
U0012442,0,5.396270266010834
U0012443,0,1.706659633448453
U0012444,0,3.2315371499225805
U0012445,1,3.1071228261447494
U0012446,1,2.922170750705112
U0012447,1,2.4968428990202973
U0012448,0,4.403417105678092
U0012449,0,2.5655097827479665
U0012450,1,0.4102179499209768
U0012451,1,1.2891014593346064
U0012452,0,2.2641685809286027
U0012453,0,2.1970209844666577
U0012454,1,4.095614645557715
U0012455,0,1.3666829850865003
U0012456,1,4.608509251657345
U0012457,1,0.3797417344572871
U0012458,1,3.059506980288141
U0012459,1,2.9904791013763017
U0012460,0,3.290884092526891
U0012461,0,3.1456087663545382
U0012462,1,4.624899020530236
U0012463,0,4.302624648813037
U0012464,0,4.05330384195338
U0012465,1,1.5539750668967365
U0012466,1,3.3849133893089327
U0012467,0,3.6816908778071316
U0012468,1,4.157894269204341
U0012469,0,3.037676760141494
U0012470,1,2.4664722485317974
U0012471,1,1.0829988534130948
U0012472,0,1.7691032358694585
U0012473,0,-0.4988036406350673
U0012474,1,1.4644572263116018
U0012475,0,5.623683176324938
U0012476,1,3.079918785226422
U0012477,0,0.11255061976694236
U0012478,1,0.05718607060878256
U0012479,1,2.411333036850838
U0012480,0,-0.31417574460631137
U0012481,0,3.248552023695078
U0012482,0,3.443761267105735
U0012483,1,-1.0147426524544034
U0012484,1,3.476998371840004
U0012485,1,-2.5709938347754644
U0012486,1,0.6654454781131562
U0012487,1,0.1606637918534055
U0012488,0,0.13702156991226389
U0012489,0,3.0772432950509234
U0012490,1,5.583807482469474
U0012491,0,1.93619902999537
U0012492,0,3.3732564801621265
U0012493,0,2.316748061869763
U0012494,0,3.3300037580460256
U0012495,1,3.894634552886913
U0012496,0,2.9209257858729316
U0012497,0,-1.1927689360465834
U0012498,1,4.0017489294888655
U0012499,1,4.0131416333015135
U0012500,0,1.6562686878126556
U0012501,0,1.6697782016580582
U0012502,0,0.7479990163479755
U0012503,1,3.9403377362322196
U0012504,0,3.772173048948135
U0012505,0,3.6267284897496754
U0012506,1,0.38398550539822907
U0012507,0,-13.206792565879901
U0012508,0,3.421287241736179
U0012509,0,1.4988194107038133
U0012510,1,3.626579465178528
U0012511,0,3.4762731963994806
U0012512,1,-0.5891921062897243
U0012513,1,3.027692427830651
U0012514,1,1.561459714657449
U0012515,1,0.8434780365352275
U0012516,1,2.7759684939751637
U0012517,0,3.065901987106333
U0012518,1,1.74129895593585
U0012519,1,3.103216262431074
U0012520,1,1.659120503779162
U0012521,1,4.469693909009603
U0012522,0,4.755948589173496
U0012523,0,0.08839636115043703
U0012524,0,6.220407754648324
U0012525,1,3.08788083602661
U0012526,0,1.5647433352449358
U0012527,1,0.510650997812272
U0012528,1,4.2727240823330845
U0012529,0,4.222057236520378
U0012530,1,2.7414560094159164
U0012531,0,2.0539597142622696
U0012532,0,3.333557799702433
U0012533,1,3.490343496987178
U0012534,0,5.155806485814502
U0012535,1,5.719339794905
U0012536,1,2.585180844052566
U0012537,0,2.9689622256002117
U0012538,0,2.433047026645877
U0012539,0,2.559742096522303
U0012540,1,1.6802269969272992
U0012541,1,1.3639116146233015
U0012542,1,3.954010216624237
U0012543,1,1.1776994411562924
U0012544,1,2.305259755334651
U0012545,0,2.2732096423843338
U0012546,1,3.340587630552129
U0012547,0,1.3253546587793004
U0012548,0,0.7203628916794571
U0012549,1,-0.5453771710723032
U0012550,1,1.0782544326874763
U0012551,0,2.438577190586713
U0012552,1,1.574823384410962
U0012553,1,1.1475019356551055
U0012554,0,0.16729928209517908
U0012555,1,5.641306146944444
U0012556,1,2.6379860443140473
U0012557,0,3.6044537527805147
U0012558,1,2.158163607371165
U0012559,0,2.009181221889161
U0012560,1,2.765798053911279
U0012561,0,1.5291708962907578
U0012562,0,0.09994711830512415
U0012563,0,3.5816377935116357
U0012564,0,2.621430001496485
U0012565,0,3.922924230499927
U0012566,0,2.6596206833103437
U0012567,0,3.134950421018278
U0012568,0,3.1965403990205807
U0012569,0,1.439034079971222
U0012570,1,2.291765914009055
U0012571,1,2.443415503660747
U0012572,1,2.7744644591052
U0012573,1,2.594472466913018
U0012574,1,-2.4510732702145432
U0012575,0,-1.2861230974923537
U0012576,1,2.21242958221303
U0012577,0,3.491279355672706
U0012578,1,6.8687325328117375
U0012579,0,3.3629028450554337
U0012580,0,3.272669431142866
U0012581,1,1.4478829853045525
U0012582,1,0.23422860979614413
U0012583,0,2.176099014971772
U0012584,0,3.0296393935992114
U0012585,0,-0.670439262306374
U0012586,0,1.064347927041613
U0012587,0,3.550114601090854
U0012588,1,2.61324024770931
U0012589,1,3.241601002054722
U0012590,0,2.4829350334154654
U0012591,0,5.656202497687065
U0012592,0,3.1364675103965816
U0012593,1,2.977558379414031
U0012594,1,3.481827830250367
U0012595,0,2.0624973054042535
U0012596,0,1.8957711452975268
U0012597,1,6.346382726564013
U0012598,1,2.235767524479467
U0012599,1,0.7388617151174888
U0012600,1,2.936022436241121
U0012601,0,2.6142166365212205
U0012602,1,3.013419981980615
U0012603,0,0.5636443146235237
U0012604,1,3.360674652229127
U0012605,0,3.529668123132172
U0012606,0,0.11073099343087023
U0012607,1,0.6189790251558751
U0012608,1,2.407352870843983
U0012609,1,4.07043130464595
U0012610,1,2.3146776903948627
U0012611,1,-3.700345991218285
U0012612,0,2.4045096049828345
U0012613,1,2.476716005961215
U0012614,1,2.1562932942970683
U0012615,0,0.9734768360823942
U0012616,1,3.0892779595829936
U0012617,0,1.1414411298527831
U0012618,0,1.1544346613434513
U0012619,0,2.9452610525595624
U0012620,1,1.3530090498535436
U0012621,1,2.5335708492907365
U0012622,1,3.0414035492464233
U0012623,1,2.864775309519958
U0012624,0,2.2813690396575748
U0012625,0,3.9772304873051176
U0012626,1,4.286326442194412
U0012627,0,-3.950354910998456
U0012628,1,3.1100502503116942
U0012629,0,3.3315212535027126
U0012630,1,2.8717484992793203
U0012631,1,1.0523494473509913
U0012632,0,4.781294931736809
U0012633,1,2.8017389884947157
U0012634,0,2.7544003933325136
U0012635,1,5.161163359964103
U0012636,0,0.9779811766132518
U0012637,0,2.4045316445916
U0012638,0,2.9941473823344005
U0012639,1,1.3591954044118246
U0012640,1,2.117838239635354
U0012641,0,3.7005960020414648
U0012642,0,3.066013959898523
U0012643,0,3.2455460636687796
U0012644,1,1.1951336188655404
U0012645,0,0.4232858812514202
U0012646,0,5.740859092029357
U0012647,1,4.61627299396925
U0012648,1,5.37523947780587
U0012649,1,2.9472095290912392
U0012650,1,0.8556580287379347
U0012651,0,4.142236910721195
U0012652,0,4.672874881346111
U0012653,0,2.7585191180126696
U0012654,0,1.9978707398590618
U0012655,0,6.078707634130716
U0012656,1,4.515710496892234
U0012657,0,4.179943435511255
U0012658,0,3.9237331815711833
U0012659,0,3.344972949549632
U0012660,0,0.6604098822522886
U0012661,0,3.8608937868269777
U0012662,1,2.8273721898918858
U0012663,1,0.5685704292769351
U0012664,1,4.748782294883313
U0012665,1,1.882944958962005
U0012666,1,1.5935004128803918
U0012667,0,1.2055786874758532
U0012668,0,2.590167778474772
U0012669,1,2.1535841046354616
U0012670,1,0.17389629689350627
U0012671,1,3.302591597843051
U0012672,1,2.675324306987836
U0012673,0,3.5935603780823726
U0012674,0,2.657080397786352
U0012675,1,-0.9488619388924384
U0012676,0,2.705925934947203
U0012677,0,2.5234115184307804
U0012678,0,2.3946376486275387
U0012679,1,2.9941976711627127
U0012680,0,3.8224642568506084
U0012681,0,3.429487039279209
U0012682,1,3.092773498978598
U0012683,0,2.6158591422843855
U0012684,1,1.7940958403016758
U0012685,1,3.341547168222071
U0012686,1,2.308605544634961
U0012687,0,1.2437501426663111
U0012688,0,4.557358161967159
U0012689,0,1.2616066436716267
U0012690,0,2.826169758262399
U0012691,1,1.4207680868095345
U0012692,0,-2.379836616107177
U0012693,0,3.2024681060673252
U0012694,0,6.53083247719651
U0012695,1,0.7770264107764433
U0012696,1,0.5971198068101735
U0012697,1,5.258145439270937
U0012698,0,4.414352492034343
U0012699,0,1.9228381509348687
U0012700,1,2.354757329591724
U0012701,0,3.6060663393995753
U0012702,0,4.055919873382976
U0012703,1,-0.8036259545647866
U0012704,1,3.2393290494513245
U0012705,1,0.817678285711505
U0012706,1,4.45170918706701
U0012707,0,3.173331481796261
U0012708,1,3.552664766381639
U0012709,0,2.6533340259975944
U0012710,1,0.9075023081531786
U0012711,1,3.0270640687298673
U0012712,1,2.125906045245163
U0012713,0,1.8257018525347952
U0012714,0,0.44242396001904893
U0012715,0,4.230522995573303
U0012716,0,-1.9913931932645994
U0012717,0,4.458042743541629
U0012718,0,3.2440583322147205
U0012719,0,-1.8482824848448942
U0012720,1,2.238705168326959
U0012721,1,2.4434551846777293
U0012722,1,-1.2951374386021346
U0012723,0,-0.6909791274323105
U0012724,0,2.8464523538111663
U0012725,0,3.591987846396961
U0012726,0,7.29996719948063
U0012727,1,0.7085107817671705
U0012728,0,2.5141845062755053
U0012729,0,3.18724832223657
U0012730,1,0.851255008171961
U0012731,0,1.6358167055954755
U0012732,0,1.8983192300107667
U0012733,0,4.0667076518227745
U0012734,1,0.009130492002469737
U0012735,0,4.3181285300950805
U0012736,0,2.826848173544036
U0012737,1,1.582587519742292
U0012738,1,0.3970050414401136
U0012739,0,1.0173340628732177
U0012740,1,3.396601205774033
U0012741,0,1.876363096872545
U0012742,1,2.182053634624925
U0012743,1,4.924434032335704
U0012744,1,3.544803981082456
U0012745,1,2.7673567131456753
U0012746,0,2.25928510375085
U0012747,1,3.249539904996018
U0012748,0,6.541347342155618
U0012749,0,0.670194056650196
U0012750,0,4.092302115173801
U0012751,1,5.902245428759375
U0012752,1,4.1616380748790895
U0012753,0,3.9710973296950574
U0012754,0,1.7697034580474202
U0012755,1,4.584969513072352
U0012756,1,-1.5663754672726817
U0012757,1,3.34762129714494
U0012758,0,2.4916590446709286
U0012759,0,2.232559030896457
U0012760,1,3.6212713915262036
U0012761,1,3.354003273562027
U0012762,1,3.5298792564844916
U0012763,1,1.194490219476851
U0012764,0,-0.270351172016877
U0012765,0,2.417360147232788
U0012766,1,1.959689727376496
U0012767,1,1.0870627709281742
U0012768,1,1.8587143648072875
U0012769,0,0.1986979946547116
U0012770,1,0.9735153618910672
U0012771,0,1.2966868634427584
U0012772,1,0.33750378815076765
U0012773,0,2.6367650051376827
U0012774,0,2.780876428209858
U0012775,0,2.261382186441523
U0012776,0,3.5221495064609485
U0012777,1,3.5846557246293713
U0012778,0,2.2261024638810767
U0012779,0,1.562365496657769
U0012780,0,1.1605620181170622
U0012781,0,2.382711208757618
U0012782,0,4.714260070090363
U0012783,0,2.3844592662913087
U0012784,1,1.7139842449322238
U0012785,1,-0.40025736355279307
U0012786,0,1.1461240433682232
U0012787,0,1.5078232699705403
U0012788,0,3.2198264117110984
U0012789,0,2.559673223205209
U0012790,1,1.904790901311884
U0012791,0,2.713283937224096
U0012792,1,0.23202409390276912
U0012793,0,4.654892817209063
U0012794,1,3.540204520232585
U0012795,0,1.5249496117460488
U0012796,0,1.002093027326353
U0012797,1,2.032013680227264
U0012798,1,5.55282867305834
U0012799,1,2.884772329605312
U0012800,1,0.9343653620226355
U0012801,0,2.1890726204771482
U0012802,0,1.5974572585660987
U0012803,0,2.8483871069696214
U0012804,0,4.3508533983334186
U0012805,0,3.0633134970098084
U0012806,0,2.397309968987752
U0012807,1,2.655940922474933
U0012808,0,0.5559901653666195
U0012809,1,2.535963805811722
U0012810,0,2.97500676886248
U0012811,0,1.0273023262664118
U0012812,0,2.296052106385858
U0012813,0,2.621042819775166
U0012814,1,4.029850264513415
U0012815,0,3.0479509006204992
U0012816,1,2.8381337090158993
U0012817,1,2.474338835153322
U0012818,1,2.889694795277105
U0012819,0,2.7540911774032253
U0012820,0,3.1509619359786925
U0012821,1,0.4283203954055761
U0012822,1,3.426200619940424
U0012823,1,0.44504638408466946
U0012824,0,-3.4042493502607982
U0012825,0,1.3471695454467252
U0012826,1,2.0183798711071734
U0012827,0,2.058901422966887
U0012828,0,3.910442183026227
U0012829,1,0.5223785849749412
U0012830,1,4.222780554275207
U0012831,0,0.41904720929318984
U0012832,0,2.0573218561777225
U0012833,1,4.397696734725766
U0012834,1,3.5088841643473945
U0012835,1,2.545174619799166
U0012836,0,4.831546859299625
U0012837,0,1.844512013442376
U0012838,1,3.556344444306891
U0012839,0,3.0207575947508385
U0012840,0,6.249405649196159
U0012841,1,4.383302572787571
U0012842,1,2.040972593891823
U0012843,1,5.368564427073268
U0012844,0,1.3384300177843294
U0012845,1,2.5530519050420537
U0012846,1,1.4500574007483369
U0012847,1,4.232473497406467
U0012848,0,1.475618118876616
U0012849,0,4.445068233310639
U0012850,0,0.1483224534909766
U0012851,1,3.790692451265212
U0012852,1,-1.404459086089079
U0012853,0,0.48892819551581823
U0012854,0,4.24163667152747
U0012855,1,3.0492805651385133
U0012856,1,4.578787429254518
U0012857,1,2.312565679600791
U0012858,0,2.1823483398155403
U0012859,0,1.4323472644815602
U0012860,1,1.7933397794734383
U0012861,0,2.76636338997508
U0012862,1,2.3335915284432733
U0012863,1,1.5155975948242357
U0012864,0,2.581202303791436
U0012865,0,3.680605573924364
U0012866,1,4.129527237555873
U0012867,1,5.877158327143832
U0012868,1,4.018781831659666
U0012869,0,3.4336694192853017
U0012870,0,2.8425511694108145
U0012871,1,1.7652630049934537
U0012872,0,2.282750231116667
U0012873,0,2.681653298431513
U0012874,0,1.5011452364535138
U0012875,0,2.2937456016780438
U0012876,0,0.5815077227458829
U0012877,1,3.1598741706056455
U0012878,0,3.8751037681058236
U0012879,1,2.2029972939483464
U0012880,1,4.5675864135521
U0012881,0,3.5072920186786405
U0012882,0,1.977956345182605
U0012883,0,2.3952499608226994
U0012884,0,2.772992088493144
U0012885,0,1.4884507763539414
U0012886,0,2.986852910114422
U0012887,0,1.7754998719087745
U0012888,0,5.30605285632812
U0012889,1,3.389244332653618
U0012890,0,2.3215456529381697
U0012891,0,4.208341243675367
U0012892,1,5.86047261686743
U0012893,0,1.0097226569918583
U0012894,1,2.3103750393127918
U0012895,0,3.2862341192036375
U0012896,1,-2.140063317064424
U0012897,0,0.6452038912628986
U0012898,0,1.8960385210994843
U0012899,0,3.855462911032845
U0012900,0,8.997581888801301
U0012901,1,3.281665653937189
U0012902,0,3.686496699674546
U0012903,1,2.0235686756715072
U0012904,0,2.3313571464811815
U0012905,1,2.0260743720191705
U0012906,1,2.0313236570205753
U0012907,0,2.9238343378924014
U0012908,1,0.9336323790373093
U0012909,0,5.7315901053694525
U0012910,0,1.6843726260163585
U0012911,0,3.486278174531993
U0012912,0,3.919081777884294
U0012913,1,0.4981203064941191
U0012914,1,1.908225312589515
U0012915,1,3.171218586390628
U0012916,0,4.261375124421978
U0012917,1,3.893326014029178
U0012918,0,4.19558712328352
U0012919,1,3.2237196378305537
U0012920,0,2.6791321612178294
U0012921,0,3.7660915850216554
U0012922,0,3.3709385868918105
U0012923,1,2.0100194084522016
U0012924,0,2.597672077021933
U0012925,1,3.723995523273892
U0012926,1,1.8831404845490685
U0012927,0,-0.7384954701077966
U0012928,1,4.0594346951956535
U0012929,1,0.6853128884760444
U0012930,0,2.9207917405666635
U0012931,0,2.519366480333577
U0012932,1,0.9484063547912314
U0012933,0,2.1286600671128895
U0012934,0,1.140305496907196
U0012935,0,4.536069138157231
U0012936,1,1.0566845519289174
U0012937,1,-1.0092533178768868
U0012938,1,3.174120893211537
U0012939,0,1.463761070125905
U0012940,0,2.4433418959341573
U0012941,0,1.4230811327790782
U0012942,1,2.379044351064472
U0012943,1,-1.759675447622243
U0012944,0,2.9922293008466614
U0012945,1,3.101163703482225
U0012946,0,0.26901798755022455
U0012947,0,4.193238418175982
U0012948,1,4.928031124709587
U0012949,0,4.2683951389396455
U0012950,1,-1.5191485288332949
U0012951,0,1.7307757419366876
U0012952,0,2.343598901783004
U0012953,0,7.239330680990427
U0012954,1,4.388614255790291
U0012955,0,0.9596909707475803
U0012956,1,0.9340523639341676
U0012957,0,-0.3785936061605959
U0012958,1,2.704148207254647
U0012959,0,1.3703345435963143
U0012960,0,1.1057141278800238
U0012961,1,2.6632670347242104
U0012962,1,1.1580753505509733
U0012963,0,1.8111421728572132
U0012964,1,1.6707110637311757
U0012965,1,1.3292492415238648
U0012966,1,0.6715680692098438
U0012967,1,3.512256653191635
U0012968,0,0.5615854835730474
U0012969,0,5.7463481344355785
U0012970,1,3.013448117026094
U0012971,1,1.0190629558423936
U0012972,1,5.509468151956565
U0012973,0,2.4914298949512457
U0012974,0,4.023561946771046
U0012975,0,-1.4860443682060822
U0012976,0,2.479828801648825
U0012977,1,0.016938163994733912
U0012978,0,6.474328548976336
U0012979,1,5.888307728181667
U0012980,0,3.1251052325595357
U0012981,1,1.5244514152565891
U0012982,1,2.685819481311867
U0012983,1,-0.24692602358211957
U0012984,0,0.05509647390151784
U0012985,1,3.740373596039241
U0012986,0,3.3497170867894503
U0012987,1,3.3593109916329986
U0012988,0,2.1421918378906923
U0012989,0,2.2904656476686114
U0012990,0,3.0615191200449843
U0012991,1,1.3996760603893055
U0012992,0,5.4993047206137735
U0012993,0,0.1993124382214262
U0012994,1,2.6656070971948953
U0012995,0,2.4512125375572698
U0012996,1,3.4936935157005564
U0012997,1,2.673014781566149
U0012998,1,3.035709978237307
U0012999,0,3.7306887677286227
U0013000,0,0.4833355969605577
U0013001,1,3.4770000271607167
U0013002,1,4.113368937071076
U0013003,1,2.1669380117330164
U0013004,0,1.2076899047471379
U0013005,0,3.3631276154752854
U0013006,1,3.2466463691126783
U0013007,1,4.817694354544081
U0013008,1,-0.27936680658530477
U0013009,0,1.6365799488501516
U0013010,0,-1.330001129778708
U0013011,0,3.4926768579141196
U0013012,1,0.5028632514306182
U0013013,0,3.33051785748704
U0013014,0,4.593294165787196
U0013015,1,-0.4995059278711409
U0013016,0,0.5747329390170286
U0013017,0,0.8932317782026047
U0013018,1,4.243700285051986
U0013019,1,2.3025354590647886
U0013020,0,3.562872925972698
U0013021,1,1.7256595549495017
U0013022,0,5.037812998524863
U0013023,1,1.4286191095565535
U0013024,1,2.947300878941384
U0013025,0,1.782378723170364
U0013026,0,2.648923179783779
U0013027,1,3.050311965195121
U0013028,1,3.348005865046348
U0013029,1,6.530609232394797
U0013030,0,4.215606870664692
U0013031,0,2.265362151210571
U0013032,1,4.535949387167854
U0013033,0,4.30917062065971
U0013034,1,1.964350235023776
U0013035,1,6.142729317750405
U0013036,1,-0.5185398935703205
U0013037,0,3.285212980350554
U0013038,1,4.196607440546737
U0013039,0,3.387941009434156
U0013040,0,5.249835792568504
U0013041,1,2.6533913554125803
U0013042,0,5.58516658600934
U0013043,1,4.315145296192629
U0013044,1,3.4851443403881195
U0013045,0,3.5932863102106687
U0013046,0,1.9089565017353713
U0013047,1,5.354978998511495
U0013048,1,0.03958606492349759
U0013049,0,2.413080022217578
U0013050,0,3.630165425371999
U0013051,0,2.0754336615668763
U0013052,0,3.059426550708226
U0013053,1,2.000048005240025
U0013054,1,1.430946159532363
U0013055,1,0.621497000659371
U0013056,1,2.3187414234981887
U0013057,0,3.733172139286527
U0013058,1,4.392609349319482
U0013059,0,1.6827238584950948
U0013060,1,2.0310973812807944
U0013061,0,2.249752736766922
U0013062,1,1.2202399387265608
U0013063,0,6.039356327106777
U0013064,1,2.8598432143246004
U0013065,0,0.8709994689415197
U0013066,0,2.358914789716021
U0013067,0,2.985872341668051
U0013068,0,2.6395556035254657
U0013069,1,3.4751030438976507
U0013070,0,2.404605532838932
U0013071,1,0.5845800631073175
U0013072,1,2.983358860779349
U0013073,1,3.2242006196606106
U0013074,0,-4.0167549812073275
U0013075,1,3.8420477876241037
U0013076,1,2.541065115836531
U0013077,0,2.4343233500123613
U0013078,1,2.2957756430072003
U0013079,0,2.230309252665454
U0013080,0,0.7339745801865725
U0013081,0,4.838746192998425
U0013082,1,1.0551657246801582
U0013083,1,1.829874093546568
U0013084,0,2.4107102983425506
U0013085,1,1.4551698403780584
U0013086,1,-0.39359550874983995
U0013087,1,2.5266345658316745
U0013088,0,6.439484996300948
U0013089,0,3.3471043549236725
U0013090,0,4.561732674447457
U0013091,1,0.16937256702878045
U0013092,1,1.819078275085804
U0013093,0,2.0954511633795896
U0013094,0,0.72299607077845
U0013095,1,1.3645368787832801
U0013096,0,3.4685309693334965
U0013097,0,4.1899065411429355
U0013098,1,2.1001781439554073
U0013099,1,2.2558681346174367
U0013100,0,3.4189294154237544
U0013101,1,1.735880875104737
U0013102,1,2.959555592368627
U0013103,1,3.5389376485593793
U0013104,1,2.33949367421458
U0013105,1,0.9009579157618948
U0013106,0,1.6825654074242635
U0013107,0,4.914610625128667
U0013108,1,1.3573428781321475
U0013109,1,3.0783274637319007
U0013110,1,1.7194473790332303
U0013111,1,2.7094384760326413
U0013112,0,3.864104930107537
U0013113,1,1.9283007426575054
U0013114,0,2.2678904424714865
U0013115,1,1.0915274346919333
U0013116,0,4.963371546257058
U0013117,0,0.831481182377896
U0013118,0,5.146787147510825
U0013119,0,3.843886522678055
U0013120,1,3.023468535490057
U0013121,0,2.63091860216538
U0013122,1,2.0101087527583275
U0013123,0,2.9402621091583327
U0013124,1,-0.10082696493642374
U0013125,0,3.647159077846876
U0013126,1,3.291154082825951
U0013127,1,5.04604798923625
U0013128,0,4.429981988554804
U0013129,0,4.427146359438613
U0013130,1,4.910008837985039
U0013131,1,3.1406927020293125
U0013132,1,-0.1426992009679715
U0013133,1,2.016719974774965
U0013134,1,3.036103858129465
U0013135,0,2.41705788610755
U0013136,0,3.594572980816828
U0013137,0,3.0936257633698716
U0013138,1,2.842971566750556
U0013139,1,2.7728861383699694
U0013140,0,4.1036366828992765
U0013141,0,3.4296266190390208
U0013142,1,2.0179432334241483
U0013143,1,2.064839235041127
U0013144,0,3.1012733257369156
U0013145,0,-0.39460289961845874
U0013146,1,2.958610634465119
U0013147,0,1.3157698789408734
U0013148,0,5.940334939594054
U0013149,1,2.8158429920119232
U0013150,1,5.002779440360506
U0013151,1,-0.49353272553559435
U0013152,0,3.8904694839363465
U0013153,1,-0.9422478350572661
U0013154,0,2.762558313878973
U0013155,1,1.9078829264209816
U0013156,1,-0.26388004179819546
U0013157,1,5.583596468712059
U0013158,1,0.21479416520917916
U0013159,1,2.8041637817111074
U0013160,0,3.888489918226373
U0013161,0,2.072185776661563
U0013162,1,3.386629198854532
U0013163,0,1.5310468083745228
U0013164,1,3.061741214064881
U0013165,1,1.3276036422213693
U0013166,1,2.7429800465709455
U0013167,0,5.518553461211962
U0013168,1,0.38337831874620676
U0013169,0,3.0857417162187772
U0013170,0,7.428145284108558
U0013171,0,4.628776535422421
U0013172,0,4.1538342202166945
U0013173,0,2.8343217266100798
U0013174,0,0.7101292507665953
U0013175,0,5.852340850063882
U0013176,0,1.6630113385392846
U0013177,0,0.982775466987114
U0013178,0,3.189828611978868
U0013179,0,2.9805926322898753
U0013180,0,2.1385854680187393
U0013181,0,2.0960759087866716
U0013182,0,2.48139074369206
U0013183,1,4.731892311896745
U0013184,0,3.783170181090041
U0013185,1,0.460865445988734
U0013186,1,2.5985948033385995
U0013187,1,0.2258856491846899
U0013188,1,1.8357266019829268
U0013189,0,4.315976637935197
U0013190,0,1.8015922359764005
U0013191,1,2.272479075790276
U0013192,0,3.703000135942558
U0013193,1,1.7435937041440859
U0013194,1,0.9016685688135766
U0013195,0,-1.6913427209152516
U0013196,1,3.2655227997218503
U0013197,0,4.626232259798499
U0013198,0,2.6536244988710607
U0013199,1,0.51352124043202
U0013200,1,0.1422067556199096
U0013201,0,0.3169533911935538
U0013202,0,5.965474878976384
U0013203,0,2.6920554872240086
U0013204,1,1.1142178332111978
U0013205,0,2.4117363808990024
U0013206,0,3.063420347386984
U0013207,0,2.145870995331446
U0013208,0,0.19511251598766677
U0013209,0,5.516761015049028
U0013210,0,4.315240450928325
U0013211,1,2.9103370475786505
U0013212,0,3.233525102237369
U0013213,1,2.737963572443931
U0013214,1,-0.06881416201234458
U0013215,1,2.27313915961199
U0013216,0,0.4826998571243948
U0013217,0,3.8034163655606434
U0013218,0,4.75106717504103
U0013219,0,4.013281241499294
U0013220,1,2.880151582371955
U0013221,0,5.370537562193817
U0013222,0,-5.1310068259726975
U0013223,0,0.8638119864244835
U0013224,1,2.378878068380896
U0013225,0,2.487113928358948
U0013226,0,1.7535164233792866
U0013227,1,4.801308286157845
U0013228,0,2.59577543186062
U0013229,0,7.248834717018429
U0013230,0,-2.3330391798216965
U0013231,0,3.345745323082145
U0013232,1,0.18181053138743763
U0013233,0,-5.179637911047202
U0013234,0,-0.4317535914669399
U0013235,1,5.559583933806039
U0013236,0,-1.1770549391989107
U0013237,0,1.7453229227286542
U0013238,1,2.2887322482765633
U0013239,1,2.420251266151311
U0013240,0,0.9944441990737722
U0013241,0,0.011108265158320307
U0013242,1,0.5613558555681522
U0013243,0,3.057492809759239
U0013244,0,0.4433577519174854
U0013245,1,1.1294955312683115
U0013246,0,2.8890523339155525
U0013247,0,4.501317375124598
U0013248,0,2.7967423165004917
U0013249,1,1.1893664924068332
U0013250,1,2.0041501239369133
U0013251,1,2.4796770696258434
U0013252,1,2.370557932780196
U0013253,1,1.959607289662742
U0013254,0,3.5944670717363465
U0013255,0,2.614851617643975
U0013256,0,2.0032455120331285
U0013257,0,5.537486520816778
U0013258,0,3.351158415038407
U0013259,0,3.7109617094607366
U0013260,1,1.9919057238949858
U0013261,1,2.2128731877057177
U0013262,0,1.7839339894827582
U0013263,0,4.066183920923036
U0013264,1,4.96722134962579
U0013265,0,3.3482437516385772
U0013266,0,3.546246337545476
U0013267,1,2.189748890802168
U0013268,0,3.719740189074411
U0013269,0,0.2484875580250545
U0013270,1,3.583600308157008
U0013271,0,2.0835919175300877
U0013272,1,1.1337920069181031
U0013273,0,2.014658841943099
U0013274,0,3.756138962741865
U0013275,1,2.834876041074173
U0013276,1,2.8311328483674103
U0013277,0,4.73105092936078
U0013278,0,2.7418615401793485
U0013279,0,2.6469941992953245
U0013280,1,0.6119037448439109
U0013281,1,2.2627883941453355
U0013282,0,2.7164629127723856
U0013283,1,1.2392895497653278
U0013284,0,2.480868828620025
U0013285,0,3.4557778873912106
U0013286,0,3.84733858391059
U0013287,1,1.7564591713784328
U0013288,1,1.1863277192057744
U0013289,0,2.447512137937167
U0013290,1,1.0395063768475907
U0013291,1,3.4678140220834948
U0013292,0,3.4430963375593695
U0013293,0,5.5222518274262065
U0013294,1,2.211492779829989
U0013295,0,2.947239587104331
U0013296,1,1.7170940855018841
U0013297,1,3.3516586890434965
U0013298,0,6.9739376428764235
U0013299,1,3.333624109741116
U0013300,0,5.98101139875725
U0013301,0,1.6607958371316425
U0013302,1,3.0082299200144256
U0013303,0,1.2499593722290463
U0013304,1,1.1418818374048314
U0013305,1,3.8639982519806857
U0013306,1,5.5775503392572325
U0013307,0,0.9593814192335195
U0013308,0,5.511875069797778
U0013309,1,1.871373736893844
U0013310,1,0.13201163043905595
U0013311,0,0.6764589822418294
U0013312,1,-1.6480302401060705
U0013313,1,5.046420054726724
U0013314,1,4.2094402463018366
U0013315,1,1.873569823138613
U0013316,1,0.6691519268034085
U0013317,0,2.732971527009788
U0013318,0,2.7365280395131784
U0013319,1,3.008153000507968
U0013320,0,3.1660580488570957
U0013321,0,1.279783438306005
U0013322,1,-0.6930499904066423
U0013323,1,2.023796792019379
U0013324,1,3.5513108353653724
U0013325,0,3.067107763837118
U0013326,1,5.370599835417437
U0013327,1,1.550630753109921
U0013328,0,2.3415797481351603
U0013329,0,3.668859042826611
U0013330,0,2.0407627453631196
U0013331,1,0.09426915629113353
U0013332,0,1.2613521150551215
U0013333,0,6.029265218718983
U0013334,0,-3.3064249859737203
U0013335,1,3.1801928165834887
U0013336,1,-0.09676281072500359
U0013337,0,4.020194807110492
U0013338,1,2.252201659811206
U0013339,1,5.176781115836965
U0013340,1,4.946717476474063
U0013341,0,3.0211028995693425
U0013342,0,-5.215207871913083
U0013343,1,0.11380282769107453
U0013344,1,3.251192772073056
U0013345,1,2.7205474106585896
U0013346,1,2.3732777141065746
U0013347,0,2.674508166084726
U0013348,0,4.059490083417598
U0013349,1,3.240845861804889
U0013350,1,4.0081355159302525
U0013351,1,3.2139250258064997
U0013352,1,2.32450369805386
U0013353,1,0.8108166349620092
U0013354,1,2.5441904101612867
U0013355,0,2.5466394300370947
U0013356,1,1.4493749666744922
U0013357,1,4.543344210144584
U0013358,1,-0.7554379845165826
U0013359,1,2.04705674367392
U0013360,0,5.353706023997386
U0013361,0,3.224192794524182
U0013362,1,3.487284749569042
U0013363,0,2.725794354264835
U0013364,1,3.0099086978990055
U0013365,1,1.3900539536330356
U0013366,0,0.580293936359519
U0013367,1,5.510880354035201
U0013368,0,2.6434465232121998
U0013369,0,2.3013202025243444
U0013370,0,1.9465672867751636
U0013371,1,0.5206111838712957
U0013372,0,1.8850590656778863
U0013373,1,3.599886098883804
U0013374,1,2.9490597550515503
U0013375,0,3.565319497734631
U0013376,0,3.117397712097768
U0013377,0,0.21136138672230942
U0013378,0,1.8238452849667333
U0013379,0,2.30196111687426
U0013380,1,4.2652119093847
U0013381,0,1.4858723840329162
U0013382,0,1.5322487145936723
U0013383,1,3.34544929549039
U0013384,0,3.090203212453705
U0013385,1,2.4542952694801308
U0013386,0,1.032034911746372
U0013387,1,4.649180814000207
U0013388,1,0.8879612507629933
U0013389,1,3.570411767941657
U0013390,1,3.403210526637565
U0013391,0,4.127280551709175
U0013392,0,4.159823073118497
U0013393,0,3.182787153580474
U0013394,1,3.858123835134087
U0013395,1,4.0824001289371346
U0013396,1,5.44002026993555
U0013397,1,3.1818448202514578
U0013398,0,3.5863753404844054
U0013399,0,2.6425160069952547
U0013400,1,3.936700527894633
U0013401,1,3.476731196095013
U0013402,1,3.731393834970767
U0013403,1,3.0216096157544587
U0013404,0,-6.756512805878003
U0013405,0,3.392991766767331
U0013406,1,4.003066049620358
U0013407,0,3.3761312022880663
U0013408,0,3.224371779655577
U0013409,0,3.08850320938131
U0013410,0,2.3975192765137976
U0013411,0,3.2040707570271856
U0013412,0,0.4774946600517893
U0013413,1,0.8400866886438116
U0013414,0,2.8766287798887618
U0013415,1,2.6376863701690674
U0013416,0,-0.5190965878948433
U0013417,0,3.2779825729411733
U0013418,1,4.291522276726539
U0013419,1,2.579917047799432
U0013420,1,3.7298671452671037
U0013421,1,2.5362968737222005
U0013422,1,-0.2881338315659896
U0013423,1,2.2773458651003136
U0013424,1,2.331224622991126
U0013425,1,2.9883525903943706
U0013426,0,1.9534007451381257
U0013427,0,4.5049491873695935
U0013428,0,4.259935348867316
U0013429,1,2.841483523990121
U0013430,0,3.718211321777826
U0013431,1,1.5979494385123942
U0013432,0,2.530867180225478
U0013433,0,-0.10687367316067409
U0013434,1,2.151762759846001
U0013435,0,3.604739352148421
U0013436,0,2.0467658713002344
U0013437,1,2.4424771066396467
U0013438,0,1.346913070014626
U0013439,0,2.980953926911159
U0013440,0,3.6705705190717026
U0013441,1,2.4518598332878856
U0013442,1,0.9381376547717473
U0013443,1,1.4620235786278606
U0013444,0,0.9715570697567166
U0013445,1,2.6166797011726715
U0013446,1,3.2670893793301676
U0013447,1,4.396490711661553
U0013448,1,3.453821155821794
U0013449,1,1.1430665951349503
U0013450,0,2.6323932395017433
U0013451,0,2.9149096084277204
U0013452,1,1.4526321858902556
U0013453,1,1.3204771587747874
U0013454,0,3.757126182991872
U0013455,1,4.1839401876074795
U0013456,0,1.0952951420806833
U0013457,0,3.463929101817186
U0013458,1,1.097179607964323
U0013459,0,2.2307931674587245
U0013460,0,2.875481809400668
U0013461,0,1.2749194501509251
U0013462,1,1.3085101097825351
U0013463,0,3.1329350977351496
U0013464,0,3.7072504015427867
U0013465,1,2.366802607351227
U0013466,0,2.9441517065916933
U0013467,0,0.9830888657626851
U0013468,0,1.4021659805971431
U0013469,0,2.6804885882616194
U0013470,1,4.9705186724748796
U0013471,1,0.7068264706404861
U0013472,1,8.905844212794934
U0013473,1,2.813709540115399
U0013474,0,3.887910762273499
U0013475,1,0.9163027315821033
U0013476,1,4.13763809452108
U0013477,0,2.6806777150853023
U0013478,1,2.3708847045259347
U0013479,1,3.500116237341242
U0013480,0,0.7869929758320708
U0013481,0,4.1753357664725606
U0013482,0,4.419448551487349
U0013483,0,3.8866618506064476
U0013484,1,3.714417297303001
U0013485,1,5.031020659693922
U0013486,1,2.3782662607475693
U0013487,1,3.4524502175576366
U0013488,1,1.540437992468032
U0013489,1,1.571540127046827
U0013490,1,1.3038305602347613
U0013491,1,2.9779075168645317
U0013492,0,0.9335855271399858
U0013493,0,3.990021841500287
U0013494,0,2.770119374606981
U0013495,1,0.7934817410439923
U0013496,0,2.180540592069539
U0013497,0,3.486518371271397
U0013498,1,2.059032489589807
U0013499,0,3.376264970670082
U0013500,0,4.53232271637095
U0013501,0,3.115641717824598
U0013502,1,4.818234823159585
U0013503,0,5.126280688697086
U0013504,0,3.4833559590412193
U0013505,0,2.9469161453436357
U0013506,0,3.60394561105719
U0013507,1,3.686061081867397
U0013508,1,3.001464995556379
U0013509,0,3.3877322077083107
U0013510,0,2.361298792360138
U0013511,1,2.4552225646576975
U0013512,0,1.5822528367308344
U0013513,0,3.093506686744245
U0013514,1,1.9216708109153071
U0013515,1,3.427091999632852
U0013516,1,3.9773425814252974
U0013517,0,2.297645441389143
U0013518,0,3.182796417003402
U0013519,1,3.9904088151498236
U0013520,1,1.989471928750909
U0013521,1,1.395054766535079
U0013522,0,9.783828670090205
U0013523,0,3.153936745740399
U0013524,0,3.131786371778233
U0013525,0,1.3814027581839206
U0013526,0,2.025636219378562
U0013527,1,1.9763655510796454
U0013528,0,2.913573325462618
U0013529,1,0.5782814311128384
U0013530,1,1.0092207388089776
U0013531,1,4.428449436990462
U0013532,0,3.287064513115844
U0013533,0,0.7368116184574554
U0013534,1,3.959842569548581
U0013535,1,1.5689653577242488
U0013536,0,1.9930076171779838
U0013537,1,3.041538196081788
U0013538,1,3.0562773035403232
U0013539,1,1.980042872733442
U0013540,0,5.794180915133003
U0013541,0,4.362351379338005
U0013542,1,1.5237041536976648
U0013543,0,-0.7620232292471769
U0013544,0,3.9919664864636566
U0013545,0,0.632661883053288
U0013546,0,3.173692878160548
U0013547,0,1.9733122860482766
U0013548,0,0.8136407483849482
U0013549,1,1.0300749802808653
U0013550,0,0.780922068689744
U0013551,1,2.2485230523236943
U0013552,0,0.17300634208768528
U0013553,1,2.661546107563481
U0013554,0,3.3321925984173184
U0013555,0,4.614423304933069
U0013556,1,3.013795241778176
U0013557,1,1.4168505810038
U0013558,0,4.18289718902901
U0013559,0,3.8520405193361
U0013560,1,-0.6172017653576702
U0013561,0,3.5827030684134336
U0013562,1,3.1857289854183257
U0013563,1,1.3537284168345636
U0013564,1,2.4254918723533194
U0013565,0,1.8566199347945105
U0013566,1,4.601925931047337
U0013567,1,2.1086182114898886
U0013568,0,3.6264921817644087
U0013569,1,4.814765322422222
U0013570,1,0.6558326662969662
U0013571,0,3.117852197797532
U0013572,1,2.852958041965479
U0013573,0,0.8830469270671024
U0013574,1,4.152375955730342
U0013575,0,4.087596398260226
U0013576,1,4.491139650905975
U0013577,1,2.29663813581395
U0013578,1,1.601770145845368
U0013579,1,1.9830335097330458
U0013580,0,1.535715938749867
U0013581,1,3.29166646193336
U0013582,1,-0.29747633666968554
U0013583,0,3.3121499991801038
U0013584,1,2.165242755133592
U0013585,1,2.97331266428845
U0013586,0,1.9362489155220821
U0013587,0,2.9623512242520658
U0013588,0,5.656866662011129
U0013589,1,2.9591371473611296
U0013590,0,-1.7998498824138558
U0013591,1,3.6284454448159877
U0013592,0,-0.6474221367747361
U0013593,1,0.9938775860347988
U0013594,1,4.219675229111633
U0013595,1,2.232385894969809
U0013596,0,1.8473526430138687
U0013597,0,1.8689846774157353
U0013598,0,-0.70553570537529
U0013599,1,1.3381490282247626
U0013600,1,4.455212625317682
U0013601,0,2.9399627671543698
U0013602,1,3.6633038875759745
U0013603,1,-0.3058010004919822
U0013604,0,3.0154283266795154
U0013605,1,3.1344240892899755
U0013606,1,1.217430768464137
U0013607,0,3.3111525913431343
U0013608,0,3.7139222339085194
U0013609,1,2.5315903157932507
U0013610,0,1.75698812778041
U0013611,1,2.427157350277561
U0013612,0,5.011521347618762
U0013613,0,2.9640077217784437
U0013614,1,2.294044900346776
U0013615,1,2.134217137593062
U0013616,0,5.324797900681755
U0013617,0,1.391376063764433
U0013618,1,2.03844146619042
U0013619,1,4.4412427555762015
U0013620,0,4.779012173882853
U0013621,1,0.9914305246306974
U0013622,1,3.4871633348788684
U0013623,1,2.6668021083949043
U0013624,0,5.472228919971574
U0013625,0,3.1391447994041073
U0013626,1,4.234010546195822
U0013627,0,3.390986685820078
U0013628,0,1.662132965616145
U0013629,0,2.2078461902059274
U0013630,0,0.07503357188048909
U0013631,1,2.483594932434734
U0013632,0,4.105830601700376
U0013633,1,2.8387306667430394
U0013634,0,3.0325256126266176
U0013635,0,2.4988407013583185
U0013636,0,3.1825130379719138
U0013637,0,6.401564664202256
U0013638,1,-0.16254075089648268
U0013639,1,1.6047266386887102
U0013640,1,4.741897198089163
U0013641,1,3.4660815200084123
U0013642,1,2.4938930770530536
U0013643,0,1.9373345305439535
U0013644,0,3.668841620198455
U0013645,1,2.696651773567204
U0013646,1,3.110628949607129
U0013647,0,3.9403086034903403
U0013648,1,5.223690658045108
U0013649,1,1.295235391297787
U0013650,0,4.416490005284347
U0013651,0,0.9099268382737726
U0013652,1,3.030086622959818
U0013653,1,2.24710860552279
U0013654,0,3.6626245757606135
U0013655,0,2.7557390039588316
U0013656,1,4.594470973305796
U0013657,1,2.462005618847403
U0013658,1,3.1598449758982063
U0013659,1,2.927529322050674
U0013660,1,2.2072929927009177
U0013661,1,2.1643554987616724
U0013662,0,3.55260652569169
U0013663,1,1.77506817047788
U0013664,0,2.6423615666601368
U0013665,1,2.441870459867406
U0013666,1,3.4205462897145917
U0013667,1,4.10805592469111
U0013668,1,2.4111323299356275
U0013669,0,5.3316935145150985
U0013670,1,2.3512751106823764
U0013671,0,3.5692235185433567
U0013672,0,3.8414147140293338
U0013673,1,0.9942075265373624
U0013674,1,2.2377636329729285
U0013675,1,3.541015941406364
U0013676,1,3.231609988645779
U0013677,0,2.9946030426103185
U0013678,0,4.765065140302706
U0013679,1,3.309320429536502
U0013680,0,1.4851850374624114
U0013681,1,1.5708793767358138
U0013682,1,2.932813209379386
U0013683,0,1.7793947492550792
U0013684,1,3.1250240378023957
U0013685,1,-0.327166550442362
U0013686,0,3.4658996741918813
U0013687,1,3.451305993103869
U0013688,0,0.4043523610322026
U0013689,0,5.266950947153287
U0013690,1,1.5867889971294957
U0013691,1,1.8512639167558476
U0013692,0,1.000281310804592
U0013693,1,4.752145805537321
U0013694,0,3.7796559419226785
U0013695,0,3.8320771998493086
U0013696,1,1.8240450008221742
U0013697,1,0.1922063258006439
U0013698,0,3.236904933237163
U0013699,0,3.5976783767739633
U0013700,0,2.221672205693416
U0013701,1,3.68009562068773
U0013702,1,1.3345985234748525
U0013703,1,2.230359716472254
U0013704,0,2.036770114467611
U0013705,1,2.2053863974397103
U0013706,0,3.80234396003317
U0013707,0,3.8072939811789936
U0013708,0,1.886260609202628
U0013709,1,1.8394326708390345
U0013710,1,0.5441314964119641
U0013711,1,4.457526278022325
U0013712,1,3.1666739561515946
U0013713,0,0.520947756789802
U0013714,0,3.3473469578137394
U0013715,0,3.037423301112259
U0013716,1,3.3782778202579955
U0013717,1,7.449527690141537
U0013718,1,1.3778687157100045
U0013719,1,4.033999030066173
U0013720,1,0.7704231338904748
U0013721,0,1.7449149651999178
U0013722,1,3.8896981459311277
U0013723,1,4.400882712882275
U0013724,1,3.396050601095631
U0013725,1,4.217401044162049
U0013726,1,3.950470437615742
U0013727,0,2.984244990401752
U0013728,1,4.070428590526774
U0013729,0,3.218660525694439
U0013730,0,2.157982282973151
U0013731,0,3.777201397042509
U0013732,0,6.481481497285191
U0013733,0,4.207683104245273
U0013734,1,0.2973454385172474
U0013735,0,1.6388216198481906
U0013736,0,3.5199886266480362
U0013737,1,5.558370470739529
U0013738,1,6.256303979994458
U0013739,0,4.917468756478973
U0013740,0,2.6140763160928557
U0013741,0,1.0691225219032354
U0013742,1,3.4242284479449303
U0013743,1,2.3073626076838956
U0013744,1,1.2789678945099379
U0013745,0,-1.5351084429623576
U0013746,1,2.8718335581583148
U0013747,1,2.1712245469485865
U0013748,0,2.435881336866654
U0013749,0,3.9249941660117464
U0013750,1,3.7690131245675573
U0013751,0,0.2219268735514639
U0013752,1,3.0356832741634427
U0013753,0,1.327825060680869
U0013754,0,1.8308055287605178
U0013755,0,1.5652819405600749
U0013756,1,2.6570426835960888
U0013757,0,0.9550387699149958
U0013758,0,3.0756089921830636
U0013759,1,1.8862294415969565
U0013760,1,3.92489070647051
U0013761,0,5.475593133106713
U0013762,0,3.5269016845318575
U0013763,1,2.5955194661725756
U0013764,0,6.06695761649819
U0013765,0,-0.5959564472269498
U0013766,1,3.2370582370119383
U0013767,1,4.726420823288777
U0013768,1,0.43460855105933405
U0013769,0,1.5284527791663152
U0013770,0,2.983876438321932
U0013771,1,3.882930214137062
U0013772,1,5.940659140714862
U0013773,0,3.2953592087248538
U0013774,0,2.6145070380581927
U0013775,0,3.4493780699849736
U0013776,1,3.142009439370863
U0013777,0,0.48937580782872026
U0013778,0,3.7231194427026786
U0013779,1,4.282213713454055
U0013780,1,3.1271795829030715
U0013781,0,0.26998526587503235
U0013782,0,0.11754484599849846
U0013783,0,2.497807267440443
U0013784,0,4.860052922449416
U0013785,1,2.394087784016559
U0013786,0,2.082304337220462
U0013787,0,3.0578693792604383
U0013788,1,3.586275216797029
U0013789,1,2.607013174332753
U0013790,0,2.977702974152926
U0013791,0,3.7001909214505257
U0013792,0,3.2111597018088816
U0013793,1,3.6896307176000604
U0013794,0,-0.046390641115889863
U0013795,1,1.5275760647041814
U0013796,0,4.625299338653754
U0013797,0,2.512072239993305
U0013798,1,4.287865843470513
U0013799,0,2.9067145409332564
U0013800,1,3.5810585153600982
U0013801,0,2.8356943004900828
U0013802,0,1.6625264637180397
U0013803,1,4.010770598307516
U0013804,1,3.1678427612572975
U0013805,0,0.6355285243136493
U0013806,1,3.7405719728407654
U0013807,1,2.116840750679515
U0013808,1,5.766021289063168
U0013809,1,3.2115453087668406
U0013810,0,2.258272686562144
U0013811,0,1.4558926497373577
U0013812,0,3.3890221358329633
U0013813,0,4.309854203955695
U0013814,0,0.3786194417144415
U0013815,0,2.575638012411078
U0013816,0,-0.1199892367436135
U0013817,0,2.592869132630973
U0013818,0,2.543121823028816
U0013819,1,-0.41997202535327816
U0013820,1,5.1357871979693
U0013821,0,0.8980862605374256
U0013822,0,3.9417400142194907
U0013823,0,2.334134926113073
U0013824,1,3.532779480089225
U0013825,0,2.807164031106808
U0013826,1,1.4079875715158323
U0013827,0,3.318455085775973
U0013828,0,3.0801045795240327
U0013829,0,2.189181661765577
U0013830,1,0.6299498865530424
U0013831,1,-0.2658214683339537
U0013832,0,-0.012538128569644869
U0013833,1,4.214204763744343
U0013834,0,0.8136177629874677
U0013835,0,0.24856850459140034
U0013836,0,2.2991113388971396
U0013837,1,-0.21048946845027672
U0013838,0,2.9689608776975476
U0013839,0,6.089042286280854
U0013840,1,0.9817197993567621
U0013841,0,4.219745453902062
U0013842,1,4.1346797057858105
U0013843,1,2.7946217357801046
U0013844,0,0.9960579907154852
U0013845,0,2.9666238990004974
U0013846,1,0.7893083480608709
U0013847,1,1.292872906986739
U0013848,0,3.398514193838624
U0013849,1,3.348652892912934
U0013850,0,4.128244596076943
U0013851,0,3.071517125697655
U0013852,1,-0.362667816962988
U0013853,1,1.1183902028698043
U0013854,0,2.8392296865252753
U0013855,1,1.7413713083238846
U0013856,1,1.0759657765814286
U0013857,1,1.7745834568850753
U0013858,1,5.119712395210559
U0013859,1,2.786394015403536
U0013860,0,1.9381772586257853
U0013861,0,5.022412080137229
U0013862,1,0.4771359459442692
U0013863,0,1.4685697378967077
U0013864,0,0.42696564959790884
U0013865,1,6.223532519927993
U0013866,0,2.0687208166459357
U0013867,0,2.4221060945477717
U0013868,0,4.199109569571318
U0013869,1,0.4799550485069979
U0013870,0,1.9615240751858014
U0013871,0,1.6441109099443771
U0013872,0,4.0748186259334584
U0013873,0,5.3972097329016755
U0013874,1,3.77751020765767
U0013875,1,2.4274374031947517
U0013876,0,0.27297405184411616
U0013877,1,3.238982392233673
U0013878,1,2.791382025744797
U0013879,0,3.3910989791158617
U0013880,1,3.141848634091467
U0013881,1,5.287773096761409
U0013882,0,4.098791927467076
U0013883,1,1.234951049222568
U0013884,0,3.1983539120353015
U0013885,1,0.9899449768820787
U0013886,1,3.797832427128723
U0013887,1,2.0015045362292874
U0013888,0,-2.2953967462410496
U0013889,0,3.9518077999100427
U0013890,0,4.210912367266598
U0013891,0,3.612915647481646
U0013892,0,1.3221827228532206
U0013893,1,2.6351562951078424
U0013894,0,2.3389431907223894
U0013895,0,5.408454458528485
U0013896,0,1.636224606052373
U0013897,1,1.3555402103203846
U0013898,0,1.7924362816190715
U0013899,0,2.825343864012847
U0013900,1,3.847066744624927
U0013901,1,2.536880886528513
U0013902,0,2.53678504012942
U0013903,0,3.6910632845850397
U0013904,0,1.085617077737254
U0013905,0,4.2776567410318105
U0013906,0,2.71999083066806
U0013907,1,2.955181859110718
U0013908,1,3.1995350374743303
U0013909,0,3.9662835680986177
U0013910,1,3.4275332864492594
U0013911,1,2.4218752855598282
U0013912,1,2.3732995167923114
U0013913,1,3.051250813960941
U0013914,0,4.544025746542257
U0013915,0,5.527535779301147
U0013916,1,0.6567408156856764
U0013917,1,3.0221463345773962
U0013918,1,2.0999628379823374
U0013919,0,0.7251879382739759
U0013920,0,4.2758469058759125
U0013921,0,6.957532819066429
U0013922,0,-0.04023986094626508
U0013923,1,1.886012170705886
U0013924,0,0.8523564284071377
U0013925,1,3.4735947526928292
U0013926,0,1.915123948205789
U0013927,1,3.4251974759927197
U0013928,1,3.4442401190829166
U0013929,0,3.244347736878959
U0013930,0,1.8457842659574606
U0013931,1,3.193995944526371
U0013932,0,2.54637858368654
U0013933,1,6.331005781904846
U0013934,0,0.9291941563560684
U0013935,1,4.386066613206619
U0013936,0,1.3350464017482508
U0013937,0,2.9060770324782688
U0013938,1,1.1451972957666037
U0013939,0,4.765828060875311
U0013940,1,1.626229359706194
U0013941,1,3.569952040119283
U0013942,1,2.137154620341363
U0013943,1,2.6325444043922523
U0013944,0,-0.23262475530254356
U0013945,1,2.35629356170109
U0013946,0,3.207975343223394
U0013947,0,5.732303645664281
U0013948,1,2.471062462494558
U0013949,0,4.2679858853767225
U0013950,1,3.134538607722101
U0013951,1,-0.21346439663800965
U0013952,0,2.6122870732363754
U0013953,0,2.2974660220761542
U0013954,0,2.961339193698855
U0013955,0,2.8936019845119745
U0013956,1,2.3017016899913045
U0013957,1,2.5329991436349957
U0013958,0,0.5013366525337837
U0013959,0,3.0334894280491973
U0013960,0,4.861497749590768
U0013961,1,1.7593208862715475
U0013962,1,-0.08341432232505142
U0013963,0,2.511189204004122
U0013964,1,3.332044605553218
U0013965,0,1.1945264261397703
U0013966,0,2.858945918101373
U0013967,0,3.4698932417679167
U0013968,1,2.6363345780817475
U0013969,1,4.877102604981303
U0013970,0,-1.7678009638919931
U0013971,0,-0.34221676641166354
U0013972,1,3.9762429068595573
U0013973,1,3.2280815159311036
U0013974,0,1.0259798781152512
U0013975,0,4.043907645842253
U0013976,1,6.128436680123386
U0013977,0,3.753902698532656
U0013978,0,0.29445489297956584
U0013979,0,5.527481465566963
U0013980,1,0.6744061653546751
U0013981,1,5.1421270223485855
U0013982,0,0.5544238477230294
U0013983,0,4.0991766337734745
U0013984,1,3.9856791761637425
U0013985,0,3.2139186136701134
U0013986,1,-1.2891369018986119
U0013987,1,2.191716743822571
U0013988,0,4.569035926076385
U0013989,1,3.0635726099245666
U0013990,1,3.877010357011148
U0013991,0,3.4943775138492477
U0013992,0,3.5966328851793072
U0013993,0,2.37272031819397
U0013994,0,0.4289213956714306
U0013995,0,0.4911118646926411
U0013996,0,4.867439116375218
U0013997,0,3.8573970157389343
U0013998,1,3.4870719634368506
U0013999,1,2.8373110050807675
U0014000,0,2.4170680413837964
U0014001,0,2.906464811911402
U0014002,0,3.0362108253634297
U0014003,1,3.3855840665757615
U0014004,1,-1.9701759454639856
U0014005,0,4.104173339953416
U0014006,1,3.8981505616294427
U0014007,1,3.4783789148711435
U0014008,0,1.918558965258633
U0014009,1,1.5564621363890936
U0014010,0,3.9521565370591567
U0014011,0,0.22101461988914295
U0014012,1,-3.539405040580691
U0014013,1,4.128613391581929
U0014014,0,-0.22502031888177854
U0014015,1,-0.04860663504961238
U0014016,0,2.4938135498369096
U0014017,0,1.5743728109830784
U0014018,0,0.001644996697258705
U0014019,0,1.3543576682683938
U0014020,0,7.8848555337266575
U0014021,1,2.311797599153312
U0014022,1,0.7766578388038461
U0014023,0,1.7108127442811352
U0014024,1,3.2137585840673886
U0014025,0,2.859194712556695
U0014026,1,2.1161783610277887
U0014027,0,1.8182247529788995
U0014028,1,2.2426680534109273
U0014029,1,0.47496684510748466
U0014030,0,3.84347484626786
U0014031,1,-1.3965534054193363
U0014032,1,6.89735674852211
U0014033,1,2.371722145257035
U0014034,1,2.6810649308001597
U0014035,1,4.394753234641758
U0014036,0,2.6425915798754644
U0014037,1,-1.2864691581604326
U0014038,1,2.5661979063261278
U0014039,1,2.2701308557831332
U0014040,0,2.2542653183739745
U0014041,0,1.4929084894651865
U0014042,1,1.6940856358251999
U0014043,1,5.535621842856408
U0014044,1,4.31127389002047
U0014045,0,3.000798651264553
U0014046,1,3.583849051229347
U0014047,0,-0.035389154611955576
U0014048,0,0.14553945517415556
U0014049,0,2.497185332128028
U0014050,1,2.206498760102889
U0014051,1,4.815488142291596
U0014052,1,4.040765043479656
U0014053,0,3.24789909363534
U0014054,1,3.1612774911123793
U0014055,1,1.6890218774319088
U0014056,1,0.3322192779883224
U0014057,0,3.0925807089279402
U0014058,0,2.65788891752128
U0014059,0,1.6778334157274024
U0014060,0,0.42164399936979535
U0014061,0,5.61569057488914
U0014062,0,3.015249627144197
U0014063,0,4.3680839053125275
U0014064,0,4.055458148315225
U0014065,1,1.3001498679066117
U0014066,0,4.697483293270203
U0014067,0,0.10108194541187032
U0014068,1,3.2750592121617323
U0014069,0,3.636862119406885
U0014070,0,0.6034219724284995
U0014071,0,0.8840911207548885
U0014072,1,3.090204409697339
U0014073,0,1.6399256034803358
U0014074,0,3.3193072441543645
U0014075,0,0.881986842799666
U0014076,1,6.824479506882643
U0014077,0,3.2294764364049087
U0014078,0,0.12430938602769714
U0014079,1,3.6748317115325904
U0014080,1,4.301929410813006
U0014081,1,3.1468090527575647
U0014082,0,1.5354580311368622
U0014083,0,0.8456828480557093
U0014084,1,4.739102162136197
U0014085,0,4.088986796244118
U0014086,1,2.0897067269743808
U0014087,0,2.6123188380611335
U0014088,0,1.3912620602388586
U0014089,1,2.4495668979476672
U0014090,0,2.603616326163108
U0014091,1,2.387521465010302
U0014092,0,4.221023420178817
U0014093,1,1.133737164567716
U0014094,0,1.3499670243253377
U0014095,1,3.104275477246233
U0014096,1,3.1454138387937505
U0014097,1,0.8130434998369438
U0014098,1,3.044229305277998
U0014099,0,3.0729178572842937
U0014100,0,1.6203188772341406
U0014101,0,1.9677055894378803
U0014102,1,1.874915423821065
U0014103,0,3.7029841309033813
U0014104,0,2.4092589710432897
U0014105,1,2.2180017517919772
U0014106,1,4.248670654782028
U0014107,0,2.7038284392599596
U0014108,1,2.871603025855709
U0014109,0,4.060268724868683
U0014110,0,-1.8446364868292804
U0014111,0,1.8950178859189428
U0014112,1,1.1288970837800463
U0014113,1,3.1839665458703337
U0014114,1,0.5502623562851241
U0014115,0,6.405589757591905
U0014116,1,4.008959537332313
U0014117,1,4.411324590800623
U0014118,1,3.66354131295531
U0014119,0,1.443623785966027
U0014120,0,-0.2881745800497981
U0014121,1,0.3555697803255242
U0014122,1,2.9879012461197654
U0014123,0,1.5577341364628303
U0014124,0,4.122996191313174
U0014125,1,2.393856048840309
U0014126,0,2.833482994785548
U0014127,1,2.9045686870740006
U0014128,0,4.837237166524865
U0014129,1,3.534987922697198
U0014130,1,1.5005509544643942
U0014131,0,3.996264456182807
U0014132,0,1.2506846353503605
U0014133,0,3.147892636671278
U0014134,1,3.265274070601521
U0014135,0,3.7730971231204293
U0014136,0,1.2892379185049592
U0014137,0,1.1263535722022624
U0014138,0,1.6504554113867442
U0014139,0,3.1583440483881375
U0014140,1,3.6538014339426734
U0014141,0,3.1758420743165505
U0014142,0,1.7356835757113167
U0014143,1,3.899947809595691
U0014144,0,3.8255209821006524
U0014145,0,3.3978697593009812
U0014146,0,4.969188946494963
U0014147,0,3.8429342876632404
U0014148,1,0.16997122435673973
U0014149,0,2.7682735712988986
U0014150,1,1.160360301051643
U0014151,0,3.9150175457704854
U0014152,0,0.16386587495302507
U0014153,0,2.4474384118792223
U0014154,0,1.2344393279481487
U0014155,0,2.902354804332557
U0014156,1,-0.5872767345690235
U0014157,0,2.6750732965556843
U0014158,1,4.625645504232143
U0014159,0,2.3176511241747697
U0014160,1,2.911437184464315
U0014161,1,4.647061822672111
U0014162,1,4.168956755304748
U0014163,1,3.9477895046777967
U0014164,1,2.046821049089015
U0014165,1,0.9410027752872985
U0014166,1,-0.8323073267392243
U0014167,1,4.567606650923551
U0014168,1,2.996780380455654
U0014169,1,8.349861210620087
U0014170,0,-0.816054275868316
U0014171,0,3.741193200542053
U0014172,0,2.9606970966563395
U0014173,0,3.5301781008164177
U0014174,1,2.2410751574045236
U0014175,1,2.255443722437265
U0014176,0,-0.3079559628609232
U0014177,0,3.99958112945405
U0014178,1,2.8544245940146418
U0014179,0,2.051978958773514
U0014180,1,3.1015539310523863
U0014181,0,3.731824324709013
U0014182,0,0.49010234722236135
U0014183,1,2.1514914299447376
U0014184,1,4.727326973341892
U0014185,1,0.8057509702176411
U0014186,1,2.3843623282744204
U0014187,0,2.769823878521162
U0014188,0,2.5257286035091173
U0014189,0,2.8660020418907024
U0014190,1,3.1620908742774994
U0014191,1,5.3007125902348875
U0014192,1,4.268358734375157
U0014193,1,0.050435011106131356
U0014194,1,4.131835496702138
U0014195,0,1.0949831255745064
U0014196,1,2.6624193931196523
U0014197,1,2.1943289245128597
U0014198,0,2.89935595349532
U0014199,1,1.7744439623057033
U0014200,1,6.088937775586711
U0014201,0,4.0520513065819515
U0014202,1,0.5457803836221409
U0014203,1,1.6369440026320987
U0014204,1,1.8577734502100345
U0014205,0,3.9970989027472434
U0014206,1,5.6857751929984985
U0014207,0,3.441211398732193
U0014208,1,3.0341709663597225
U0014209,1,2.4572295788388203
U0014210,0,8.23048871667027
U0014211,0,0.945837110037985
U0014212,0,2.9699050811383074
U0014213,0,1.7675213804234318
U0014214,1,3.070707644244175
U0014215,1,0.7392601155130301
U0014216,0,2.548091120876954
U0014217,0,1.799270190893532
U0014218,0,2.0513094868121726
U0014219,0,3.7929564312910173
U0014220,0,3.244624328275002
U0014221,1,3.433063238523335
U0014222,0,1.1715444064856158
U0014223,1,2.146866635515341
U0014224,1,3.660495499999815
U0014225,0,2.3468342657084005
U0014226,1,4.123586974774586
U0014227,0,3.9507524041840902
U0014228,0,2.5398724557789016
U0014229,1,1.5470108035935155
U0014230,0,3.652598953099254
U0014231,1,4.6868223707447285
U0014232,1,1.060528969508976
U0014233,0,2.2085801663174465
U0014234,1,3.0254243561654945
U0014235,0,1.7574085006312465
U0014236,1,2.795205798053196
U0014237,0,0.6458849564686879
U0014238,0,2.618678891463059
U0014239,0,3.199512511943187
U0014240,1,3.8644496591159054
U0014241,0,0.4638058164146184
U0014242,0,2.4462370566783065
U0014243,0,3.4013287380814816
U0014244,1,4.079792650364974
U0014245,1,1.620492039175712
U0014246,1,4.377927329838185
U0014247,0,6.277580726302379
U0014248,1,1.640799733410475
U0014249,0,5.7638146855227586
U0014250,1,2.5221602143687214
U0014251,0,3.905338948171657
U0014252,1,2.7658089519403717
U0014253,0,3.592255085267336
U0014254,0,-0.01560259340238801
U0014255,1,4.571332929752771
U0014256,0,3.3611347340197923
U0014257,0,5.540809522193381
U0014258,1,0.25966399127182704
U0014259,0,0.20990089483544594
U0014260,0,2.924232003406793
U0014261,0,0.9385009288079296
U0014262,0,2.7879358670845384
U0014263,0,4.139867182877644
U0014264,1,6.876880778834501
U0014265,1,0.13277142439714495
U0014266,1,2.205063496231494
U0014267,1,2.524307106947619
U0014268,0,2.1445472227101803
U0014269,1,6.214617605618201
U0014270,0,4.193344746572723
U0014271,0,0.6849426964793395
U0014272,1,0.1413805503489911
U0014273,1,1.5270475496743714
U0014274,1,1.8868110468058532
U0014275,1,0.4441659194045027
U0014276,0,5.096265724113323
U0014277,0,-1.3403579405885715
U0014278,1,1.0101312443599895
U0014279,1,1.8211314388948594
U0014280,0,3.7584839931010734
U0014281,1,6.399351729350599
U0014282,1,5.952942436823564
U0014283,0,1.3008562510335437
U0014284,1,3.623452671309245
U0014285,0,3.2021427105161777
U0014286,1,3.1371642214978195
U0014287,0,-0.4535191478171807
U0014288,0,6.280380534116574
U0014289,0,2.2793013238015796
U0014290,1,0.48959642461893793
U0014291,1,3.0568972692459404
U0014292,0,8.237355759626835
U0014293,1,2.517658709420541
U0014294,1,1.9872337271209446
U0014295,0,3.023843718885672
U0014296,0,2.2203085001025364
U0014297,1,-0.7970259198752281
U0014298,1,3.342932104831771
U0014299,0,2.4731334449898785
U0014300,1,2.4441336382402525
U0014301,1,4.556211603615656
U0014302,0,3.287072764734832
U0014303,1,1.7199489584175787
U0014304,0,3.2035213428161775
U0014305,1,1.0985819706962445
U0014306,0,3.450015047296926
U0014307,0,0.7246508678921124
U0014308,1,2.0487467872365492
U0014309,1,1.355297825602987
U0014310,1,1.6147290756861299
U0014311,0,2.790529614724443
U0014312,0,2.61824849564281
U0014313,0,2.0890153241229363
U0014314,1,0.12695775230818995
U0014315,1,3.5061986342742877
U0014316,0,1.7362893744190835
U0014317,0,3.880095086933821
U0014318,1,3.9244679065111923
U0014319,0,4.449358319967406
U0014320,0,5.574010156467356
U0014321,0,3.3580820337403097
U0014322,0,0.7769102577583666
U0014323,0,-0.04043737286519544
U0014324,0,3.4677709787368087
U0014325,0,1.8783927765300668
U0014326,0,1.7376440207972212
U0014327,1,4.516766183092972
U0014328,1,3.498754477733316
U0014329,0,3.0667889467997966
U0014330,1,0.30270560247924116
U0014331,0,1.7573737850122733
U0014332,0,-0.20729287535125707
U0014333,1,2.69195398266055
U0014334,1,-0.46465145514788375
U0014335,1,3.766481735764291
U0014336,1,1.0384498465456637
U0014337,0,5.556941079424114
U0014338,1,3.4962633315510523
U0014339,0,1.8832388247484033
U0014340,1,3.5316412985017998
U0014341,0,0.38520658785304107
U0014342,1,1.4194581758479217
U0014343,1,1.9899139511092052
U0014344,0,2.61798920605667
U0014345,0,3.338457321374543
U0014346,0,6.878573154329807
U0014347,0,3.9482259015743715
U0014348,1,1.8673606192357397
U0014349,0,1.2759590189507577
U0014350,0,3.4793262410415977
U0014351,0,4.213376781045003
U0014352,0,3.457771225527072
U0014353,0,1.3079332177787926
U0014354,1,5.022559699432444
U0014355,1,3.5479670080028107
U0014356,0,3.7033793646488284
U0014357,1,3.3291774751846344
U0014358,1,1.5665874053240785
U0014359,1,3.237959792532603
U0014360,1,4.687451916862845
U0014361,0,2.8004446193563286
U0014362,1,5.45993693355021
U0014363,0,4.183276982175881
U0014364,0,1.5799971302432674
U0014365,1,2.666578165412634
U0014366,1,3.0247210646864815
U0014367,1,2.958357731915129
U0014368,0,2.1802663964416364
U0014369,1,2.8284671590559665
U0014370,1,-1.1546500897757372
U0014371,1,1.8120135082479614
U0014372,1,4.532762367168232
U0014373,0,0.44528602736859213
U0014374,1,3.8612883360007046
U0014375,0,1.2291820027302407
U0014376,0,-0.8231692741296648
U0014377,0,1.1437421062386903
U0014378,0,0.8859306477348241
U0014379,1,2.0755987734524624
U0014380,1,3.755512162319228
U0014381,1,6.030729672325926
U0014382,0,6.061453159333208
U0014383,1,1.073414680334423
U0014384,0,5.513478691048547
U0014385,1,3.209858786696657
U0014386,1,2.3768232437573467
U0014387,1,2.226188690313144
U0014388,0,0.32438803606276956
U0014389,0,3.8461860363405975
U0014390,0,1.2028457402713002
U0014391,0,0.18532672259448368
U0014392,0,5.8036482410585535
U0014393,0,2.3938316280828396
U0014394,0,2.236872934355862
U0014395,1,2.8592761802523405
U0014396,1,-1.793361102966557
U0014397,1,3.8459289369909975
U0014398,0,5.216622232066701
U0014399,0,1.2444305773488793
U0014400,1,2.9277187322961886
U0014401,1,2.6742685794043712
U0014402,0,3.033381001432492
U0014403,1,3.242177004140828
U0014404,1,0.9068501506727777
U0014405,0,0.24029628783772417
U0014406,1,2.4045768542397497
U0014407,1,3.0966163728111376
U0014408,1,0.3791960558711338
U0014409,0,-2.4985352974232313
U0014410,1,-2.2533938580240083
U0014411,0,3.6886592421593107
U0014412,1,3.944529756267908
U0014413,0,4.260746652028642
U0014414,0,6.094223443047412
U0014415,1,2.371077245563878
U0014416,0,4.448438574621594
U0014417,0,1.8949041043672743
U0014418,1,1.4735963727645363
U0014419,0,-0.16391031134757128
U0014420,0,4.723314834200714
U0014421,1,3.3316348474041675
U0014422,0,3.7264537470733323
U0014423,0,2.0082637879679197
U0014424,1,4.533119961566346
U0014425,0,0.8938501991495968
U0014426,1,2.565695867703546
U0014427,0,-1.332968297832462
U0014428,0,3.8495540708092264
U0014429,0,2.3203940872103406
U0014430,0,1.8224478364421586
U0014431,0,0.11787596971050363
U0014432,0,3.975609393716379
U0014433,1,2.5509408128918025
U0014434,1,3.2632795781012707
U0014435,0,2.5423853425078686
U0014436,1,2.749607964509579
U0014437,0,2.3391765832421445
U0014438,1,4.931114258996956
U0014439,1,1.6021419830813137
U0014440,1,4.1762978209102855
U0014441,0,2.5589497276051
U0014442,1,1.3293981094270553
U0014443,0,4.884283302268466
U0014444,1,0.8565583868182127
U0014445,1,3.5997968232219506
U0014446,0,2.2871338084420003
U0014447,0,0.6248223969045004
U0014448,0,1.1309758015971099
U0014449,1,4.486182871238295
U0014450,1,1.6100666946655693
U0014451,1,-0.2241653018923131
U0014452,0,2.9082856283676577
U0014453,0,-0.25756879121715315
U0014454,1,1.7841176060574853
U0014455,1,9.314589922318774
U0014456,1,7.461640381462331
U0014457,1,1.9557582697930727
U0014458,1,2.2880774452881383
U0014459,0,2.505118928792717
U0014460,0,0.6766222430883637
U0014461,1,2.8057504350894433
U0014462,1,3.829996904925885
U0014463,0,6.756809263090066
U0014464,0,2.4177949703125563
U0014465,0,2.4725889976787627
U0014466,0,3.7876414678030663
U0014467,1,4.892712861347793
U0014468,1,5.505053727898142
U0014469,1,1.0621962256839304
U0014470,0,2.261499416943117
U0014471,0,1.9906413752572085
U0014472,1,1.6215779517014468
U0014473,1,2.3148256768595097
U0014474,0,3.1404019253895825
U0014475,0,1.6904480478995971
U0014476,1,1.4793125316113276
U0014477,0,3.602239237651659
U0014478,0,-0.09663221588027682
U0014479,1,5.926468396444369
U0014480,1,3.1491807648185333
U0014481,0,2.0301972373285793
U0014482,0,0.3144452945015672
U0014483,1,4.132830319960174
U0014484,0,1.9302093867133117
U0014485,1,4.9614762393871
U0014486,1,2.2343747360162105
U0014487,1,2.533520355094266
U0014488,1,2.4859182193522606
U0014489,0,1.3911291056694814
U0014490,1,5.0483697867150426
U0014491,1,4.631785706439487
U0014492,0,0.08253804375358342
U0014493,1,3.9134506361751296
U0014494,1,2.4025378659939456
U0014495,0,4.283550265117988
U0014496,1,0.9780935005125002
U0014497,1,3.5956736994724654
U0014498,0,2.807919592926236
U0014499,1,3.499990854930676
U0014500,1,1.0269808444780715
U0014501,1,2.1570430973014965
U0014502,0,5.988761592029789
U0014503,0,2.86822925153327
U0014504,0,2.3414093234413045
U0014505,1,4.947547597349754
U0014506,0,1.0293470044793374
U0014507,0,1.2348447266098628
U0014508,1,5.767242635592066
U0014509,1,3.5168556727631817
U0014510,0,1.3982566695661376
U0014511,0,1.5525031120680488
U0014512,1,1.6211792243052336
U0014513,0,-0.18977475436754432
U0014514,0,2.348234877721911
U0014515,0,3.7319525575889685
U0014516,1,5.024152409242944
U0014517,1,1.3683246363028978
U0014518,0,2.500312771328087
U0014519,0,2.835192183294282
U0014520,0,2.588265579383652
U0014521,1,3.095325984336071
U0014522,1,2.330509875401404
U0014523,1,-2.6351602604264706
U0014524,1,1.7691192631110333
U0014525,0,4.545826225813482
U0014526,0,7.788298225568951
U0014527,1,3.5948098071169703
U0014528,0,5.5241232492147
U0014529,1,4.119853746461562
U0014530,1,1.5633619084445947
U0014531,0,2.712487806637643
U0014532,1,0.9797071085484461
U0014533,1,0.8458883906121457
U0014534,0,5.605211433714224
U0014535,0,3.0225593181485895
U0014536,0,2.5688517284644927
U0014537,0,0.2118440421896146
U0014538,0,2.51244821398657
U0014539,1,1.8868385794159188
U0014540,0,3.7714401000733524
U0014541,1,-0.5889268208936826
U0014542,0,2.9388120044702735
U0014543,0,3.6250252093001336
U0014544,1,3.81912608642228
U0014545,1,2.6200985469046874
U0014546,0,1.4221733386120086
U0014547,1,5.252501977725554
U0014548,1,3.4905312333070473
U0014549,0,3.7810420452920077
U0014550,1,1.283228683938841
U0014551,1,2.234006479987027
U0014552,1,1.6918996455455506
U0014553,0,4.8987672111234914
U0014554,0,3.65454487423057
U0014555,1,3.3071093936367504
U0014556,0,2.4285982396253054
U0014557,0,2.7346394679692736
U0014558,0,1.683317880872913
U0014559,1,0.4384283804167346
U0014560,1,1.9004726879327194
U0014561,1,1.1422345550132178
U0014562,0,0.326075255763147
U0014563,1,3.618542428283199
U0014564,0,4.154064131159899
U0014565,1,3.3901943088997264
U0014566,1,2.935225383206408
U0014567,0,1.961965115739261
U0014568,1,2.396868690176486
U0014569,1,2.8704739020913124
U0014570,1,-0.20936544207888197
U0014571,1,-0.08689202537359364
U0014572,1,1.601516022377437
U0014573,1,2.2164563762499903
U0014574,0,1.210075033674876
U0014575,0,1.4628241233514139
U0014576,0,2.418002268626477
U0014577,0,3.218744492641548
U0014578,1,1.1498986155404545
U0014579,0,3.9907309020676074
U0014580,0,3.6039987310338333
U0014581,1,2.7231460782972867
U0014582,1,3.5436826721927375
U0014583,1,2.9709760783948553
U0014584,0,2.268468718337054
U0014585,0,2.0063495628814376
U0014586,1,3.7003303603966327
U0014587,0,2.9019608701382698
U0014588,1,3.4501547806478747
U0014589,1,1.0886853600491833
U0014590,1,0.8091085269260034
U0014591,0,-0.10718994145031147
U0014592,1,0.9010437281135353
U0014593,0,3.5027758101507374
U0014594,0,2.8463499611037193
U0014595,1,2.1680454548248083
U0014596,0,1.0359426254722095
U0014597,1,3.676587686948846
U0014598,1,3.351868129844682
U0014599,0,-1.6825378457866833
U0014600,1,2.3955745655611924
U0014601,1,3.2257231350124833
U0014602,1,1.8024823632563205
U0014603,0,2.8699513855668
U0014604,1,3.2948711147385907
U0014605,1,2.651639081695224
U0014606,1,1.0818367397762714
U0014607,0,-0.3667095758465706
U0014608,0,5.695726380302139
U0014609,0,2.585032228784648
U0014610,0,1.9793366849367775
U0014611,1,4.327338140846017
U0014612,0,2.4943074637598492
U0014613,0,4.624889478657764
U0014614,0,6.485094080488068
U0014615,0,0.9163395327810484
U0014616,0,1.4407059014268668
U0014617,1,4.218253854593797
U0014618,0,3.616950448002118
U0014619,0,3.3696115977915895
U0014620,0,3.543194674139638
U0014621,1,1.3577377918479456
U0014622,1,1.4707492347883822
U0014623,1,3.201572517204479
U0014624,1,3.3100113965689175
U0014625,0,1.733539431176613
U0014626,0,3.948039128410212
U0014627,1,3.0627484418790605
U0014628,0,3.0545777402639445
U0014629,0,1.7903343130363254
U0014630,1,7.089575363746217
U0014631,1,3.588825185154054
U0014632,1,2.0459710949435177
U0014633,1,4.261346495849242
U0014634,1,3.743782324922039
U0014635,1,3.7593127512733933
U0014636,1,2.591192453182284
U0014637,0,4.128059561517626
U0014638,1,3.1728246956275896
U0014639,1,2.1665534756729237
U0014640,0,3.459571880573762
U0014641,0,6.8019432746213475
U0014642,0,0.9854118707871535
U0014643,1,2.002509702684975
U0014644,0,3.506734161105797
U0014645,1,2.942883041123155
U0014646,1,4.042835356207025
U0014647,1,4.760012493282662
U0014648,1,4.884062022565914
U0014649,1,2.9578305900001265
U0014650,1,1.2236325533798666
U0014651,0,2.7310258136930656
U0014652,0,2.658864758720359
U0014653,1,2.4906563835913325
U0014654,0,3.8975598769006723
U0014655,0,2.0017786127895114
U0014656,1,4.0753851462657025
U0014657,0,-3.2343607843010034
U0014658,0,2.6242087274114247
U0014659,1,2.465225388728559
U0014660,0,5.907069905846065
U0014661,0,3.658102143866927
U0014662,0,0.777756940061721
U0014663,0,1.4866569963821021
U0014664,1,4.604341490717058
U0014665,1,4.09625767035471
U0014666,1,4.106087247195196
U0014667,1,2.1954517622063356
U0014668,0,1.5907695239861415
U0014669,1,4.185127727379546
U0014670,1,0.3757496797293953
U0014671,1,2.6589525168557877
U0014672,1,4.832626049853026
U0014673,1,3.737834397167571
U0014674,0,2.718194761945629
U0014675,0,3.8071747413469472
U0014676,0,4.9444643604649485
U0014677,1,0.8679051615483218
U0014678,1,5.356189261376169
U0014679,1,1.1102929353510653
U0014680,1,2.0686109620908972
U0014681,1,2.0916192123082986
U0014682,0,4.2630465859922
U0014683,0,2.372915367934775
U0014684,1,1.3428021948723146
U0014685,0,4.942097940746924
U0014686,1,2.3808702949467744
U0014687,0,2.9204047637651556
U0014688,0,4.335028438124322
U0014689,0,4.6779720059236
U0014690,1,2.920627063513045
U0014691,1,3.731200332299581
U0014692,0,2.0230387125296687
U0014693,1,3.8982888103491753
U0014694,0,4.826532833631585
U0014695,1,3.3214069034256823
U0014696,1,3.92885877937454
U0014697,1,1.764996770427448
U0014698,0,5.240741109288679
U0014699,0,2.0830256632499324
U0014700,1,4.539427372236279
U0014701,0,1.6020867440292719
U0014702,1,4.343824671528154
U0014703,1,2.9789982883891035
U0014704,0,2.867210715339164
U0014705,1,2.1728355578938725
U0014706,0,2.0202309207495723
U0014707,0,2.8741004517393414
U0014708,1,2.7994670122918066
U0014709,1,2.413832914380892
U0014710,1,0.7877965087273271
U0014711,1,8.96432600690531
U0014712,1,2.9849138923056167
U0014713,1,2.7548451167043986
U0014714,1,1.9234317622480077
U0014715,0,1.750387490931569
U0014716,1,2.525129184380827
U0014717,1,-2.407423990441316
U0014718,1,4.122267935608235
U0014719,0,3.8984395862760746
U0014720,0,3.9836670625691077
U0014721,0,0.33824517846089464
U0014722,1,2.4397203688541946
U0014723,0,8.419579605630322
U0014724,1,2.6964652705671277
U0014725,0,1.1080412423247594
U0014726,0,4.372888182163652
U0014727,1,4.223516275593852
U0014728,0,4.625338693328274
U0014729,0,1.096500507817609
U0014730,0,4.208597954897559
U0014731,1,1.2595720696010506
U0014732,1,5.551930951355816
U0014733,0,3.4792886869576414
U0014734,0,3.137766764770351
U0014735,0,0.22134950535399156
U0014736,0,-0.3304670558703364
U0014737,1,3.4380502074770707
U0014738,1,3.105608462529162
U0014739,0,2.366222198903799
U0014740,0,1.5780409000595554
U0014741,1,0.9719645549426197
U0014742,1,4.303200287126842
U0014743,1,2.8152089214614087
U0014744,0,3.2920961617171134
U0014745,0,5.019995142019081
U0014746,1,0.6477105362456932
U0014747,1,3.7174434146872013
U0014748,1,2.2319467350157574
U0014749,1,3.829632813007798
U0014750,1,5.1392382840041115
U0014751,1,1.856305560320326
U0014752,0,2.859886477704068
U0014753,1,3.9268976730926397
U0014754,0,3.0557147047361273
U0014755,0,2.1744655126978287
U0014756,0,1.3710437783748226
U0014757,0,3.475530354686615
U0014758,1,-0.2618663507676935
U0014759,0,1.2533158155882305
U0014760,0,0.7607781876471371
U0014761,0,0.55709477750705
U0014762,1,2.673578282638621
U0014763,0,-1.6218992498517633
U0014764,0,4.500992981771759
U0014765,0,0.33670944640653744
U0014766,1,15.999894538640284
U0014767,1,1.7409067342136364
U0014768,0,2.8331175239947495
U0014769,1,2.6264843015141714
U0014770,0,4.175912458676464
U0014771,0,3.4464438589996114
U0014772,1,3.757854899261037
U0014773,1,4.099616584806581
U0014774,0,3.0396720786833153
U0014775,1,9.908810238899044
U0014776,0,2.9368509075701716
U0014777,1,4.891170504783979
U0014778,0,2.096977035649628
U0014779,0,4.2504625013746065
U0014780,1,5.264319616822174
U0014781,1,0.4445516170371455
U0014782,1,0.8793186256815595
U0014783,0,1.8047180432387222
U0014784,0,2.904480579779852
U0014785,0,1.8012356291264986
U0014786,0,2.8229000313915265
U0014787,0,3.2908234914549794
U0014788,0,0.7921602732060062
U0014789,1,0.7523227497882594
U0014790,0,2.538854746276016
U0014791,0,-0.8416082400988465
U0014792,1,2.621894796442863
U0014793,0,6.136278741339294
U0014794,0,-0.5369672317348435
U0014795,0,4.293248902765463
U0014796,1,4.1884672577802835
U0014797,0,2.0886889815047027
U0014798,0,-0.5099435662781708
U0014799,1,4.3367485126075636
U0014800,1,1.5372520238830063
U0014801,0,4.772442848220209
U0014802,0,2.510136768816828
U0014803,0,-0.3519737910849017
U0014804,1,3.301901795910128
U0014805,1,3.8681870052579654
U0014806,1,-0.14634207289530288
U0014807,0,-1.0126152191790254
U0014808,0,2.019395808243363
U0014809,0,-1.0237176844355815
U0014810,0,2.26205105310175
U0014811,1,0.29735170176651593
U0014812,0,3.6649455101523287
U0014813,1,2.844204285129635
U0014814,0,5.660583748285379
U0014815,1,2.3614318565171324
U0014816,0,2.772048869932604
U0014817,1,0.6680804635854525
U0014818,1,2.659139880817957
U0014819,1,4.126841773875594
U0014820,0,1.808804635470917
U0014821,1,1.4782247011801282
U0014822,0,-0.8451411163766522
U0014823,1,1.9727043131123256
U0014824,1,0.46909024007959843
U0014825,1,1.1773837892076564
U0014826,0,4.96299352331387
U0014827,0,2.6371994056546306
U0014828,1,3.0563241213690215
U0014829,1,3.8422215306559195
U0014830,0,1.8053337835282193
U0014831,1,1.2262920035008165
U0014832,1,-2.9421092570029295
U0014833,0,2.5250079857370693
U0014834,0,2.16847353843799
U0014835,1,4.837144581110831
U0014836,1,1.182110504465225
U0014837,1,0.6997529200132551
U0014838,0,2.7628150139091723
U0014839,1,1.6938380617241542
U0014840,1,3.8555863200542397
U0014841,0,3.078250664557551
U0014842,0,6.614800271096978
U0014843,0,-0.2633292221896184
U0014844,0,2.6682770908173303
U0014845,0,1.1234133994639421
U0014846,0,0.7392303330590941
U0014847,0,1.4649103851274106
U0014848,1,2.9314881370560624
U0014849,1,-3.7917849297505697
U0014850,0,0.24697556746404814
U0014851,1,2.1521919277643526
U0014852,1,1.745641263388693
U0014853,1,1.3751903706417146
U0014854,1,2.3518638083579333
U0014855,0,3.285787337639345
U0014856,0,3.039203133555997
U0014857,1,3.3947593755206995
U0014858,0,3.0299710781066196
U0014859,1,4.3702203859594295
U0014860,1,2.4266489309081205
U0014861,1,1.8915517195588194
U0014862,0,5.406674557087314
U0014863,1,-0.9980217391714952
U0014864,0,3.5453615482262926
U0014865,1,-1.7415960452927735
U0014866,0,2.849725037228417
U0014867,0,2.6069630793949514
U0014868,1,1.6868970628581756
U0014869,1,4.021254199127728
U0014870,0,2.6954045275148175
U0014871,0,2.4913949873784524
U0014872,0,3.811318342697634
U0014873,0,1.9698975983812304
U0014874,1,2.3325751892894413
U0014875,1,3.104786137700877
U0014876,1,4.782419394228034
U0014877,1,3.115947230583952
U0014878,0,-0.9669141839896866
U0014879,1,3.7162634034227313
U0014880,1,1.037470584523927
U0014881,1,-0.045355303942894665
U0014882,1,4.033500085039197
U0014883,1,3.188316179737523
U0014884,1,3.5019902814841117
U0014885,1,4.153895283842228
U0014886,1,4.214162616929077
U0014887,1,-0.9192259234890336
U0014888,1,6.721009256415002
U0014889,1,3.335500805306154
U0014890,1,2.8228167730872507
U0014891,0,-5.180387945193617
U0014892,1,2.6840703545183615
U0014893,1,3.47184356230297
U0014894,1,1.013858868592223
U0014895,1,3.035256407077391
U0014896,0,1.2347154590057272
U0014897,1,1.393873869041581
U0014898,0,1.5036975044025525
U0014899,0,1.592079205020962
U0014900,0,2.129974295830941
U0014901,1,2.9122377229216028
U0014902,0,1.5659981108596224
U0014903,0,6.41563015486264
U0014904,0,3.669754306282238
U0014905,0,4.258635817336634
U0014906,1,-4.52922854157363
U0014907,0,3.6962273413360514
U0014908,0,3.2995065582753966
U0014909,1,3.2775533775591583
U0014910,0,3.1004563526971474
U0014911,0,4.266006679855032
U0014912,0,2.450130303804876
U0014913,1,0.7643589103631285
U0014914,0,3.1869417838153744
U0014915,0,0.5850568410162698
U0014916,1,2.1824691673707903
U0014917,1,2.0492541492285596
U0014918,1,1.6421367286524013
U0014919,0,4.49546035587019
U0014920,1,2.6552964194456585
U0014921,1,4.505315091335113
U0014922,1,0.8001020084887713
U0014923,0,2.4839625023712095
U0014924,1,4.067409889451508
U0014925,1,0.34761957046700154
U0014926,0,1.6239369930566845
U0014927,1,4.644055264199612
U0014928,0,6.193972896841094
U0014929,1,6.346273570518562
U0014930,1,2.040200823757001
U0014931,1,1.9593104700687434
U0014932,0,3.2173500986157357
U0014933,0,4.254513665439429
U0014934,1,4.2856709067756
U0014935,0,5.21553119880422
U0014936,0,3.057480423487789
U0014937,0,-1.6868687767816315
U0014938,0,2.457966265601975
U0014939,0,2.688979683818914
U0014940,1,0.06865184182249351
U0014941,0,0.6979561761636148
U0014942,1,2.546550396364175
U0014943,0,1.8484496628218174
U0014944,1,2.2857158091879093
U0014945,0,2.640775361645481
U0014946,1,2.877973288330903
U0014947,0,4.983121606804481
U0014948,1,10.15667458738815
U0014949,1,5.515563225841532
U0014950,0,3.0042724318310015
U0014951,0,2.1218089653255596
U0014952,1,2.0491783553607092
U0014953,1,-0.4117466144702888
U0014954,0,2.234648733921535
U0014955,0,3.148792351573025
U0014956,0,3.1642125664127114
U0014957,1,2.2794638621844108
U0014958,0,3.311637528277366
U0014959,1,3.894098212159271
U0014960,0,1.7090481843383571
U0014961,0,1.6958784809335796
U0014962,1,1.4335098300380267
U0014963,0,3.9863378093963817
U0014964,0,3.724465538262187
U0014965,0,1.046124469313984
U0014966,1,2.8565761254740423
U0014967,1,5.0617419541555275
U0014968,0,2.7537392107947234
U0014969,0,5.316152494571693
U0014970,0,5.2881340247765
U0014971,0,2.6017299569338768
U0014972,1,3.1490754895732156
U0014973,0,-0.002060881248008073
U0014974,0,2.757135474398808
U0014975,0,2.730135132265586
U0014976,1,2.1510286605252134
U0014977,1,1.2900153863152184
U0014978,0,2.9965662505906003
U0014979,0,0.7932743120038594
U0014980,1,3.5036326872346244
U0014981,0,3.9461408673984035
U0014982,1,5.265756020095157
U0014983,1,3.5736707859097656
U0014984,0,2.519153558819898
U0014985,0,3.7533539427820273
U0014986,0,0.908322545047783
U0014987,0,2.2179939809181377
U0014988,1,2.296384548740601
U0014989,0,2.0246254762005265
U0014990,0,4.36471476126599
U0014991,0,3.5256040118141385
U0014992,1,2.1521598389561056
U0014993,0,0.322939395806646
U0014994,1,4.773497779391585
U0014995,1,1.4869104777562399
U0014996,0,-0.7713396802889463
U0014997,1,1.9731694172294105
U0014998,1,4.1100778154782525
U0014999,1,3.0964608801958846
U0015000,0,2.252270999777032
U0015001,1,2.5951099843481433
U0015002,1,0.8596321950336119
U0015003,1,1.7599331877401365
U0015004,0,5.198317220533568
U0015005,0,6.242060754323234
U0015006,0,3.5167689097805876
U0015007,0,2.8523637625855276
U0015008,1,4.706022122582429
U0015009,0,3.9296607207609497
U0015010,0,2.96098524692745
U0015011,0,2.4212146599922306
U0015012,0,-0.7466107459745785
U0015013,0,1.675562892473426
U0015014,0,1.7915687001413545
U0015015,0,2.4602755836605876
U0015016,0,1.8231784640876239
U0015017,0,1.539496788869565
U0015018,1,-4.437611762285776
U0015019,0,2.9724714659656115
U0015020,0,3.4960503813368735
U0015021,1,0.17192900727337346
U0015022,0,2.235040850334574
U0015023,1,0.560449003329822
U0015024,1,3.21638149430888
U0015025,0,2.1112669726479467
U0015026,1,3.6269000188913694
U0015027,1,9.169772180739075
U0015028,0,3.8749494946303678
U0015029,1,3.7659983738987997
U0015030,0,3.545094117831537
U0015031,0,2.497456946089933
U0015032,1,4.025739819629219
U0015033,0,1.6626899414548495
U0015034,0,1.6752055055217312
U0015035,0,2.4500302740808237
U0015036,1,1.1831590425537044
U0015037,1,3.8364427210182086
U0015038,1,4.543168688016205
U0015039,1,2.962111593617955
U0015040,1,1.8600353672187744
U0015041,0,3.5347856403144178
U0015042,1,5.026472640136117
U0015043,0,3.2523607299096398
U0015044,1,1.3246278773618378
U0015045,1,2.05364717763473
U0015046,0,3.764951898659353
U0015047,1,3.2978668175971677
U0015048,1,4.336637715067313
U0015049,0,1.3558937098463435
U0015050,0,7.652290841864108
U0015051,0,-0.16734323779768445
U0015052,1,2.1175666171474816
U0015053,0,2.4185088846074088
U0015054,0,5.960609961796873
U0015055,1,1.4251404308622035
U0015056,1,2.9662592987894953
U0015057,1,0.27456987166471336
U0015058,1,-2.16187009707944
U0015059,1,2.8926717666428665
U0015060,1,3.5438754304733973
U0015061,1,2.516489257454456
U0015062,0,2.468358661368823
U0015063,1,3.0221244702645116
U0015064,0,4.06416926832814
U0015065,1,3.356554647759417
U0015066,1,3.988101660370873
U0015067,0,7.397282600919468
U0015068,0,2.8412890230450643
U0015069,1,3.736499673115091
U0015070,1,0.3764613217624042
U0015071,1,4.290375032832408
U0015072,0,2.8843095707881297
U0015073,1,2.869212287866503
U0015074,1,5.289677089266554
U0015075,0,4.024745629606301
U0015076,1,2.707645963158937
U0015077,1,4.859979200305794
U0015078,1,2.997673926841088
U0015079,0,0.6870270626571511
U0015080,1,0.8731609277705417
U0015081,0,0.09453008496450543
U0015082,0,0.9740135275655426
U0015083,0,2.1909649201376435
U0015084,0,6.1632552325978125
U0015085,1,4.861453798602243
U0015086,1,3.890130753735342
U0015087,1,3.2371703453475327
U0015088,0,4.0153886218711845
U0015089,1,2.3841121793684454
U0015090,1,1.5831480817628325
U0015091,1,2.9875611023596242
U0015092,1,2.2184209698097064
U0015093,0,2.862636487056408
U0015094,1,0.8207525728061444
U0015095,1,4.444315263834881
U0015096,0,1.8971440901339172
U0015097,0,3.56494898067524
U0015098,1,3.9328833967066927
U0015099,0,-0.35215718536099416
U0015100,0,2.7083962216367894
U0015101,0,6.610943495661971
U0015102,1,3.06280116345053
U0015103,1,1.456928567622695
U0015104,0,2.8677092275715523
U0015105,0,1.927829252973325
U0015106,1,0.8720855255974236
U0015107,0,1.3515084472080865
U0015108,0,2.124925126520484
U0015109,1,1.1998928686317978
U0015110,1,2.7099923028399697
U0015111,1,3.5109468203338565
U0015112,0,0.2747717706548265
U0015113,1,4.380761621825566
U0015114,1,1.6349499789176782
U0015115,0,3.017572402558308
U0015116,0,4.325498011996787
U0015117,1,3.0485356713700007
U0015118,0,3.1336558400254937
U0015119,1,-0.6657140029832895
U0015120,0,4.207628780385161
U0015121,1,4.567527073375842
U0015122,0,1.993647024880893
U0015123,1,5.106429086770266
U0015124,1,2.9296933353136865
U0015125,1,2.7777996343238165
U0015126,1,-0.7695893658304982
U0015127,1,2.4882133798841792
U0015128,0,4.7710468942408415
U0015129,0,3.4329162433173543
U0015130,0,4.91590836735384
U0015131,1,4.183789830352172
U0015132,1,0.8797438776544553
U0015133,1,0.4606127368373052
U0015134,1,-1.460902659160169
U0015135,1,2.6825454804310205
U0015136,1,2.2996094376309006
U0015137,1,2.945537682336667
U0015138,1,2.374682485312899
U0015139,0,2.5294360328356795
U0015140,1,1.8836803244519569
U0015141,0,1.5434053752859427
U0015142,0,1.9392530501546599
U0015143,1,5.032118274342739
U0015144,0,4.926438091092416
U0015145,0,2.208616984566582
U0015146,1,0.6147583765284708
U0015147,0,1.605144862059941
U0015148,0,4.107750231538205
U0015149,1,2.154840538575044
U0015150,0,5.657817245469602
U0015151,0,1.5575837721906707
U0015152,0,1.8347913085849417
U0015153,1,3.0286318789474542
U0015154,0,1.59570437132456
U0015155,0,4.346200270036917
U0015156,1,2.3189647083272966
U0015157,0,0.6034392207141437
U0015158,1,4.377554189224435
U0015159,1,1.721845193997133
U0015160,0,-6.994637158098117
U0015161,1,0.5567907541445827
U0015162,1,3.76334477246359
U0015163,1,1.477078544012393
U0015164,1,6.496820708679543
U0015165,0,2.524637252282222
U0015166,0,2.4478114837769933
U0015167,0,1.1127878549505397
U0015168,0,2.083089342313002
U0015169,0,2.1372768509060087
U0015170,0,5.940321655950335
U0015171,1,5.202542447862847
U0015172,1,3.84214725255282
U0015173,1,0.6653994792743578
U0015174,1,2.2715094746349287
U0015175,0,1.8890047120885747
U0015176,0,2.537216102940093
U0015177,0,2.282557301764786
U0015178,0,1.9350543073222113
U0015179,0,1.2117385169368937
U0015180,0,-1.2329812127160977
U0015181,1,4.019651122068769
U0015182,0,0.6340014122375663
U0015183,0,2.761604006505401
U0015184,0,2.139275686758495
U0015185,0,1.1914419302501784
U0015186,1,3.8375264073935877
U0015187,0,2.054256201480623
U0015188,1,1.7432972735125851
U0015189,0,-2.614018663653596
U0015190,1,1.4212475988586633
U0015191,1,2.627841517668692
U0015192,0,2.028405996463537
U0015193,0,2.7284886972082045
U0015194,0,1.4145916412659219
U0015195,0,2.733470283289442
U0015196,1,3.7078579983480005
U0015197,0,1.7712785072046024
U0015198,0,2.975618978580682
U0015199,0,2.4798779573487977
U0015200,1,2.807882172500662
U0015201,1,4.96314064240698
U0015202,0,3.3118761902730967
U0015203,1,1.9965904060049606
U0015204,0,1.0685880850215312
U0015205,1,6.602329985077862
U0015206,0,1.244682509091767
U0015207,0,1.6509926156111483
U0015208,0,3.5777106333879694
U0015209,1,2.705855843191351
U0015210,1,1.536165487006734
U0015211,0,2.382067997249564
U0015212,1,5.173777513650069
U0015213,0,2.972203587005433
U0015214,1,2.2613583612283623
U0015215,1,3.6099951781251356
U0015216,0,2.9347050404768638
U0015217,1,2.6127487674916168
U0015218,1,3.672756691225942
U0015219,1,1.2265973862562785
U0015220,1,-1.4281849602621435
U0015221,1,2.64914443120238
U0015222,1,-0.7353463838024865
U0015223,0,3.0674677377102846
U0015224,0,6.965401991748509
U0015225,0,3.340747074418058
U0015226,1,1.3567609167656158
U0015227,0,3.3413515183771345
U0015228,1,2.5771399117271407
U0015229,1,4.583764215543049
U0015230,0,2.154116512946116
U0015231,1,2.4209148093928157
U0015232,0,3.037325211422587
U0015233,1,2.8006549956950977
U0015234,1,2.94053055329878
U0015235,0,1.6645739843512217
U0015236,0,3.267882714530753
U0015237,0,0.7314418526325852
U0015238,0,3.4602268988385667
U0015239,0,1.949675754164712
U0015240,0,3.2636857494990466
U0015241,0,4.314630351464295
U0015242,1,-2.1146683072948473
U0015243,1,0.3221377953930791
U0015244,0,1.763457812868996
U0015245,0,2.2132286736355304
U0015246,0,1.8259644711319023
U0015247,1,1.58328373899705
U0015248,1,1.9734233029495947
U0015249,1,3.359334043235183
U0015250,0,2.014328282700056
U0015251,0,4.594371908349315
U0015252,1,0.18576972483149135
U0015253,1,3.486317076732252
U0015254,0,2.5709161382762495
U0015255,0,2.6870019678057737
U0015256,1,1.7539506223216783
U0015257,0,2.6508441274168195
U0015258,1,-0.7432983368325559
U0015259,0,5.3780251266487475
U0015260,0,2.7343081085009224
U0015261,1,1.6168003613557218
U0015262,0,2.219534815653887
U0015263,1,3.4728650512900785
U0015264,0,2.433356602226528
U0015265,1,-0.8763850055955489
U0015266,0,5.7912549027022635
U0015267,1,1.4270569956530537
U0015268,1,3.7485416940217426
U0015269,1,-3.8507080235820315
U0015270,0,1.777703707328012
U0015271,0,2.9811190305952664
U0015272,1,1.2688270582513184
U0015273,1,2.9386817874070346
U0015274,1,3.546925302971328
U0015275,0,2.5416251775315217
U0015276,0,0.9901617073771298
U0015277,0,2.0533095860902204
U0015278,0,0.1050354970257601
U0015279,0,2.9127319657886996
U0015280,1,3.9190626339443515
U0015281,1,2.5712563997687976
U0015282,1,3.304100073239617
U0015283,0,1.6607017709798697
U0015284,1,4.811033375660747
U0015285,1,2.2203957211510748
U0015286,0,3.227923635384709
U0015287,0,2.302239485052141
U0015288,0,1.2369468704970927
U0015289,1,3.6031012368634414
U0015290,1,3.2147193015024165
U0015291,1,2.9835522376210726
U0015292,0,2.7437300437239607
U0015293,1,0.39870141687040217
U0015294,0,0.5948604750460813
U0015295,1,0.7115635312288049
U0015296,1,3.1104274247615713
U0015297,0,3.251866975668916
U0015298,0,1.8545279738026572
U0015299,0,2.40614600980253
U0015300,0,3.7735361399874066
U0015301,1,1.5365052700486448
U0015302,0,0.36473624994012255
U0015303,0,5.3911804949183
U0015304,1,4.221502530946573
U0015305,1,1.287161943117301
U0015306,1,1.6224411461160209
U0015307,0,5.765609514492606
U0015308,0,3.3746770267092145
U0015309,1,0.7470686258892876
U0015310,1,0.9184077551293957
U0015311,1,3.022263180561138
U0015312,0,7.375519502186403
U0015313,0,1.930775403961274
U0015314,1,3.238522689724494
U0015315,0,4.229403329289529
U0015316,1,6.132591398441775
U0015317,1,0.5183916694318995
U0015318,1,3.939717274142902
U0015319,1,-3.1323091851191194
U0015320,0,1.2046717026574143
U0015321,1,3.0051887375307853
U0015322,1,2.5414032399420954
U0015323,0,3.702991691344673
U0015324,1,3.5446775926286342
U0015325,1,0.7467591361589143
U0015326,1,2.5882678991737045
U0015327,0,4.960177782589479
U0015328,1,2.9823798352723188
U0015329,0,2.3367105014862943
U0015330,1,2.0354031867695976
U0015331,1,0.029586677082917845
U0015332,1,2.315944769963794
U0015333,0,2.8163195460807664
U0015334,1,4.313167192182071
U0015335,0,-0.9947354402762549
U0015336,0,2.5698130924353624
U0015337,1,1.6411346057162426
U0015338,0,2.1876383560779473
U0015339,0,3.4026743020796903
U0015340,0,3.5116336448391046
U0015341,1,1.8569823797886578
U0015342,0,2.9491600826352027
U0015343,0,2.732597424458177
U0015344,1,7.465517838092559
U0015345,1,-0.26187589697870095
U0015346,0,-1.913905835460163
U0015347,0,2.4320070637818425
U0015348,1,1.6027357358075918
U0015349,0,4.509403231963843
U0015350,1,2.086975646936393
U0015351,1,2.891191301854608
U0015352,1,-0.4283556437166496
U0015353,0,3.568843513060852
U0015354,1,2.6349014972492153
U0015355,1,2.607745190001374
U0015356,0,2.180762946829091
U0015357,1,4.692585019364714
U0015358,0,2.6667293987383793
U0015359,1,3.028426848748685
U0015360,1,1.941524608751001
U0015361,1,1.3030185751848684
U0015362,0,3.8413813814297946
U0015363,0,3.984834237155143
U0015364,1,0.6550178776619013
U0015365,0,1.318587052831809
U0015366,1,2.4473687106445645
U0015367,1,2.9058443426901768
U0015368,0,1.113023473982171
U0015369,1,4.732299475575701
U0015370,0,3.304913746978883
U0015371,1,5.225089566222579
U0015372,1,1.0952672869464521
U0015373,0,1.810980680872314
U0015374,1,2.969538338991647
U0015375,1,4.691380225404597
U0015376,0,2.7830477222869057
U0015377,0,3.118041351448401
U0015378,0,1.4771894261822354
U0015379,1,1.3525472097392495
U0015380,0,1.5141426784623562
U0015381,0,3.234318960117328
U0015382,1,2.30749681248461
U0015383,1,3.221345564567425
U0015384,0,0.9421343974688199
U0015385,1,4.619588639998167
U0015386,1,2.2831290515330274
U0015387,1,2.9481029755365675
U0015388,1,-3.7247509044219687
U0015389,1,3.496621373641677
U0015390,1,2.313940828638181
U0015391,0,1.8827643844192679
U0015392,0,4.00114226338615
U0015393,0,2.427364506945473
U0015394,0,3.4687820213396883
U0015395,0,0.6580316310682761
U0015396,0,3.0749238581809593
U0015397,0,3.0686389094206703
U0015398,0,2.8326610783745423
U0015399,1,4.318147725710613
U0015400,0,5.070128829124194
U0015401,0,3.7728579796814543
U0015402,0,3.2358040826522654
U0015403,0,1.8522878586757088
U0015404,1,1.6112138234773639
U0015405,0,1.7535275792016094
U0015406,0,1.2309921880388153
U0015407,0,2.696138458234042
U0015408,1,2.2931470600331156
U0015409,1,2.053258933408671
U0015410,1,1.47165217882905
U0015411,1,1.3967666274639328
U0015412,1,2.7371979935059496
U0015413,0,3.5701748991258366
U0015414,0,3.385366353764166
U0015415,0,3.0914017638129536
U0015416,0,5.1313547633498775
U0015417,0,2.8943487032374744
U0015418,0,2.22323547272574
U0015419,0,0.47690971576425767
U0015420,1,0.48571035367622883
U0015421,0,5.912283332307354
U0015422,1,6.229532772447904
U0015423,1,1.4092699351636284
U0015424,0,6.663679658948034
U0015425,1,4.174131665099049
U0015426,0,3.3093360117435076
U0015427,0,1.6128390312902887
U0015428,0,3.647598790657348
U0015429,0,4.250752235580858
U0015430,0,3.748248756183308
U0015431,1,3.4372976363840912
U0015432,1,2.3828956307457574
U0015433,1,2.4414466450179404
U0015434,0,-0.18250000938456878
U0015435,0,1.5268186252876568
U0015436,0,4.415851344695753
U0015437,1,-0.8500890650672268
U0015438,1,1.9214418454781246
U0015439,0,2.6124484517336697
U0015440,0,-1.3559118563286603
U0015441,1,1.5255829458145413
U0015442,0,1.8067313850680264
U0015443,1,4.333308226458941
U0015444,1,1.9210595200969394
U0015445,0,-0.8477090146772852
U0015446,0,2.3173764010305753
U0015447,0,3.8662998005356215
U0015448,0,1.8587633336406064
U0015449,1,1.4312157223046924
U0015450,1,3.278193738536025
U0015451,0,1.0045742062495933
U0015452,0,3.037216173777871
U0015453,0,1.00853995925012
U0015454,1,2.1236496287661026
U0015455,0,4.663717100574511
U0015456,0,4.238306733136181
U0015457,1,3.6010114386613346
U0015458,1,2.0700195220703144
U0015459,0,1.890915391311177
U0015460,0,2.4390469043609144
U0015461,0,1.906892501325764
U0015462,0,7.022968717579797
U0015463,1,5.647296096298852
U0015464,0,2.633462902713072
U0015465,0,4.135822038938074
U0015466,1,1.3493552276390695
U0015467,0,3.0852254919241133
U0015468,1,1.7797677591928363
U0015469,1,3.2060557033642105
U0015470,1,1.7916392630885163
U0015471,1,3.5715085498665466
U0015472,1,3.2342160256492924
U0015473,0,5.532350356681681
U0015474,1,1.6496416310281106
U0015475,1,1.6611182811246863
U0015476,1,2.313259334675422
U0015477,0,1.6220584433531648
U0015478,1,0.858435678069565
U0015479,0,5.654754551449301
U0015480,0,4.718672324663892
U0015481,1,2.80861689684982
U0015482,1,0.03384685166236778
U0015483,1,1.2904990306842876
U0015484,1,2.983486006247727
U0015485,1,1.8934678532165492
U0015486,0,3.295078460845737
U0015487,0,2.150723675167228
U0015488,1,2.602257402428652
U0015489,0,3.2549368708812665
U0015490,1,1.1866772128723113
U0015491,0,2.4813183315646405
U0015492,1,3.6491600583807635
U0015493,1,2.260405884769675
U0015494,1,3.5704479737589043
U0015495,1,3.1922824532655056
U0015496,1,3.923780973284053
U0015497,1,3.190831129924426
U0015498,0,0.6367048306649039
U0015499,0,3.6244093087773237
U0015500,1,2.32958108542293
U0015501,0,4.9933051514618825
U0015502,1,3.228983091024361
U0015503,0,0.6523417319177707
U0015504,0,3.2746257270131736
U0015505,0,1.3641143800739641
U0015506,1,4.600777464379309
U0015507,1,3.348092423448133
U0015508,1,2.7886174721242405
U0015509,0,4.234478963934194
U0015510,0,0.8638952809655684
U0015511,1,3.7759032766722456
U0015512,0,2.2993227425415412
U0015513,1,2.524328850951763
U0015514,0,3.0691780388422174
U0015515,1,3.3776714022123713
U0015516,1,2.593620773769537
U0015517,1,3.222836539275061
U0015518,0,4.673273852765483
U0015519,1,5.980660162651436
U0015520,0,2.161275238069887
U0015521,0,2.2797871439844126
U0015522,1,4.209323396157494
U0015523,0,4.001924657646079
U0015524,1,2.861364685899531
U0015525,1,1.4192913361820807
U0015526,1,2.972282125859593
U0015527,0,1.8256632340554582
U0015528,1,4.429082614939643
U0015529,0,4.264000354624105
U0015530,1,1.5842028849814778
U0015531,0,2.123056467754875
U0015532,0,2.4387558442621504
U0015533,1,3.367172053745829
U0015534,0,2.114947489623292
U0015535,1,1.8043917142734642
U0015536,1,4.104006681019314
U0015537,1,2.1912460577422053
U0015538,0,1.4019269257281408
U0015539,0,0.6498585090296238
U0015540,1,2.536846112439356
U0015541,0,2.8777209394117023
U0015542,1,-1.2113499581948517
U0015543,1,2.6715488567079895
U0015544,1,3.5007145053249396
U0015545,0,3.368797506987601
U0015546,1,2.7128561287950905
U0015547,0,2.3235506758170636
U0015548,0,3.2525360550430378
U0015549,0,0.8282338986963396
U0015550,0,1.0445523777709056
U0015551,1,3.8591645855222794
U0015552,0,1.8923083178305635
U0015553,1,2.55760119655168
U0015554,0,3.0556587402375293
U0015555,0,2.768548457877287
U0015556,1,2.922979315766433
U0015557,0,2.32476916540001
U0015558,1,0.6345414024034568
U0015559,1,3.2653858245723164
U0015560,0,-0.01881012672653526
U0015561,1,2.9225504525908157
U0015562,0,3.9813350870132425
U0015563,0,3.9539227497994816
U0015564,1,2.907234915176719
U0015565,0,3.303413467886486
U0015566,1,3.7426096708215333
U0015567,0,1.6879680635433942
U0015568,0,2.8149758499498407
U0015569,0,3.915689240904399
U0015570,0,2.4138932052791695
U0015571,1,2.2594429708958614
U0015572,1,2.0092320379473207
U0015573,0,8.894153837489963
U0015574,0,2.123144509870883
U0015575,0,1.7530159938841692
U0015576,0,4.377719440702588
U0015577,0,1.3534852522651057
U0015578,0,-1.2089045220749899
U0015579,1,4.446035594748668
U0015580,0,3.37028583554064
U0015581,0,0.3564022360916894
U0015582,1,2.951188369526191
U0015583,0,4.530920000363029
U0015584,0,3.1857713757079935
U0015585,0,0.8549257761668976
U0015586,1,1.9795622125136845
U0015587,1,0.8473052886466839
U0015588,1,2.1918145058373213
U0015589,1,0.5910904149457465
U0015590,0,1.7452936620536583
U0015591,0,-0.996227718123194
U0015592,1,3.14968026332976
U0015593,0,4.971996220237736
U0015594,1,4.266535627240682
U0015595,0,3.04886848412308
U0015596,0,-0.11908455441900401
U0015597,1,1.2913832864231836
U0015598,0,3.1049698119267504
U0015599,1,3.5123153896587453
U0015600,0,4.487195760979226
U0015601,1,1.7842488600993782
U0015602,0,-0.09308777358972975
U0015603,0,2.6075320327193623
U0015604,0,1.2510826094938086
U0015605,1,2.665974897475973
U0015606,1,2.5752827628563573
U0015607,0,3.270302606918591
U0015608,0,3.484377922795133
U0015609,0,3.804403874566262
U0015610,1,1.815020231231859
U0015611,0,3.9586419275994107
U0015612,1,2.60568555484223
U0015613,0,1.5970878057885045
U0015614,0,2.330459976590326
U0015615,1,3.692718529013426
U0015616,1,1.7501520917061075
U0015617,1,-0.03956859972877069
U0015618,0,5.604241928456869
U0015619,0,3.7050025662504176
U0015620,0,1.8925694381511171
U0015621,1,3.486576226020027
U0015622,0,1.8279448910597154
U0015623,0,1.222774543513573
U0015624,1,0.7797520570589143
U0015625,0,1.3450836878290247
U0015626,0,3.6900618764898923
U0015627,0,4.736289151229091
U0015628,0,2.7801306338714156
U0015629,0,1.83173478371347
U0015630,1,4.214142630191976
U0015631,1,3.2353705705047897
U0015632,0,-5.862055364613575
U0015633,0,2.2335038433277568
U0015634,0,0.1861621163879832
U0015635,0,3.0844145676349015
U0015636,1,2.777452628797498
U0015637,0,1.7402973221382219
U0015638,0,-3.777592928129085
U0015639,1,0.6878712749479376
U0015640,1,2.878507372128462
U0015641,0,2.5061869446317857
U0015642,1,-1.374330176532176
U0015643,0,2.034844098392867
U0015644,1,1.991485696487981
U0015645,0,2.99785685696709
U0015646,1,4.932910944643638
U0015647,0,2.3529580660375284
U0015648,1,-0.22543114764341965
U0015649,0,5.33955465266925
U0015650,1,2.057744789680795
U0015651,1,3.0418902265372285
U0015652,0,-1.267369069362065
U0015653,1,2.271039751237467
U0015654,0,3.692056506428056
U0015655,0,0.8811931228875949
U0015656,1,0.27532533970551043
U0015657,1,4.916064513258853
U0015658,0,2.6018131513725287
U0015659,1,2.60504488972542
U0015660,1,2.207258340033622
U0015661,1,0.620617780131397
U0015662,1,3.129785380106483
U0015663,1,-0.26117081763936767
U0015664,1,1.4049505561506486
U0015665,1,2.16858787323757
U0015666,1,3.223347883170371
U0015667,0,4.223915130805372
U0015668,0,2.4319333677895507
U0015669,0,3.47411003831858
U0015670,0,3.189354282499572
U0015671,0,3.1906058372675155
U0015672,0,3.595178708366621
U0015673,0,4.375905753125572
U0015674,1,3.7453629676562112
U0015675,0,2.035408442317344
U0015676,0,-0.30951375061240327
U0015677,1,-2.4399924975645817
U0015678,1,3.524859286381883
U0015679,1,3.1731449790891837
U0015680,1,1.1960751056506354
U0015681,1,2.044287519421477
U0015682,1,3.7702760254392835
U0015683,1,2.588144964270004
U0015684,0,3.6472877631745604
U0015685,0,2.686603392912321
U0015686,0,1.9417348559475407
U0015687,1,1.7654339986268077
U0015688,0,2.214371762899807
U0015689,1,1.3001842709853282
U0015690,0,1.4711105543563257
U0015691,1,3.7217035989347274
U0015692,1,1.4655770056150406
U0015693,0,2.850135682522847
U0015694,1,0.5260659490611559
U0015695,0,6.749427895725827
U0015696,1,2.859783510196774
U0015697,0,3.943506537961527
U0015698,1,-0.603045029590632
U0015699,0,4.95456997318464
U0015700,0,1.6987314302011178
U0015701,1,1.8723074618854039
U0015702,0,2.535002046152176
U0015703,1,2.7370302156433475
U0015704,1,1.5258926774988453
U0015705,1,3.952413858044771
U0015706,1,-1.2995078484202303
U0015707,1,3.062365650005315
U0015708,0,1.7368368333888569
U0015709,1,6.451171575845245
U0015710,1,3.4051740991879456
U0015711,0,3.097165256477581
U0015712,1,2.985221962597736
U0015713,1,2.388603809681449
U0015714,1,-0.16962928494531937
U0015715,0,3.155738516012125
U0015716,0,4.140672267571574
U0015717,0,2.8005153408845267
U0015718,1,3.982783983285655
U0015719,1,1.6854638064556227
U0015720,1,3.2537059236370673
U0015721,0,1.5587428262705707
U0015722,1,1.3836977071402927
U0015723,0,3.9388718631140094
U0015724,1,4.793353802889335
U0015725,1,2.159272293024525
U0015726,0,2.229223037853096
U0015727,0,2.1936540540579017
U0015728,0,4.8083055664794845
U0015729,0,3.7204440289767255
U0015730,1,2.5913171902770813
U0015731,0,2.678032269597196
U0015732,0,1.234754173179077
U0015733,1,4.853300715276163
U0015734,1,-0.18608092140533827
U0015735,1,2.267656772141258
U0015736,0,2.8155091819274443
U0015737,1,1.802640757198784
U0015738,0,6.170318337939469
U0015739,1,1.0916402810843344
U0015740,1,1.9549967648017237
U0015741,0,1.313863224966454
U0015742,1,0.5253212700291741
U0015743,0,1.260505368351664
U0015744,0,2.0252818517095594
U0015745,0,3.427648340475484
U0015746,0,3.9474574765293298
U0015747,1,1.8495527770015094
U0015748,0,5.67963878170784
U0015749,1,1.3588352036162696
U0015750,0,4.786532351353628
U0015751,1,1.0253402113068937
U0015752,0,-0.03003011962872648
U0015753,0,2.5769541809815983
U0015754,1,2.4375027209867106
U0015755,0,0.8758083263264638
U0015756,0,3.7906195773053497
U0015757,0,2.1757947517067606
U0015758,0,3.1708951536830234
U0015759,0,3.353786953696787
U0015760,1,0.5188727082673168
U0015761,0,2.925152990847163
U0015762,0,3.9328813138286662
U0015763,0,1.5796923256375486
U0015764,1,0.14393631635757487
U0015765,1,1.6657406045278051
U0015766,0,0.872470009825955
U0015767,1,2.6516424290021305
U0015768,0,2.7647407188521314
U0015769,1,3.004199193315852
U0015770,0,3.289666287130249
U0015771,1,0.07602326752925848
U0015772,1,2.3765769144171713
U0015773,1,1.0021402306787266
U0015774,0,4.882667283051003
U0015775,1,2.875341047214963
U0015776,0,3.8294311505194223
U0015777,0,3.27809700134582
U0015778,0,3.0919646143840716
U0015779,1,3.7394986437939153
U0015780,1,2.182954183858346
U0015781,1,2.6930380001843712
U0015782,0,3.9163768032823043
U0015783,0,1.3587955081612577
U0015784,1,1.6904799085781548
U0015785,0,3.2806981236075554
U0015786,0,3.699368393060041
U0015787,1,3.464163525698643
U0015788,1,2.3163944825012965
U0015789,0,1.451819973696626
U0015790,0,3.2456819726706225
U0015791,1,2.3345622078679327
U0015792,0,3.7859077200865716
U0015793,1,0.25833941288838247
U0015794,1,1.0513203334045347
U0015795,1,2.0223603695032395
U0015796,0,3.882571286179937
U0015797,0,-0.697414375491487
U0015798,0,1.60890030748428
U0015799,1,1.5721732142487284
U0015800,0,2.5795981046353518
U0015801,1,1.3357322232673852
U0015802,1,3.659959090899255
U0015803,0,3.8402426581605162
U0015804,1,9.089179606597526
U0015805,0,3.4153683594553588
U0015806,0,6.487346426942217
U0015807,1,2.9413434610689855
U0015808,1,1.8383645841498488
U0015809,0,3.1788838131100725
U0015810,1,2.803831609432182
U0015811,0,2.8246244713797175
U0015812,0,1.4802226141326997
U0015813,1,3.5286198331129945
U0015814,1,1.5198345182014208
U0015815,0,3.375170620601443
U0015816,1,3.975898569694955
U0015817,0,3.0214333434549374
U0015818,1,-0.562419798985955
U0015819,1,1.1950063083219469
U0015820,1,3.762090729675128
U0015821,0,0.24986635965910864
U0015822,0,2.110567741543253
U0015823,0,1.4300406325826565
U0015824,0,2.571426845383396
U0015825,1,0.6336059599614821
U0015826,1,2.6664039684992655
U0015827,1,3.1485953344941713
U0015828,0,5.037268717850816
U0015829,0,0.853338392647661
U0015830,1,2.3626753424556526
U0015831,0,6.6250333382615985
U0015832,0,2.8016784104737376
U0015833,0,0.8962583954842884
U0015834,1,4.96682230945623
U0015835,0,-0.038168628638411306
U0015836,0,2.438870008843139
U0015837,0,4.1019993537702675
U0015838,0,2.085804173539085
U0015839,1,4.6484997331998805
U0015840,0,2.6889692357091555
U0015841,0,1.0174940061558253
U0015842,0,1.1981555998777829
U0015843,1,3.366265172565658
U0015844,1,3.73497391477974
U0015845,1,1.0269484104334659
U0015846,0,4.440610662693942
U0015847,0,1.4265939051319165
U0015848,0,2.0224135119981668
U0015849,1,2.7748384079158512
U0015850,1,1.9032751351650603
U0015851,1,3.6641583786454355
U0015852,1,4.006223886893082
U0015853,1,2.8682419874195446
U0015854,1,2.372132342475183
U0015855,1,2.1411932241903227
U0015856,1,3.8822038991930086
U0015857,1,4.921539916940098
U0015858,0,4.728091619268081
U0015859,0,1.1927669643469638
U0015860,0,3.507979391946728
U0015861,0,3.4630059181935984
U0015862,1,2.4132422642642126
U0015863,0,3.1464344420003947
U0015864,1,3.8472326005105106
U0015865,0,3.7845407376770552
U0015866,0,-1.6704167263599459
U0015867,0,2.0507212249728113
U0015868,0,1.1093985835930162
U0015869,1,1.8427437836234155
U0015870,1,2.178424890259702
U0015871,1,3.2622275514191017
U0015872,1,3.2875867256145135
U0015873,0,3.7894360461741208
U0015874,0,2.7102294596965812
U0015875,0,2.2870583725217895
U0015876,1,1.5048756791437334
U0015877,1,4.229910310549034
U0015878,1,1.429227788183704
U0015879,0,2.6553770447401597
U0015880,0,-10.062285873554547
U0015881,0,-0.15410342952619516
U0015882,1,1.346372238337091
U0015883,1,1.1990552129003795
U0015884,0,3.5455849726351687
U0015885,1,3.718611703893192
U0015886,0,2.665927771794806
U0015887,1,1.481386986193396
U0015888,0,-6.7200448789741145
U0015889,1,2.1149710649530213
U0015890,0,2.6496129187572146
U0015891,0,1.8945001002311486
U0015892,0,3.030412443422758
U0015893,1,2.498044989647326
U0015894,0,3.4384605542416633
U0015895,0,0.9776100927099431
U0015896,1,4.205555498726106
U0015897,1,0.39392848715338147
U0015898,1,3.973729341488017
U0015899,0,3.204269240015659
U0015900,1,2.6288517288941726
U0015901,0,1.739072516917945
U0015902,0,3.4443869305224943
U0015903,1,3.557076593829514
U0015904,1,3.3336326968560073
U0015905,0,3.977805060262355
U0015906,1,4.1030496777515015
U0015907,1,6.093753865508919
U0015908,0,6.650827386586389
U0015909,0,1.2410675420478015
U0015910,0,2.808693703690187
U0015911,1,2.5762834087758897
U0015912,0,2.6868252509322446
U0015913,1,3.5817023275200874
U0015914,1,5.77201104666433
U0015915,0,8.31210828936917
U0015916,1,2.0609429130857144
U0015917,0,2.259510190972623
U0015918,1,5.400022107178565
U0015919,1,0.18522232232250602
U0015920,1,5.372396224457862
U0015921,1,1.5690460611261052
U0015922,0,2.9523584827337856
U0015923,1,1.5815655250040663
U0015924,0,2.6154748130135737
U0015925,0,2.975899579048715
U0015926,0,-2.812676014971231
U0015927,0,5.214858399013204
U0015928,1,3.5620708282305564
U0015929,1,2.4961239955795484
U0015930,1,3.2670904227912594
U0015931,1,5.93975135585471
U0015932,0,2.5803816755490114
U0015933,1,1.4845624142228555
U0015934,0,5.816130856913967
U0015935,0,3.5745191067346447
U0015936,1,1.924019890818455
U0015937,1,1.6153903174992017
U0015938,1,7.300938363166431
U0015939,0,1.9004982313470649
U0015940,0,1.394978561525953
U0015941,0,1.9827037136205234
U0015942,0,3.3329850234484937
U0015943,1,2.023464976382968
U0015944,0,2.203391194437618
U0015945,1,2.0301125586316147
U0015946,1,2.636212208428052
U0015947,0,3.167544353040256
U0015948,0,2.903386968657923
U0015949,0,3.1868075339481123
U0015950,1,3.3098624230171723
U0015951,0,3.693164977449264
U0015952,1,2.199900043159868
U0015953,1,4.129827413192125
U0015954,0,3.064009303768776
U0015955,1,3.204208017346632
U0015956,0,2.88390006545729
U0015957,0,1.118478982763726
U0015958,1,3.3479040009035437
U0015959,0,4.403916740955438
U0015960,1,2.166598356519863
U0015961,1,1.213158247818047
U0015962,0,2.5128128238188037
U0015963,1,2.146828652708246
U0015964,1,2.2344998521869712
U0015965,1,2.1439813154920486
U0015966,0,5.539462902949391
U0015967,1,1.029267888630475
U0015968,0,2.3464426081317633
U0015969,0,-1.5512736071899127
U0015970,1,0.9733808048972143
U0015971,0,3.3806558825498136
U0015972,0,3.0103530498994076
U0015973,1,1.3812306059522008
U0015974,0,2.450238826653635
U0015975,0,2.0772178279896867
U0015976,0,2.2410285602294664
U0015977,0,2.7391921809084288
U0015978,0,3.2571290062797544
U0015979,0,0.14231821211746976
U0015980,0,2.2482699913642428
U0015981,0,2.9481382237222817
U0015982,1,3.9226546621379477
U0015983,1,2.647229857751082
U0015984,0,2.5312298449739217
U0015985,1,3.109304503224015
U0015986,0,2.692338069101826
U0015987,0,-2.8863729337475803
U0015988,1,3.317368532016147
U0015989,0,5.9452803082366685
U0015990,1,2.691284407322158
U0015991,0,0.5596221935778374
U0015992,0,4.4748992122993805
U0015993,1,1.2345355781844098
U0015994,0,5.052352909890068
U0015995,0,3.258761672451417
U0015996,0,6.205564397317541
U0015997,0,2.974656621363078
U0015998,1,1.8444934545787994
U0015999,1,3.928877350020457
U0016000,0,-0.9916607608139749
U0016001,1,2.1722151242021646
U0016002,1,3.727851191760273
U0016003,1,3.052950043937205
U0016004,1,-0.41133031614530324
U0016005,1,2.8110522610968545
U0016006,1,2.9848545498717733
U0016007,0,0.5877439359901508
U0016008,1,3.0800870964042915
U0016009,0,3.488623013058181
U0016010,0,2.223711898921767
U0016011,0,4.138795545382937
U0016012,1,2.588472284993127
U0016013,1,1.5894751586770575
U0016014,1,2.712744371656486
U0016015,0,3.369923379648789
U0016016,1,-0.34670813995949956
U0016017,1,0.7846668253434324
U0016018,1,2.9249812641149333
U0016019,1,1.7732854721375375
U0016020,1,2.660604823916959
U0016021,0,1.5173926967523101
U0016022,0,2.8205451548824705
U0016023,0,2.069538155238405
U0016024,0,0.9527009467522234
U0016025,0,2.1122928982064444
U0016026,0,1.6988797774161224
U0016027,1,4.070212264732259
U0016028,0,3.6371554933143138
U0016029,0,1.0023468337092147
U0016030,0,3.223204022006989
U0016031,1,3.6069263297199825
U0016032,0,4.762012321702743
U0016033,1,2.997009747404558
U0016034,1,1.2948193113969566
U0016035,1,1.3116801082476055
U0016036,0,3.2228653104130043
U0016037,1,2.621869223572638
U0016038,0,4.336920549039849
U0016039,0,2.822043653229752
U0016040,1,1.7762236425469098
U0016041,1,3.528723778011118
U0016042,1,2.096898200706761
U0016043,0,2.754530498163387
U0016044,1,4.528350309745639
U0016045,1,-0.21596555729230715
U0016046,0,1.2554191727676525
U0016047,0,1.4330988423337523
U0016048,1,3.4093563189059637
U0016049,1,1.205749954874129
U0016050,1,0.15034668108037152
U0016051,1,1.5761613115482653
U0016052,0,2.768651917092294
U0016053,0,5.808258803598268
U0016054,1,2.8931777951345268
U0016055,1,3.720262710637332
U0016056,0,-3.149378674778397
U0016057,0,0.9155759151702796
U0016058,1,4.050747032705541
U0016059,0,0.6157842495989989
U0016060,1,3.1043693834973354
U0016061,1,0.9301113366182996
U0016062,1,1.1840135862342542
U0016063,0,1.6246966501504954
U0016064,0,1.7597461991622865
U0016065,1,1.0826323160788203
U0016066,1,0.9583679778191438
U0016067,1,0.4433575711844071
U0016068,1,2.588572681003514
U0016069,0,0.3701145471067804
U0016070,0,5.838813388552968
U0016071,0,2.9832938722860796
U0016072,1,2.4449818397037575
U0016073,1,3.8002996984837196
U0016074,0,2.6054076855339456
U0016075,1,9.708799826186286
U0016076,0,1.1944672484876797
U0016077,1,2.4928594122698655
U0016078,1,1.762873163001867
U0016079,1,0.19718358492760757
U0016080,0,0.7511006273753047
U0016081,0,1.1050703137555224
U0016082,0,3.1478200173913535
U0016083,0,2.9697353358507055
U0016084,0,3.8282329939173145
U0016085,1,2.076606288303484
U0016086,1,1.7038113603468474
U0016087,1,2.0686304556509505
U0016088,0,2.8967881439966696
U0016089,0,3.134569178415358
U0016090,0,4.018869320101006
U0016091,0,1.4100975750778453
U0016092,1,1.7500726130973163
U0016093,0,1.5682506230324478
U0016094,1,2.749135296373712
U0016095,1,3.948324822978492
U0016096,0,1.7585157467096906
U0016097,1,3.5497138321230164
U0016098,1,5.606973903830831
U0016099,1,3.6143345967499645
U0016100,1,2.2248162915365306
U0016101,1,0.309704283023958
U0016102,0,-0.12308377458738562
U0016103,1,4.102222972886715
U0016104,1,3.4034396646564673
U0016105,1,-0.6423545829941197
U0016106,0,1.1795355369719793
U0016107,1,3.513775188032353
U0016108,1,4.65491692398135
U0016109,1,4.408433925466202
U0016110,0,2.102814664223711
U0016111,1,4.535882256822003
U0016112,0,4.6756386013270514
U0016113,0,2.395706511501757
U0016114,1,3.252231333403742
U0016115,0,2.5333014200189403
U0016116,0,3.4285683764784984
U0016117,0,5.012857490401284
U0016118,1,2.291233416350991
U0016119,1,-0.5764633530457601
U0016120,1,2.936943477643407
U0016121,1,4.636179778639381
U0016122,1,1.3679702618977565
U0016123,0,0.1575109099324994
U0016124,1,1.7423308285420198
U0016125,1,2.1179446726544455
U0016126,0,3.320957428319801
U0016127,0,3.064731087000343
U0016128,1,2.6725169896407497
U0016129,0,3.172444942635611
U0016130,0,1.7580657665118906
U0016131,0,3.08510480427573
U0016132,1,4.17909395519594
U0016133,1,1.326838138096261
U0016134,1,1.9620849100850837
U0016135,0,3.598966202450672
U0016136,1,2.980369325554081
U0016137,0,4.224957286659738
U0016138,1,1.7859088283615865
U0016139,0,3.8940357860406003
U0016140,0,3.703649557039231
U0016141,0,3.656459710560739
U0016142,1,5.4481178648396735
U0016143,1,2.789479214944773
U0016144,0,1.5502199706851698
U0016145,1,3.289192475750294
U0016146,1,3.820317061477894
U0016147,0,3.0001026115822818
U0016148,0,4.336930238117745
U0016149,0,2.1264699401203337
U0016150,1,4.518741006281365
U0016151,1,3.278816123349518
U0016152,1,1.977034868591577
U0016153,0,4.428724243631912
U0016154,1,6.072960220344772
U0016155,1,3.363213119280255
U0016156,1,0.2346977691876191
U0016157,0,3.01607200815039
U0016158,0,1.2366784898774554
U0016159,0,2.7620755403833144
U0016160,0,4.389143942655846
U0016161,1,2.479636868583931
U0016162,0,1.2200151401139685
U0016163,1,2.960994891636176
U0016164,0,2.2711781204005774
U0016165,1,3.372961074961408
U0016166,0,1.1696710565300101
U0016167,1,5.18276057617495
U0016168,0,2.609599688576031
U0016169,1,2.400018883549004
U0016170,0,1.6997822145416457
U0016171,0,0.525081729747999
U0016172,0,2.6041650107092256
U0016173,1,3.33687067963554
U0016174,0,2.3168039349263765
U0016175,0,-0.27409782713978714
U0016176,1,9.73950872139191
U0016177,1,2.874204033637824
U0016178,0,1.932773088282154
U0016179,0,2.807822018661584
U0016180,0,1.4522350103332435
U0016181,1,3.2588865087919494
U0016182,0,3.2420751400060723
U0016183,1,1.3748147711253544
U0016184,0,0.5505033689261047
U0016185,1,0.1351555002763405
U0016186,1,2.528729440860385
U0016187,1,2.421840152452262
U0016188,0,-2.384570761436681
U0016189,1,1.549445148045308
U0016190,0,5.419822805651767
U0016191,0,3.3031449238801507
U0016192,1,-0.7121062177293354
U0016193,0,-1.7936582487430925
U0016194,0,2.63322528239442
U0016195,1,3.0973677402080035
U0016196,1,4.501146689661857
U0016197,1,2.6097089597663334
U0016198,0,1.9560223998125146
U0016199,0,5.181490951668682
U0016200,1,1.9351541603283806
U0016201,1,3.5282175473712467
U0016202,1,1.6964590780026256
U0016203,0,1.9030055455485222
U0016204,0,3.6194323683238085
U0016205,1,1.9411172160792738
U0016206,1,3.3272343197201515
U0016207,0,3.1642822439987484
U0016208,1,3.580439698432384
U0016209,1,4.84972406024681
U0016210,1,2.8709102556756783
U0016211,1,2.4885510609016457
U0016212,1,2.9707235263756395
U0016213,1,2.380984165082893
U0016214,1,1.907589097008632
U0016215,1,2.2535624413662454
U0016216,0,2.4906216785259314
U0016217,1,5.107496613757048
U0016218,0,2.165640911572588
U0016219,1,4.560771338438379
U0016220,0,2.205575349643098
U0016221,0,1.0889760058287195
U0016222,0,2.8880497237756764
U0016223,1,3.5814961540012256
U0016224,1,4.074244019544931
U0016225,0,4.37974760419301
U0016226,1,3.9155857366218676
U0016227,0,-0.03971687998966367
U0016228,1,0.5046305642006281
U0016229,1,-1.3499647709637976
U0016230,1,0.3675752131844252
U0016231,0,1.8189952557503517
U0016232,0,4.350965598454133
U0016233,1,1.9026664763323922
U0016234,0,2.225939790793209
U0016235,1,-0.40346498219146554
U0016236,1,1.7300911315555005
U0016237,1,1.7210634772008895
U0016238,0,2.7094885821422885
U0016239,0,8.691475446724015
U0016240,0,4.468356971975789
U0016241,0,3.813112200595274
U0016242,0,1.3372308013481238
U0016243,0,3.5867135868593003
U0016244,1,2.68612037064047
U0016245,0,2.8088072431806808
U0016246,0,4.731003618880248
U0016247,0,2.542190015162209
U0016248,0,3.498786408576546
U0016249,0,6.735999070583542
U0016250,0,4.150605506975497
U0016251,1,2.8928137516127137
U0016252,0,4.234244207426187
U0016253,0,2.081867540972958
U0016254,0,-1.50259538583677
U0016255,1,2.117839144842904
U0016256,0,2.7762616441838937
U0016257,0,0.38136722215694085
U0016258,1,-1.4207870769633502
U0016259,1,2.0474069054758903
U0016260,1,4.207541066476473
U0016261,0,8.033764783526319
U0016262,1,1.4098014196668789
U0016263,0,3.7435932948608865
U0016264,0,3.8784068903799636
U0016265,1,1.8516116657045263
U0016266,1,-0.22406066817340964
U0016267,0,4.738450497953661
U0016268,0,-1.4521727269922078
U0016269,1,1.494650814117847
U0016270,1,1.8190186870573584
U0016271,0,2.873652681651432
U0016272,0,0.22756590429171908
U0016273,0,2.330616892523256
U0016274,1,2.936141767803484
U0016275,0,1.6230883321685976
U0016276,1,4.429130023870751
U0016277,1,4.9991981004708315
U0016278,1,3.0862327836045367
U0016279,0,1.9689744601665282
U0016280,1,4.624779610577946
U0016281,0,4.831520562369677
U0016282,1,3.995399718937694
U0016283,0,2.7719310052185904
U0016284,1,2.7208645589241343
U0016285,1,0.6892734898663697
U0016286,0,1.4346448848047046
U0016287,0,3.5317022272468677
U0016288,1,0.12127339973169882
U0016289,0,1.9918226593172221
U0016290,1,0.6185079176808976
U0016291,0,5.241245576301473
U0016292,1,2.591937302999277
U0016293,1,3.476155454637457
U0016294,0,2.0795985689659346
U0016295,1,0.3070696114879716
U0016296,0,2.202673806978062
U0016297,1,1.786490751328472
U0016298,0,4.5986596459729085
U0016299,1,2.7990377339196932
U0016300,0,3.8699471206263674
U0016301,0,-5.355824507097552
U0016302,1,2.4370810585499534
U0016303,0,2.101918879038015
U0016304,0,1.6386367910670323
U0016305,1,3.849587003362778
U0016306,1,2.8759518323465016
U0016307,0,2.0388237185753937
U0016308,1,1.6520287221587573
U0016309,0,1.7639600686820174
U0016310,1,0.8476647250804774
U0016311,1,1.9973066975158957
U0016312,1,1.115514835677505
U0016313,1,2.5092023777517483
U0016314,0,3.9177722626291995
U0016315,0,4.65931825528839
U0016316,0,3.203270952234263
U0016317,0,3.14767724974174
U0016318,0,3.04787067789238
U0016319,1,3.8879209608218126
U0016320,1,4.54556679871979
U0016321,1,-5.262991642635805
U0016322,0,3.246828306576653
U0016323,1,1.6655647964373337
U0016324,1,4.803430737271272
U0016325,0,2.2018067174307028
U0016326,0,2.668600505937519
U0016327,1,1.6703609744826622
U0016328,1,3.4672417164278553
U0016329,1,1.85805263509911
U0016330,1,4.20668538669732
U0016331,0,3.2781777241831946
U0016332,0,2.2640932641992713
U0016333,0,3.737793532293539
U0016334,0,1.8616793573463433
U0016335,0,2.603973135828907
U0016336,1,1.7736753835730603
U0016337,0,2.3705756717836906
U0016338,0,6.44244221670553
U0016339,0,-1.5554040134044094
U0016340,1,3.561804878498151
U0016341,1,1.7923894470115371
U0016342,0,2.394556536498955
U0016343,0,1.697185710457255
U0016344,0,0.9977363040469545
U0016345,0,3.833099587941188
U0016346,1,5.42218660280496
U0016347,1,2.0089675718326205
U0016348,1,0.9510076182581386
U0016349,1,2.6161444459897005
U0016350,1,2.724924812840463
U0016351,0,3.6625755791888146
U0016352,0,1.444925752687345
U0016353,0,2.6495623493947758
U0016354,1,3.3484206070177187
U0016355,0,4.002813261999119
U0016356,1,3.3677171559768553
U0016357,1,2.2342343632448376
U0016358,0,1.7070889082072256
U0016359,1,1.9039551049994934
U0016360,1,3.374432522299861
U0016361,0,3.5721864838961146
U0016362,1,2.525736196353762
U0016363,0,2.5737158339550916
U0016364,1,1.7699311948505638
U0016365,0,5.770157177997021
U0016366,0,3.4132175536761196
U0016367,1,0.3806466340986603
U0016368,0,2.9703501012870888
U0016369,1,2.469751793267747
U0016370,0,2.9089218732217716
U0016371,1,3.403225259051805
U0016372,1,1.2146463071996543
U0016373,0,4.655901400319827
U0016374,1,2.1098547388212907
U0016375,0,2.0663801518949967
U0016376,1,3.22592203357139
U0016377,1,0.6043597085289747
U0016378,0,5.128175160816642
U0016379,0,4.264016994509305
U0016380,1,1.5907843271347168
U0016381,1,4.599907144862691
U0016382,0,-0.549126355644578
U0016383,0,1.8767638331613519
U0016384,0,2.8651196648057855
U0016385,0,-1.0500580528890726
U0016386,1,3.1649768116382315
U0016387,0,3.674542747423052
U0016388,0,5.386776309478245
U0016389,0,3.557251902377841
U0016390,0,2.1335438086642142
U0016391,0,5.50783582268183
U0016392,0,2.0540435966995503
U0016393,1,1.5859310786025915
U0016394,0,3.3023170680536786
U0016395,1,1.2853699737539692
U0016396,1,2.5384524172114453
U0016397,1,3.4169476214641623
U0016398,0,-1.188231698417102
U0016399,1,1.4732929612694186
U0016400,0,0.8009586291563267
U0016401,1,3.53485379564853
U0016402,0,3.291230377705862
U0016403,0,1.2212274724366132
U0016404,1,3.415467193370361
U0016405,1,3.9015255089431946
U0016406,1,3.002459684304469
U0016407,0,-2.0486570511249553
U0016408,1,1.4739296037972167
U0016409,1,3.907358406854847
U0016410,1,3.160019527820573
U0016411,1,3.4438892259787934
U0016412,1,1.2821696338998017
U0016413,0,3.6468328733671367
U0016414,1,4.352468030416929
U0016415,0,1.7718357155129372
U0016416,1,3.6496401871648594
U0016417,1,2.392052828036638
U0016418,0,3.504586109579657
U0016419,1,3.56464308250062
U0016420,0,2.7682194181608786
U0016421,1,1.714784489413649
U0016422,0,4.558054232622714
U0016423,1,4.183216791216825
U0016424,0,1.8384581728998288
U0016425,1,1.6609410319548985
U0016426,0,7.613642411278676
U0016427,0,2.75482573136539
U0016428,1,2.2944783754816456
U0016429,0,4.257562350576858
U0016430,0,1.3075622744735504
U0016431,0,0.32479931818634533
U0016432,1,3.508639329581058
U0016433,0,5.441266506305173
U0016434,1,2.89343967942831
U0016435,0,3.2439489455648243
U0016436,1,-2.430407381536053
U0016437,0,2.0637488300102973
U0016438,1,-0.8501046928507563
U0016439,0,1.986274822116787
U0016440,1,-2.778204928872171
U0016441,1,2.4512471505338844
U0016442,1,2.2896475800780713
U0016443,1,3.6099357944782966
U0016444,1,2.294230077853104
U0016445,0,2.8186304448040644
U0016446,1,2.915247154540488
U0016447,0,2.800060649680704
U0016448,0,0.3444520963747397
U0016449,0,2.2033778085777556
U0016450,0,0.5198433707691468
U0016451,1,2.9819917482586007
U0016452,1,1.5052288443464512
U0016453,1,3.5875221912863715
U0016454,0,1.9793220660733546
U0016455,1,3.569169657359854
U0016456,0,3.0998366754805318
U0016457,0,3.3843515315343957
U0016458,0,3.464736428611772
U0016459,0,2.2689576021458606
U0016460,0,2.0930565982671183
U0016461,1,1.0347918237983862
U0016462,1,2.617770291262147
U0016463,1,4.957503459425755
U0016464,1,1.4895105538465785
U0016465,0,1.6268703819666754
U0016466,1,1.375909497728113
U0016467,1,0.5260368646769926
U0016468,1,3.1704945289762847
U0016469,0,3.664447620934485
U0016470,1,1.705646715771513
U0016471,1,1.513721531661746
U0016472,1,2.7642169579225087
U0016473,1,1.7671495995195396
U0016474,0,4.693963808890446
U0016475,0,4.3973079892742994
U0016476,1,3.6451055250588027
U0016477,0,3.1738177515033303
U0016478,0,4.889096651717335
U0016479,0,2.1896062203473363
U0016480,1,0.2069423015294376
U0016481,1,0.5413495238555655
U0016482,1,4.890138734232707
U0016483,0,1.626915631676301
U0016484,0,1.2251437370503275
U0016485,0,6.124852041225937
U0016486,0,3.1285240380240076
U0016487,1,1.591412131823235
U0016488,1,5.52229843770278
U0016489,1,3.1877274919100227
U0016490,1,3.3343652745449646
U0016491,1,2.967026279532206
U0016492,0,2.4004319697249237
U0016493,1,3.1410966343418316
U0016494,0,2.285445572273666
U0016495,1,2.648023424219847
U0016496,1,3.0696641279664014
U0016497,1,1.8196373514145137
U0016498,0,2.0378249202259973
U0016499,0,1.5824719970236778
U0016500,1,3.6609856423957883
U0016501,1,2.220484466856437
U0016502,0,5.434514846929478
U0016503,0,2.223553351800696
U0016504,1,2.810531088714736
U0016505,0,2.636559336911322
U0016506,0,2.538610174699773
U0016507,1,3.6337188982662063
U0016508,1,1.2886291106727583
U0016509,1,2.3307268627087936
U0016510,0,1.209505011541303
U0016511,0,2.0978125574080195
U0016512,1,3.6104788859653407
U0016513,0,2.6837237594918655
U0016514,0,1.3517806970041946
U0016515,0,1.5012372327062309
U0016516,1,0.7970535591796413
U0016517,0,2.070248972283224
U0016518,1,4.314620402882056
U0016519,1,3.944747602814818
U0016520,1,3.806169743860419
U0016521,1,2.2560816666450805
U0016522,1,2.9224102668011724
U0016523,0,0.20794479878398064
U0016524,0,2.047365558410842
U0016525,1,1.6789142170710498
U0016526,1,3.2295915223327327
U0016527,0,5.7515037536523295
U0016528,1,2.1220727737527554
U0016529,0,2.516269494351235
U0016530,1,5.825887435679462
U0016531,0,3.5037923425471895
U0016532,1,2.3321273581061277
U0016533,1,2.3247153956997515
U0016534,0,2.8001582260561513
U0016535,1,2.9893227841420753
U0016536,0,2.3001404044352896
U0016537,0,3.3142684429185465
U0016538,1,1.7391291581970414
U0016539,0,1.5168659302768468
U0016540,1,1.8517585974872723
U0016541,1,2.788028288923705
U0016542,1,3.3946166651655574
U0016543,0,2.5530020407942473
U0016544,1,3.2252895698617046
U0016545,1,4.348547181974013
U0016546,1,2.306948335145419
U0016547,1,4.00517208599058
U0016548,0,4.292307416577151
U0016549,1,1.6537656568930732
U0016550,1,3.5150588629839046
U0016551,0,1.5790729793718796
U0016552,0,1.27282383681694
U0016553,1,3.170281465774888
U0016554,0,1.976244780621224
U0016555,0,2.615889958814531
U0016556,1,3.8182725444452608
U0016557,1,2.473546525176893
U0016558,0,4.555967387882596
U0016559,0,5.7947011241274815
U0016560,1,3.89198224664894
U0016561,1,1.3291578706735336
U0016562,1,1.4054759548958202
U0016563,0,4.7235150158536445
U0016564,0,-1.3547043606502278
U0016565,0,0.5984515507779271
U0016566,1,3.6033740858206613
U0016567,1,1.6294474493401712
U0016568,1,2.873259084025582
U0016569,0,3.370567190755825
U0016570,0,3.1572541352394623
U0016571,0,2.69928624536929
U0016572,0,4.4136400673912135
U0016573,1,1.158983249761988
U0016574,1,4.126839125810694
U0016575,1,2.920590334316845
U0016576,1,2.884183309975832
U0016577,1,2.7191732220154954
U0016578,1,3.5772669080101096
U0016579,1,0.7088043190638302
U0016580,0,5.415339268178208
U0016581,0,3.5833532943370177
U0016582,1,3.80350689794305
U0016583,0,2.8838669653066376
U0016584,1,2.838009680292277
U0016585,1,3.387385165130432
U0016586,1,3.7146550208148295
U0016587,1,0.7993800017815502
U0016588,1,3.726688989307643
U0016589,1,4.6536694237585365
U0016590,1,1.434073192791665
U0016591,0,3.339494229645272
U0016592,0,2.560582606510234
U0016593,0,2.0220887053141148
U0016594,0,3.2901393608608167
U0016595,0,2.554836439805811
U0016596,0,0.5577604430829126
U0016597,0,2.4026524593914935
U0016598,1,3.1424330675199137
U0016599,0,0.5927035423307458
U0016600,0,3.4854284570964236
U0016601,0,9.240193678516237
U0016602,1,0.558796305272601
U0016603,1,1.4843815665991595
U0016604,1,-1.0190230888231895
U0016605,0,5.214049994261519
U0016606,1,1.0926085096393763
U0016607,1,1.2881359459032318
U0016608,1,1.6948362540718307
U0016609,1,2.1724397155206336
U0016610,1,4.254044199904829
U0016611,0,4.913484639794518
U0016612,1,1.9141351099556907
U0016613,0,1.7498612513494578
U0016614,0,2.409260036582406
U0016615,0,2.070489360289365
U0016616,0,5.182819251710214
U0016617,1,0.40841789413365603
U0016618,1,2.9702349527685747
U0016619,1,3.884478948065201
U0016620,0,2.8466819523336166
U0016621,0,2.0956439880844044
U0016622,0,3.4086269151725546
U0016623,1,4.755964422127079
U0016624,1,8.287505142685262
U0016625,0,1.6057978188471935
U0016626,0,3.782031655126893
U0016627,1,3.73231947752544
U0016628,0,2.337972729179434
U0016629,0,1.18222196815724
U0016630,0,3.714272846834744
U0016631,0,2.6988514071224614
U0016632,1,3.052078590387662
U0016633,0,3.425192340321221
U0016634,1,-2.960652090586116
U0016635,0,1.0302759727766393
U0016636,1,2.1117627000613073
U0016637,0,3.871691211698474
U0016638,0,1.7698127486479471
U0016639,1,3.5781955008390813
U0016640,1,2.1402500342661526
U0016641,1,-0.8680767849888973
U0016642,1,6.572353919706668
U0016643,1,2.051237085027399
U0016644,1,3.603917827610701
U0016645,0,5.421567595463323
U0016646,0,5.185172348663809
U0016647,1,2.7271706399682216
U0016648,1,3.3125771199973446
U0016649,0,2.008107025355109
U0016650,1,2.441743603553453
U0016651,1,-0.273930407545393
U0016652,0,2.4042132858826832
U0016653,1,1.9042421555277933
U0016654,1,1.2348099420585577
U0016655,0,3.513160170998013
U0016656,1,2.1790466235037513
U0016657,0,0.6794202517730881
U0016658,1,3.1943481840429655
U0016659,1,5.408139307482934
U0016660,0,2.9237553747992777
U0016661,1,3.574677782730017
U0016662,0,2.4202352471119077
U0016663,1,5.183945982600534
U0016664,0,1.5217661569933547
U0016665,0,4.114419366203766
U0016666,0,1.7161609070250705
U0016667,0,2.6794773793083273
U0016668,1,2.2340770430899592
U0016669,1,6.018840701917302
U0016670,0,5.725214319861863
U0016671,0,4.397859719588613
U0016672,0,3.2927502102762247
U0016673,1,3.282928852173768
U0016674,1,-3.3355687151464117
U0016675,1,2.8948049156692406
U0016676,1,2.632849955265069
U0016677,0,2.725151031604316
U0016678,0,2.768830225779583
U0016679,1,2.033152611971815
U0016680,0,3.6436471150129357
U0016681,0,2.6808924589027576
U0016682,0,4.055072919629993
U0016683,0,3.866033662151823
U0016684,0,3.9708678487690428
U0016685,0,5.910482988147345
U0016686,1,2.6492596116130684
U0016687,1,1.7507479077090178
U0016688,0,3.993836370765152
U0016689,1,8.765601665855376
U0016690,0,-1.1237631323631199
U0016691,1,0.09009509618977418
U0016692,0,3.3808789507778645
U0016693,0,2.825759571841786
U0016694,0,4.163077194947839
U0016695,1,0.5070035259310917
U0016696,1,2.1495155143259232
U0016697,0,2.0138839477503208
U0016698,1,3.6068267688477
U0016699,0,-0.9112387213956481
U0016700,0,5.531061106827664
U0016701,1,1.114010737123536
U0016702,1,3.745090443146685
U0016703,0,2.7526512311210176
U0016704,0,2.5932620558414
U0016705,1,2.324647429340116
U0016706,0,2.3100340600890235
U0016707,0,4.1731622496887475
U0016708,1,5.284237030412822
U0016709,1,3.541860736318437
U0016710,0,2.758428263125804
U0016711,0,3.4706823995761713
U0016712,1,4.14837274973198
U0016713,0,3.157674628683621
U0016714,0,2.455337112669593
U0016715,1,2.04337666815524
U0016716,0,0.6529618538507371
U0016717,0,-0.3275663434407683
U0016718,0,3.7376829907018454
U0016719,0,-0.2816078995963629
U0016720,1,4.121779735754776
U0016721,0,2.6686367568160385
U0016722,1,-0.33066439165520123
U0016723,1,4.055909146378436
U0016724,0,4.172490469662158
U0016725,0,2.3102883281299817
U0016726,1,-3.414266073481972
U0016727,0,0.2278621400623564
U0016728,0,-1.5345701654838564
U0016729,0,5.942499003297469
U0016730,0,4.99195693817583
U0016731,0,4.702979172737791
U0016732,0,4.089692551417208
U0016733,0,3.7654174509516043
U0016734,1,3.077092600563322
U0016735,1,3.043395952609
U0016736,0,3.7455871930507616
U0016737,0,-0.04009258407104532
U0016738,0,0.6722634921850634
U0016739,0,2.799421635146814
U0016740,0,4.028487700058847
U0016741,0,1.302177012097058
U0016742,0,2.7096847500347003
U0016743,1,1.8134787779309836
U0016744,0,2.254287024792296
U0016745,0,3.361022867293407
U0016746,0,4.001837199730597
U0016747,1,1.6661721570102053
U0016748,1,-0.6218035656130212
U0016749,1,1.2364991012151698
U0016750,0,2.5499437621631635
U0016751,1,4.095253830211657
U0016752,0,2.9565915884062406
U0016753,1,3.548312162764793
U0016754,1,2.769936354100526
U0016755,0,2.3854233169709413
U0016756,0,3.287317122492528
U0016757,0,5.189469611502657
U0016758,1,0.25614504137691263
U0016759,0,0.28873472312175963
U0016760,0,0.8840638913301326
U0016761,1,3.226952547538229
U0016762,0,1.665828360402287
U0016763,1,1.8283274790204516
U0016764,1,2.2341552551427135
U0016765,1,1.1629481394720464
U0016766,1,2.347528943522377
U0016767,0,7.481967403443537
U0016768,0,1.136703462249912
U0016769,0,2.7586614869963597
U0016770,1,2.5589812560699414
U0016771,1,8.121404109938677
U0016772,1,2.653483627568132
U0016773,1,2.6061934686837773
U0016774,0,4.235930003018716
U0016775,0,2.726862721593143
U0016776,0,1.7413483461244592
U0016777,1,4.505042528199041
U0016778,0,-1.0264837251270151
U0016779,0,2.221552317207987
U0016780,1,2.876504699937481
U0016781,1,3.860384694375824
U0016782,1,11.80711129818425
U0016783,0,3.16164844760789
U0016784,0,0.6674439705821396
U0016785,1,3.2705936362859376
U0016786,0,1.5730413500352327
U0016787,1,3.560875965941488
U0016788,1,1.618956761704231
U0016789,0,0.15068230820491912
U0016790,0,2.2706032681273385
U0016791,1,2.981597808126452
U0016792,0,3.0165012920849215
U0016793,1,2.4682272405816317
U0016794,1,5.693784899981761
U0016795,1,2.410493276891131
U0016796,0,1.0736197417912354
U0016797,0,4.09631422969316
U0016798,0,3.8041010990079585
U0016799,1,2.864266861377441
U0016800,1,2.912389953412273
U0016801,0,1.4543866054018117
U0016802,1,3.8137216422113305
U0016803,0,3.103210652423
U0016804,0,0.8511280216466801
U0016805,0,1.8646947800051414
U0016806,0,2.8939071185281477
U0016807,0,1.7291672681954822
U0016808,1,2.997939801561948
U0016809,1,1.4364745948484803
U0016810,0,2.2174852601598367
U0016811,0,2.917850665701529
U0016812,0,3.2317482049471433
U0016813,0,1.3526279820628844
U0016814,0,3.9756085339309273
U0016815,1,2.8851666841034866
U0016816,1,2.15637110993263
U0016817,1,2.5907273551762504
U0016818,1,0.0528083388912961
U0016819,1,-2.970115954865042
U0016820,0,5.374803881976021
U0016821,0,4.160832387991707
U0016822,1,4.219515188452764
U0016823,1,2.2357310420662717
U0016824,0,1.4980251727580303
U0016825,0,3.2039643235724604
U0016826,0,0.6770880669305939
U0016827,0,3.626539362192787
U0016828,1,2.852759206068905
U0016829,1,0.7690613930671333
U0016830,1,2.7977223097065114
U0016831,0,3.0069312013642886
U0016832,1,4.05759834744353
U0016833,0,3.8981873099493196
U0016834,1,3.180560480959313
U0016835,0,0.01284004036958919
U0016836,0,1.6358067680553923
U0016837,1,3.8068396326649
U0016838,0,1.3406183984062068
U0016839,1,2.3260772953002675
U0016840,1,3.209676371450053
U0016841,1,4.747696437668472
U0016842,0,4.354244539405489
U0016843,0,0.8444744594591462
U0016844,1,0.33732170745389567
U0016845,0,1.9996366959733827
U0016846,1,4.245475947916695
U0016847,1,3.947648801431505
U0016848,1,2.7243885727307653
U0016849,0,0.9329595716753758
U0016850,0,4.345496380702174
U0016851,1,2.7871387748059178
U0016852,0,2.523126325535813
U0016853,1,3.0159755779997113
U0016854,0,1.048425356301145
U0016855,1,3.789640157453185
U0016856,1,1.236033502013857
U0016857,0,2.0560690066652008
U0016858,1,2.0780113093319716
U0016859,1,0.7038742534904046
U0016860,1,-7.655351669718144
U0016861,0,4.75950175447154
U0016862,0,2.3611539797699113
U0016863,1,1.1552980641221247
U0016864,0,4.322152264111271
U0016865,1,0.2734886293253531
U0016866,1,1.4204383701406584
U0016867,0,3.034340456499848
U0016868,1,2.4782271058515803
U0016869,0,4.870399213388808
U0016870,1,3.3662858957746646
U0016871,1,10.080481398213418
U0016872,0,4.376988593047537
U0016873,1,-0.37460011205388355
U0016874,0,2.3497987221728707
U0016875,1,6.100851710365426
U0016876,0,4.1307262250204815
U0016877,0,1.0966338105676243
U0016878,0,4.3089718607375325
U0016879,1,2.9540456210276247
U0016880,1,2.951071721440389
U0016881,1,3.20514194307197
U0016882,1,3.9860789575868836
U0016883,1,1.7330280789883616
U0016884,1,3.451955146340312
U0016885,1,-2.161939207411802
U0016886,0,3.958657058427974
U0016887,1,2.706359598298505
U0016888,0,3.501283072281236
U0016889,0,2.751471269922572
U0016890,0,2.979510236459099
U0016891,0,1.9937885781958968
U0016892,0,3.890324205627657
U0016893,0,4.980205657418352
U0016894,0,4.976725684864675
U0016895,1,0.37765355426017067
U0016896,0,2.1638366409389036
U0016897,0,2.4615631574410095
U0016898,0,2.5350532552772975
U0016899,0,-0.09522104019810484
U0016900,0,1.1964919277124402
U0016901,1,-0.4103989874572225
U0016902,0,3.242906851475979
U0016903,0,1.8513610112950474
U0016904,1,2.4008836307472343
U0016905,0,-4.3626018001217695
U0016906,1,5.214061079123738
U0016907,1,0.18666513779603733
U0016908,1,2.3410340806948646
U0016909,0,4.02889495878151
U0016910,1,4.561366407647462
U0016911,1,2.5135741488448424
U0016912,0,3.9527151247562546
U0016913,0,2.1891839067966288
U0016914,1,3.732556202488567
U0016915,0,2.843257850263168
U0016916,1,-0.8933886553254382
U0016917,1,4.090770295853741
U0016918,1,4.88910889939217
U0016919,1,1.1325173419546495
U0016920,0,3.2282776034258376
U0016921,1,8.96407177589948
U0016922,1,-1.1681813841008903
U0016923,0,0.9314382541697945
U0016924,1,2.5327252161295295
U0016925,0,3.1096121968702413
U0016926,1,0.368507025558408
U0016927,0,0.7822012543033594
U0016928,1,0.6953956311790677
U0016929,0,1.6472792793356774
U0016930,1,3.0522212932580963
U0016931,1,3.0418868437737423
U0016932,1,4.9285947231748
U0016933,1,3.584087360229873
U0016934,1,1.8576991770592777
U0016935,1,1.588433042081439
U0016936,0,4.757170133869938
U0016937,1,0.5259893154657007
U0016938,0,5.180124455957557
U0016939,0,1.2469065769910763
U0016940,0,3.631630868703887
U0016941,1,1.191011255559122
U0016942,0,1.228203996022069
U0016943,0,-1.6210794045110397
U0016944,0,2.051418276160671
U0016945,0,2.5727026689853947
U0016946,0,3.2062750517779044
U0016947,1,1.8325611179335688
U0016948,1,4.248243161666101
U0016949,1,4.872498222130126
U0016950,1,3.1471640689594658
U0016951,1,2.127899886865624
U0016952,1,4.082849229448611
U0016953,1,4.7888137337772605
U0016954,0,5.47432251721974
U0016955,1,2.4456254417400203
U0016956,0,1.4425616010777809
U0016957,1,2.486465573194616
U0016958,0,1.869747714741628
U0016959,1,4.191133151745255
U0016960,1,3.030600266724168
U0016961,1,0.4161749617717483
U0016962,1,2.2269321438943592
U0016963,1,0.03633405517056332
U0016964,0,3.1869929270532573
U0016965,0,1.5807857303630968
U0016966,1,3.266780283274649
U0016967,0,4.404092388660757
U0016968,0,1.1140504532100088
U0016969,0,3.8748272563849167
U0016970,0,2.5743648682776765
U0016971,1,4.615432951807868
U0016972,0,3.1023689661246046
U0016973,0,1.226664806315167
U0016974,1,2.233454218786047
U0016975,1,3.0132300838541894
U0016976,1,1.701144694727919
U0016977,0,2.3047669819619614
U0016978,1,4.024332438685452
U0016979,0,0.3705155655815222
U0016980,0,1.67510290764287
U0016981,0,0.8525096593802566
U0016982,1,8.827510038747086
U0016983,1,2.2671702363327313
U0016984,1,3.86595651010947
U0016985,1,4.617177275019191
U0016986,0,3.271181888025339
U0016987,0,2.208486229229221
U0016988,0,2.2218200978773925
U0016989,1,4.137584142318559
U0016990,0,1.3086590558724431
U0016991,1,1.7509590969564357
U0016992,0,3.859506510531107
U0016993,1,1.4889852012402063
U0016994,0,2.79688315808254
U0016995,1,5.973198848614334
U0016996,1,5.791615893241147
U0016997,1,5.200076429210123
U0016998,1,2.434370354161093
U0016999,1,3.567632623864956
U0017000,0,2.1901963056191
U0017001,0,0.46920646660980125
U0017002,0,4.2327962508728305
U0017003,0,3.1962583508065894
U0017004,0,3.098073612273634
U0017005,0,2.4477166436230178
U0017006,0,-0.4640550492463156
U0017007,1,2.374334938441482
U0017008,0,4.013393260032558
U0017009,0,2.3526688333715455
U0017010,0,5.425528325678657
U0017011,1,2.9153891194618033
U0017012,0,2.73905000605531
U0017013,1,6.392011089165152
U0017014,0,3.225073927428424
U0017015,1,4.222074303033512
U0017016,1,2.957582563239715
U0017017,1,1.2847897557856047
U0017018,0,1.6198326706083215
U0017019,0,4.674596235484806
U0017020,0,1.152507416697965
U0017021,1,3.2360791357504404
U0017022,0,3.636673595521632
U0017023,1,6.086647019530329
U0017024,1,3.3654851665192957
U0017025,0,-0.09072195661065408
U0017026,1,2.7592292915118612
U0017027,1,1.2494610884486939
U0017028,1,-1.4968210023087778
U0017029,0,3.35069561609631
U0017030,0,1.1654163652134741
U0017031,1,2.0541396219922134
U0017032,0,2.6125084348423364
U0017033,0,2.8745065064268935
U0017034,0,0.2646979304435142
U0017035,1,2.7792570347971033
U0017036,0,2.7041309327261214
U0017037,1,3.4698304269673805
U0017038,1,2.730601301535593
U0017039,1,2.6447943000776135
U0017040,0,0.5904572307203786
U0017041,0,1.7641831608832312
U0017042,1,4.3886179222523864
U0017043,0,2.2365481264671168
U0017044,1,1.4637223897913856
U0017045,0,3.697549740801424
U0017046,1,3.4326986739031966
U0017047,0,3.8630619498164833
U0017048,0,0.9891243762766386
U0017049,1,2.6249572841009723
U0017050,0,1.7947480157274978
U0017051,1,0.03781515914529621
U0017052,0,-2.6391535824594996
U0017053,0,1.909307778124603
U0017054,0,4.334976099018927
U0017055,1,3.281336279736397
U0017056,0,3.4673687552576347
U0017057,0,2.362802394412351
U0017058,1,4.9820281933403745
U0017059,1,0.2149158956948618
U0017060,1,0.9701715328557157
U0017061,1,2.5155119361917446
U0017062,1,-1.0393913981114054
U0017063,0,4.624779187204716
U0017064,0,2.0564494872032704
U0017065,0,1.3427584409966151
U0017066,1,5.47538960150613
U0017067,0,3.8306093368140495
U0017068,1,-1.8164200498124305
U0017069,1,2.735868871659573
U0017070,1,4.1614200580566365
U0017071,0,2.5332602114877822
U0017072,1,4.976525972778685
U0017073,0,1.3350628424156952
U0017074,1,4.010344308448261
U0017075,0,-1.8058393271889326
U0017076,0,3.235231030229091
U0017077,0,4.723677641057112
U0017078,0,0.8906452435945624
U0017079,1,3.81060449354025
U0017080,1,4.238726146374006
U0017081,1,2.8797461876261465
U0017082,0,0.7491093605537102
U0017083,0,3.911575656333273
U0017084,0,9.428965527293649
U0017085,0,0.827583355461794
U0017086,0,4.8289190932473
U0017087,1,0.8679798067371873
U0017088,1,2.4911886824590113
U0017089,1,0.9934033126482724
U0017090,1,3.763487740358869
U0017091,0,3.8855210001732026
U0017092,1,1.6835756879883625
U0017093,1,3.697116808103768
U0017094,1,2.205164770025821
U0017095,1,4.5811819732824866
U0017096,1,5.322314727009566
U0017097,0,2.308047598637401
U0017098,0,2.7754212811459986
U0017099,1,6.356651427451489
U0017100,1,2.722741075318197
U0017101,1,2.395708596691115
U0017102,1,3.72636914595952
U0017103,1,6.411745270008906
U0017104,1,4.554444092386074
U0017105,1,1.5962883178808198
U0017106,1,2.268845296977709
U0017107,1,2.5147409730194283
U0017108,1,3.702076821097563
U0017109,1,2.762041118631428
U0017110,0,2.9523879240638635
U0017111,1,2.5122694655583935
U0017112,1,3.940542286472205
U0017113,0,2.377899330951575
U0017114,0,1.7340529333130252
U0017115,1,1.9615846906299144
U0017116,1,-0.18559409497964197
U0017117,1,2.289563421751362
U0017118,1,1.0132806106459427
U0017119,1,1.7718162103089057
U0017120,0,3.685653818529996
U0017121,1,4.353284577976897
U0017122,1,1.6925482648413492
U0017123,0,3.227735301577809
U0017124,1,4.743893542963836
U0017125,0,-1.0549888128141767
U0017126,0,3.3794931207570897
U0017127,1,-0.8773842666340581
U0017128,0,0.6497391387196814
U0017129,1,4.541980680916122
U0017130,0,1.2438962548666055
U0017131,0,2.650882441321645
U0017132,1,3.2288772488667306
U0017133,1,2.2307122556088075
U0017134,0,2.5141984603172425
U0017135,0,2.8422849466812927
U0017136,0,1.0640797097846537
U0017137,0,3.8310981069959382
U0017138,1,3.613077319948582
U0017139,0,4.782428881112402
U0017140,1,4.52427008254865
U0017141,1,3.9558764883995874
U0017142,0,0.8924557744399788
U0017143,0,3.355206001324202
U0017144,1,1.9868348042396242
U0017145,1,3.9622714793230553
U0017146,0,0.8061760428394074
U0017147,1,2.804115624763295
U0017148,1,2.646190395556758
U0017149,1,3.2945094161962203
U0017150,1,3.069276180425213
U0017151,0,1.1840319071323773
U0017152,0,1.1864559360611207
U0017153,1,0.08086890550545078
U0017154,0,1.5005328345072169
U0017155,0,5.308814267923804
U0017156,1,5.060859422961592
U0017157,1,-3.552741625759218
U0017158,1,3.2441940691293034
U0017159,1,4.276955393174884
U0017160,1,4.116922046996649
U0017161,1,2.9140457087245935
U0017162,0,3.9674502765717605
U0017163,0,1.2745769558284898
U0017164,1,2.426294377183723
U0017165,0,2.1832637764908966
U0017166,0,1.6261315203668367
U0017167,1,2.9669598845334058
U0017168,1,1.8137198515010873
U0017169,0,2.431069141481757
U0017170,1,3.3688372085295377
U0017171,1,1.030226180570331
U0017172,1,2.126287892671936
U0017173,0,1.9690621415261838
U0017174,1,4.595492694588502
U0017175,0,4.4443694048646165
U0017176,0,-2.475171042316939
U0017177,1,0.47465314875462994
U0017178,0,2.503579313268281
U0017179,0,1.7229649530509725
U0017180,1,4.4677677658168236
U0017181,1,4.058605098596715
U0017182,0,1.8298594276663742
U0017183,0,4.146165778647806
U0017184,1,-2.0710628076092856
U0017185,0,-0.2268016405012414
U0017186,0,3.116407139081378
U0017187,1,2.7033266203893422
U0017188,0,0.29474452401728257
U0017189,0,3.303248422601353
U0017190,0,2.0832164101827857
U0017191,1,4.894174613036254
U0017192,0,2.9447327470971985
U0017193,0,1.0060611418497665
U0017194,1,-0.10086568639898807
U0017195,1,3.672073704002223
U0017196,0,1.1709023848325124
U0017197,1,3.291842725015396
U0017198,1,4.811032504219753
U0017199,1,4.067527432692941
U0017200,1,3.429057208212429
U0017201,1,2.252471677185145
U0017202,0,2.940028669884498
U0017203,0,1.9114563302276828
U0017204,0,3.3106424717809766
U0017205,0,-1.6343617700295745
U0017206,0,0.972483083063965
U0017207,0,1.9071820044941532
U0017208,1,1.7313134994532469
U0017209,0,0.8319808520347216
U0017210,0,3.6972297717458478
U0017211,0,4.442472269986908
U0017212,0,1.4029185921457845
U0017213,0,1.8855303852682468
U0017214,1,3.715593056863188
U0017215,1,2.8041215572055975
U0017216,0,6.30600447263571
U0017217,1,3.0571259814002687
U0017218,1,4.108645066539694
U0017219,1,-0.3346871353961305
U0017220,1,3.0927903900902454
U0017221,1,1.7295392651975021
U0017222,1,0.8636239349662773
U0017223,0,0.07837550499347401
U0017224,0,2.1521054533111865
U0017225,0,2.169967838473701
U0017226,1,2.4549207102966193
U0017227,0,1.1359067410369512
U0017228,0,2.9356470292408403
U0017229,0,3.702773010727846
U0017230,0,3.8904491931776484
U0017231,1,3.6182766083233773
U0017232,1,1.5235294246328728
U0017233,1,3.6713158785497164
U0017234,1,3.569394432812132
U0017235,1,5.071830152795815
U0017236,0,5.734401706904091
U0017237,0,6.421558919320933
U0017238,1,0.022930495253500993
U0017239,1,0.9293559057709899
U0017240,1,3.927954023397046
U0017241,0,2.8526625910792447
U0017242,0,2.762406760857301
U0017243,0,5.533195142306447
U0017244,0,7.653952122222616
U0017245,0,6.16990515192488
U0017246,0,5.434967434933128
U0017247,1,1.9308367135382056
U0017248,1,5.693795356310304
U0017249,0,4.026268784774722
U0017250,1,6.338203201363459
U0017251,1,-0.4993736682599774
U0017252,0,1.0336572061839817
U0017253,1,0.6717606540126511
U0017254,1,2.502974676187687
U0017255,0,2.826549303331376
U0017256,1,2.86384448824122
U0017257,1,4.331782836039153
U0017258,1,1.352920547793154
U0017259,1,4.8536868371246875
U0017260,0,3.0961802242660035
U0017261,0,1.279463148087082
U0017262,0,1.409034535064393
U0017263,1,2.3765819404484567
U0017264,0,1.176685237386831
U0017265,1,5.016869719112609
U0017266,0,1.551660135880411
U0017267,1,3.8490519590478023
U0017268,1,2.0265519802028074
U0017269,1,3.016510687813959
U0017270,0,3.081360267491263
U0017271,1,2.878948922652274
U0017272,0,4.69150555762573
U0017273,0,3.111899656176316
U0017274,1,1.6073466748579932
U0017275,1,4.242786329957948
U0017276,0,1.458891845148358
U0017277,0,-1.9173531820168819
U0017278,1,2.60067567541396
U0017279,1,1.1362308030423804
U0017280,1,2.961167922391951
U0017281,0,2.784323910446517
U0017282,0,2.1294354140179728
U0017283,1,4.699319205495067
U0017284,0,-0.6367063334806726
U0017285,1,2.664279718754713
U0017286,0,2.415458481828109
U0017287,1,2.55688463704578
U0017288,1,1.8594191786992305
U0017289,0,1.8244717065292697
U0017290,0,1.609389596344453
U0017291,1,5.660534604013883
U0017292,0,1.1299508303442174
U0017293,1,2.275072505941809
U0017294,1,1.2934403517196245
U0017295,0,4.064076397186877
U0017296,1,3.857564895050025
U0017297,1,2.9345408660863512
U0017298,0,-1.0136310653846436
U0017299,0,1.0040010932414098
U0017300,0,1.6277983042019457
U0017301,1,3.728451185740152
U0017302,1,4.364527897214231
U0017303,0,3.4832443014577805
U0017304,0,3.6444051577718994
U0017305,0,3.5521028830377688
U0017306,1,3.086559530636814
U0017307,1,2.3239097705603093
U0017308,1,1.4552097467746066
U0017309,1,7.7942743559155545
U0017310,1,3.1095596615841785
U0017311,0,3.9374383215294255
U0017312,0,-1.6816265602124485
U0017313,0,4.37930062203737
U0017314,0,1.7496527031786933
U0017315,0,2.220962807710766
U0017316,1,3.8767307283106067
U0017317,1,3.6836170648467537
U0017318,1,4.589337723367457
U0017319,0,3.0264211401069794
U0017320,0,3.4696913479965907
U0017321,0,2.405849489645931
U0017322,0,1.1038212316140399
U0017323,0,2.036204124830407
U0017324,1,6.592655130952114
U0017325,1,2.4136222403966343
U0017326,0,1.261230590697604
U0017327,0,-0.23573613323915055
U0017328,0,1.5808503257125253
U0017329,1,1.9648543357383055
U0017330,1,5.252503694510047
U0017331,0,2.08510761613514
U0017332,0,2.501756804989217
U0017333,0,1.3350800898920419
U0017334,1,3.0316164897334996
U0017335,0,2.9163420525053425
U0017336,0,2.412797797852839
U0017337,1,-2.6167782869317584
U0017338,0,3.288977351431434
U0017339,1,1.6481674952064154
U0017340,1,-1.630536221275662
U0017341,0,6.19283671111166
U0017342,1,1.208554864315424
U0017343,0,2.723525369899594
U0017344,1,3.865598132356375
U0017345,0,2.7992082217597414
U0017346,1,-0.6182709681104832
U0017347,0,2.627858722619667
U0017348,0,4.0501696996580385
U0017349,0,-0.5967455728145907
U0017350,0,3.27095548059851
U0017351,0,-1.3798189216265548
U0017352,1,4.361984847072268
U0017353,0,2.418148109096336
U0017354,0,5.75710315756514
U0017355,1,1.951408383002196
U0017356,1,4.212656763524587
U0017357,1,2.2491355298697435
U0017358,0,-3.3420234068973826
U0017359,1,3.76741136258822
U0017360,1,3.526315046808058
U0017361,0,0.6739680548170668
U0017362,0,1.5229725454480558
U0017363,0,3.4711776526419147
U0017364,1,1.7981025609354084
U0017365,0,2.1929272197940755
U0017366,0,3.4922295133228367
U0017367,1,1.9607658136884059
U0017368,1,3.740689937732535
U0017369,1,4.109252446954335
U0017370,0,-1.1564938008795842
U0017371,1,0.15035902639170828
U0017372,0,3.1540747879464988
U0017373,0,4.293478444204826
U0017374,1,3.557776644530467
U0017375,1,3.4136707332970087
U0017376,0,4.08288918441035
U0017377,1,0.9616873369502024
U0017378,0,2.8846822173093454
U0017379,0,2.5316394709850005
U0017380,1,2.7495915159859017
U0017381,1,2.5609200801182865
U0017382,1,3.3432251352975157
U0017383,0,2.681774932618522
U0017384,1,1.1276226363529886
U0017385,0,-0.19972839051201596
U0017386,0,2.537559565015904
U0017387,0,5.355072300755484
U0017388,0,3.564804599016771
U0017389,0,1.8078533241196606
U0017390,0,-2.1248731463495183
U0017391,0,1.0868499944339547
U0017392,1,3.9315490455216313
U0017393,0,1.0018805404173214
U0017394,0,2.943072343930094
U0017395,1,2.638367592515092
U0017396,1,1.9755955801769538
U0017397,0,3.603425424800797
U0017398,1,3.9612155881400675
U0017399,0,-1.9425438429186723
U0017400,1,2.2114516527460975
U0017401,0,1.4735734895041315
U0017402,0,3.3415587670960356
U0017403,1,2.542164080541518
U0017404,0,4.702243681962166
U0017405,1,3.646981551347899
U0017406,0,1.0000947774472628
U0017407,1,4.409209152362793
U0017408,1,0.540607081423051
U0017409,1,4.534006936478878
U0017410,1,2.2313943159293324
U0017411,1,1.7123273629805649
U0017412,0,-2.891026640221021
U0017413,0,2.4543036561253864
U0017414,1,0.14376159990732873
U0017415,0,5.07674309804684
U0017416,1,2.683030358825299
U0017417,1,4.121640144098354
U0017418,0,1.6739457504937398
U0017419,1,4.458536864442369
U0017420,1,2.111411079700517
U0017421,1,3.3520851084677474
U0017422,0,2.9735570724793767
U0017423,1,-0.5383223342210712
U0017424,1,0.5075877154869204
U0017425,0,1.084030182977898
U0017426,0,3.0886713633958855
U0017427,1,1.3485383908592183
U0017428,0,4.3421009694440045
U0017429,1,3.125360542135912
U0017430,0,3.321344454237396
U0017431,0,3.2461828788206653
U0017432,0,2.5638688591294834
U0017433,0,1.7385114917493487
U0017434,1,4.245854290610865
U0017435,1,4.188281398694524
U0017436,1,2.583617928867543
U0017437,0,1.2611777543985383
U0017438,0,1.026227843954409
U0017439,1,2.6465506324949324
U0017440,1,4.464448040793753
U0017441,1,2.7900194801242613
U0017442,0,-0.1340870308276294
U0017443,1,3.309423649487421
U0017444,0,1.0635148808376886
U0017445,1,2.054093253470011
U0017446,0,1.4958543258122372
U0017447,0,-0.7303337037613353
U0017448,0,4.249065551880321
U0017449,0,3.3243963061773076
U0017450,0,-1.359249410897874
U0017451,1,3.8465858634950187
U0017452,1,1.9665146791278723
U0017453,1,2.7108103667096444
U0017454,1,-0.7479735371712835
U0017455,1,-2.548356379880687
U0017456,0,3.964943834555239
U0017457,1,5.077995102746783
U0017458,0,2.783869997631718
U0017459,0,1.956985607970534
U0017460,1,2.7558489450031676
U0017461,0,3.0806955165771726
U0017462,1,3.523643617049773
U0017463,0,1.3838981645988824
U0017464,1,4.222792478031783
U0017465,1,0.1322507926849532
U0017466,0,0.5342597906322659
U0017467,0,6.138261437528964
U0017468,0,1.5970185523273006
U0017469,0,1.567271956835187
U0017470,1,1.6377017229327322
U0017471,0,0.24495973009020133
U0017472,0,1.2290155407576862
U0017473,0,1.5286273935186934
U0017474,1,1.3233124315774418
U0017475,1,2.6800591855488403
U0017476,0,2.807470592203373
U0017477,1,1.366638076923218
U0017478,1,1.6081803558447128
U0017479,1,2.0689406923424194
U0017480,1,3.2016805839693383
U0017481,0,5.968227831277286
U0017482,0,1.4406983852119222
U0017483,1,5.370952736567929
U0017484,1,-0.885421548470795
U0017485,0,1.758707562089473
U0017486,1,1.724043577615955
U0017487,1,3.04916105073357
U0017488,1,1.8147512446044765
U0017489,0,2.2102407551866357
U0017490,1,0.8375295546248154
U0017491,0,2.242860639606377
U0017492,1,3.820564988686602
U0017493,1,0.7083651992579476
U0017494,1,1.210524261123524
U0017495,0,4.714555060486674
U0017496,1,2.158807004361332
U0017497,0,5.7773939628387225
U0017498,1,1.6949442486993487
U0017499,1,0.3477849512695297
U0017500,0,6.329343038817367
U0017501,1,1.871375670126568
U0017502,1,1.0501917806055339
U0017503,1,7.757661592419886
U0017504,0,3.161047827421477
U0017505,0,3.1155526996334437
U0017506,1,5.135349479360833
U0017507,1,3.3252869596654016
U0017508,0,3.240879631748891
U0017509,1,-0.1590467507454676
U0017510,0,-4.473235368588806
U0017511,1,3.3394183483492714
U0017512,0,4.386809252369325
U0017513,1,2.065428264596445
U0017514,1,2.0464496299876007
U0017515,1,5.3806598419656915
U0017516,0,0.3748887192059769
U0017517,1,3.78240164023574
U0017518,1,2.918860201426881
U0017519,0,3.6447260186009345
U0017520,1,2.340974312413751
U0017521,0,2.377409530263577
U0017522,1,3.240129413187244
U0017523,1,3.7454453076614893
U0017524,1,0.0971419526384345
U0017525,1,0.5878362504252657
U0017526,1,2.5154500839854297
U0017527,1,2.550195740295189
U0017528,0,3.7419744793728693
U0017529,0,3.792591537682897
U0017530,0,2.898286747567141
U0017531,0,2.816661733556767
U0017532,0,2.737720782264132
U0017533,0,1.9552148757544323
U0017534,0,3.141922018303129
U0017535,0,3.3955284033923903
U0017536,0,1.6064641111960825
U0017537,1,2.2402914402754774
U0017538,1,-1.3184878846838046
U0017539,0,1.5239937226481217
U0017540,1,3.291888788459847
U0017541,1,0.8677223448409954
U0017542,0,2.8510310794152236
U0017543,0,2.6395636184162257
U0017544,1,2.2916259174353115
U0017545,1,5.121793472269623
U0017546,1,3.932133558121775
U0017547,0,1.4960689173361672
U0017548,0,6.2154351859242105
U0017549,1,4.521721988609093
U0017550,1,4.011879637421231
U0017551,0,2.355087457725954
U0017552,1,-0.9121148372048307
U0017553,1,4.15120591115163
U0017554,1,1.6084028090209372
U0017555,0,3.76915362528662
U0017556,1,5.284441459793648
U0017557,0,1.8541303851272062
U0017558,0,3.4308535425605378
U0017559,0,1.2775529989794023
U0017560,1,2.6774820174135687
U0017561,0,2.681381514220792
U0017562,1,3.2481706207685725
U0017563,1,3.1899522089650567
U0017564,1,1.414712520104212
U0017565,0,3.9549390083810696
U0017566,1,3.0185443138922476
U0017567,1,2.9951249480207593
U0017568,1,0.9303057052429651
U0017569,0,3.076664489337272
U0017570,1,0.39875915262704886
U0017571,1,3.5342400545053074
U0017572,0,7.801032319356217
U0017573,0,1.278268033213564
U0017574,0,7.430680740339705
U0017575,0,3.7287793927810107
U0017576,0,3.314900140635096
U0017577,1,1.6798801394584437
U0017578,1,1.2156696616672988
U0017579,0,1.9944378838601544
U0017580,1,4.582412169846039
U0017581,1,2.0769759709524855
U0017582,1,1.3693978619184595
U0017583,1,3.25629530302289
U0017584,1,3.1114447029660166
U0017585,1,0.12526446846064587
U0017586,1,2.6183425150144526
U0017587,0,2.875912721148328
U0017588,1,4.360455677018738
U0017589,1,1.9543205464354099
U0017590,0,3.2597917136235957
U0017591,1,0.18214268793181176
U0017592,0,3.2056422605277497
U0017593,1,6.562221715496548
U0017594,0,2.8497516908234957
U0017595,0,1.9200622597756318
U0017596,0,2.1472940149429256
U0017597,1,4.112663695022917
U0017598,1,3.941864138214914
U0017599,0,4.000830437897793
U0017600,0,2.1214292649466664
U0017601,0,2.4020622948950425
U0017602,0,1.7570400491203877
U0017603,1,5.076609452271127
U0017604,1,4.818464094185494
U0017605,0,2.1330303203128267
U0017606,0,1.3748882308768344
U0017607,0,4.335315033548127
U0017608,1,2.6295957730275354
U0017609,1,0.663156633837712
U0017610,1,2.0974846591506697
U0017611,1,0.7761677455844662
U0017612,1,2.8392381924002486
U0017613,1,2.95405709574597
U0017614,1,2.23468201156944
U0017615,0,2.0404970785375838
U0017616,1,3.393651600500206
U0017617,0,4.277995527584817
U0017618,0,1.371292727878636
U0017619,0,1.527874175245934
U0017620,1,2.719891709595389
U0017621,1,5.17905880733759
U0017622,0,2.2404877580499694
U0017623,0,2.1516512800453462
U0017624,1,0.7200591620775008
U0017625,0,3.3130943689438617
U0017626,1,1.4655890594557341
U0017627,0,2.5734798528510687
U0017628,0,5.799461526246773
U0017629,0,4.220213908028217
U0017630,0,2.793975175542675
U0017631,1,5.708387023514593
U0017632,1,2.6423512203990924
U0017633,0,1.5538737230709998
U0017634,1,4.774132520139361
U0017635,0,2.8969383644591495
U0017636,0,4.3844021705427565
U0017637,0,1.1054252631686516
U0017638,0,2.9890321750081714
U0017639,0,3.9297011980315038
U0017640,0,-1.4936909256314337
U0017641,1,3.1838746447806088
U0017642,0,4.997180126113143
U0017643,1,6.4033681427481035
U0017644,0,2.5625919315585186
U0017645,1,4.2518788089394395
U0017646,1,3.6466307175258255
U0017647,0,0.9023724116621636
U0017648,1,4.01972421861878
U0017649,0,3.6033046406477833
U0017650,0,4.976092914194016
U0017651,1,6.2565966911637005
U0017652,1,2.8008282086662355
U0017653,0,2.5935495135503324
U0017654,0,4.749337910148984
U0017655,0,4.630709038391437
U0017656,0,2.9036487171973278
U0017657,1,-1.6330304457994274
U0017658,0,4.7909171030682
U0017659,1,6.3198592240885425
U0017660,0,3.6499842556365714
U0017661,0,0.45437402249448233
U0017662,0,2.68632942105107
U0017663,0,0.579885481058998
U0017664,1,3.1518798466928963
U0017665,1,1.7274659297512471
U0017666,1,3.2551496524913546
U0017667,0,2.9760606242399774
U0017668,1,1.6556791463870901
U0017669,1,3.492523081930212
U0017670,1,2.508972708478307
U0017671,0,4.153162659087698
U0017672,0,2.4494364330870813
U0017673,0,2.069397388315501
U0017674,0,0.16145634579661916
U0017675,1,1.8269903076866463
U0017676,0,1.1176734375276496
U0017677,1,2.1985654952056173
U0017678,1,2.3002190113039553
U0017679,0,3.602828109494361
U0017680,1,3.9066243500781894
U0017681,1,3.189583755754514
U0017682,1,1.731911832685248
U0017683,0,3.298974107125048
U0017684,0,1.9321136579088574
U0017685,0,1.9097804154025972
U0017686,0,2.508441655763251
U0017687,1,2.111556263048808
U0017688,0,1.3163626595349953
U0017689,1,5.45010129753879
U0017690,0,2.1065718857853497
U0017691,1,4.193504350713928
U0017692,1,3.1759716601426504
U0017693,0,3.699135627110401
U0017694,1,1.4321703319518093
U0017695,0,2.2514115318349006
U0017696,0,-0.4568078475132964
U0017697,1,1.392907655216689
U0017698,0,1.8222782437854441
U0017699,0,2.4675256309995746
U0017700,1,3.152290282167275
U0017701,0,2.1538085645888394
U0017702,1,3.173325244444669
U0017703,0,4.837851327668922
U0017704,0,2.4051345067228453
U0017705,0,1.262266170283624
U0017706,1,2.7059236237029225
U0017707,0,5.720754962278075
U0017708,1,2.8309010946805415
U0017709,1,0.5647757128740132
U0017710,1,2.7486489014888242
U0017711,1,3.3892885110502426
U0017712,0,2.7317383858056026
U0017713,0,-0.11725336323986824
U0017714,0,2.8552291914020014
U0017715,0,2.3535276341891382
U0017716,1,1.5643013775305796
U0017717,0,2.6049880221276567
U0017718,1,2.0041889106617568
U0017719,0,3.271050612551022
U0017720,0,2.841621344978403
U0017721,1,0.5457009874201049
U0017722,0,4.358438738566283
U0017723,1,1.678633661233043
U0017724,1,4.080946740620057
U0017725,0,2.1002152020548834
U0017726,0,2.9878025129828742
U0017727,0,5.093673480672997
U0017728,1,4.32461850841916
U0017729,1,-0.17256660971185234
U0017730,1,1.8153737268830596
U0017731,0,6.082656037695999
U0017732,0,3.181304311230882
U0017733,1,2.5252817566423538
U0017734,1,3.538201188511927
U0017735,1,0.8826793466500291
U0017736,0,4.015999483215328
U0017737,1,-1.6894126294543277
U0017738,1,2.6574908759163236
U0017739,0,0.08204050622714831
U0017740,0,-0.19460583143911947
U0017741,1,1.3538667961245068
U0017742,0,4.492911013322436
U0017743,1,2.1653065805805056
U0017744,1,1.1741704448096844
U0017745,1,1.6118367255329886
U0017746,1,2.0201060719686943
U0017747,1,0.12734799147770914
U0017748,1,1.4827567294798563
U0017749,0,1.1255263240976827
U0017750,1,1.3459193079856675
U0017751,1,5.323744098136842
U0017752,1,0.8622980877396778
U0017753,1,-2.2463524213278916
U0017754,1,0.8645843033679839
U0017755,1,2.9946359134046894
U0017756,0,2.133331692038304
U0017757,0,2.5322100270113452
U0017758,1,2.6199203655671433
U0017759,1,4.729967483532299
U0017760,0,0.7122501384218864
U0017761,1,2.0996097546309596
U0017762,0,0.9954185397467654
U0017763,0,1.6520975347511886
U0017764,1,3.2727061503246926
U0017765,1,4.582350103196129
U0017766,1,4.527461163005533
U0017767,1,4.1859371616111165
U0017768,0,1.4679634122891958
U0017769,1,4.87971700820281
U0017770,0,2.049571108987646
U0017771,1,0.6002448393722943
U0017772,0,-0.5590379916781885
U0017773,0,2.57945371969409
U0017774,0,2.2487625996951532
U0017775,0,3.7023229999506917
U0017776,1,2.5890016735234713
U0017777,1,2.234671696479051
U0017778,1,2.66824326958362
U0017779,0,-0.13575543561425718
U0017780,1,2.032487810462456
U0017781,1,3.0127045956453706
U0017782,1,2.142251659668787
U0017783,0,5.444275459609596
U0017784,1,5.479459919239881
U0017785,1,2.83339802374166
U0017786,1,-2.8869881498935115
U0017787,1,3.6999731599861327
U0017788,0,4.14232924896848
U0017789,0,2.9505082806793226
U0017790,1,2.419580378354693
U0017791,0,1.4518261594949387
U0017792,0,3.529704963569202
U0017793,1,3.1432842348828185
U0017794,1,3.3276538233380446
U0017795,1,4.397140243483165
U0017796,1,4.409896481718713
U0017797,0,2.60979342496886
U0017798,0,2.2970998126136664
U0017799,0,2.435431409050107
U0017800,0,1.6390554624006342
U0017801,0,2.2400014666420915
U0017802,0,3.0970696488218206
U0017803,0,4.142526684455046
U0017804,1,4.976195063826182
U0017805,1,2.3784732715627293
U0017806,1,3.3308798783727056
U0017807,1,1.5709850904205709
U0017808,0,-1.4115829458900144
U0017809,0,1.4043446431679811
U0017810,0,2.4304438122390355
U0017811,0,1.8879381678728073
U0017812,0,5.575860885649602
U0017813,0,2.58362240970774
U0017814,0,5.288090087072801
U0017815,0,1.289279518895281
U0017816,1,3.428212664572765
U0017817,1,0.8342629567359001
U0017818,1,2.31496726046268
U0017819,1,3.066593554803255
U0017820,0,2.995801611040495
U0017821,0,1.3819249037006074
U0017822,1,0.4409216149994686
U0017823,0,0.769086609723189
U0017824,1,1.7915741571855097
U0017825,1,2.863394653114124
U0017826,0,3.2084609652474008
U0017827,1,-1.0889039395104874
U0017828,0,3.0243072891527696
U0017829,0,1.1674893878275903
U0017830,1,4.893705545276774
U0017831,0,5.541733930210686
U0017832,0,2.0908334036341394
U0017833,0,3.4773029266450273
U0017834,0,4.1697265185395445
U0017835,1,4.327442184569264
U0017836,0,2.626551485658922
U0017837,0,1.5710061091764231
U0017838,0,3.677411724907401
U0017839,1,1.4808512674297312
U0017840,1,0.8045346759652148
U0017841,0,2.740839907564256
U0017842,1,-3.4630757639040155
U0017843,1,2.0611276226949222
U0017844,0,2.3737297373619803
U0017845,1,-0.1288576968465911
U0017846,1,0.5756603562561473
U0017847,0,0.9897275052891938
U0017848,1,2.841415153510031
U0017849,0,3.552241825532313
U0017850,0,4.0177008351495225
U0017851,1,1.0082752743329948
U0017852,0,3.0516106389152
U0017853,1,2.1675685182113966
U0017854,1,4.304813064917605
U0017855,1,-2.8103481396968206
U0017856,1,1.5686640515737977
U0017857,0,4.31957148319222
U0017858,1,4.704160669528129
U0017859,0,0.45842420194628986
U0017860,1,3.6946685275924978
U0017861,0,2.149480088945552
U0017862,0,3.907407650717108
U0017863,0,2.122180715611181
U0017864,1,2.8135438035780105
U0017865,0,0.8347837407724867
U0017866,1,5.053754737569228
U0017867,0,5.736158534551468
U0017868,1,2.2436994129722976
U0017869,1,1.0200822489350543
U0017870,0,3.131387871038278
U0017871,1,1.7544064186676671
U0017872,0,1.4973710519478907
U0017873,1,3.1726867156902774
U0017874,1,2.437012041260431
U0017875,1,3.5468678036589942
U0017876,0,3.314444815011729
U0017877,1,2.620258052435627
U0017878,0,0.7933346866662809
U0017879,1,3.0987293044214574
U0017880,1,2.704449463079513
U0017881,0,3.57975036665988
U0017882,0,0.8096939688619251
U0017883,0,2.4652321476619417
U0017884,1,4.302027569535753
U0017885,1,6.3644769621745
U0017886,1,1.8178257035122591
U0017887,1,2.498001942536572
U0017888,1,3.1179722999588897
U0017889,0,3.3217398603704407
U0017890,0,1.951032497914234
U0017891,1,1.157224028184821
U0017892,0,3.172608111890508
U0017893,0,2.6608567421992078
U0017894,0,3.2016844929379236
U0017895,0,1.6067128423074166
U0017896,1,3.19422607551474
U0017897,0,2.5061930087079407
U0017898,1,4.001807508668925
U0017899,1,1.9889746881557855
U0017900,1,2.2259477132091945
U0017901,0,4.1998614420560045
U0017902,1,2.1878457841692622
U0017903,0,3.2190139127102633
U0017904,0,2.4934775756757546
U0017905,1,2.66197090475967
U0017906,1,1.825512432414122
U0017907,0,2.529381898861086
U0017908,1,3.459089190965983
U0017909,0,3.954768290727916
U0017910,0,3.623006635315818
U0017911,1,3.9516929161239993
U0017912,1,4.279902152136987
U0017913,1,2.5310852638307395
U0017914,1,3.2753777754176756
U0017915,1,4.562972600509287
U0017916,1,2.030452270040632
U0017917,0,4.25852068024831
U0017918,1,1.0200424070516618
U0017919,0,2.9001593765415663
U0017920,1,2.8263324259789453
U0017921,0,6.21643506637945
U0017922,0,2.4466977506674628
U0017923,1,1.7945085470869522
U0017924,1,0.44407056135431233
U0017925,1,3.2420195639125353
U0017926,0,-2.0511254387114057
U0017927,1,2.5324826704502
U0017928,0,6.5512892179675255
U0017929,0,3.184781946756461
U0017930,0,3.036943585430194
U0017931,1,3.2091321600995464
U0017932,1,2.723557241298696
U0017933,1,0.042189914472814394
U0017934,1,0.550753682489308
U0017935,0,0.3576616193170352
U0017936,1,4.355686101425391
U0017937,0,2.028656768672743
U0017938,1,4.45330966074215
U0017939,1,1.3430799989320121
U0017940,0,4.363588205142117
U0017941,0,2.89644298334683
U0017942,0,1.6138349765255313
U0017943,1,2.122606146027884
U0017944,0,3.026523349144181
U0017945,1,3.868981393947095
U0017946,0,1.6578155793937803
U0017947,0,4.180211405568485
U0017948,1,-8.620519267438407
U0017949,0,5.388418343985673
U0017950,0,1.0126550633020663
U0017951,1,5.768778126471641
U0017952,1,2.694746612738676
U0017953,0,4.440724503834328
U0017954,1,1.922349855608715
U0017955,0,3.610356731612546
U0017956,0,-5.2011771304896115
U0017957,0,2.4420163655022513
U0017958,0,3.749758541285086
U0017959,1,-1.53737337174368
U0017960,0,1.4759023172066517
U0017961,0,3.221169548489385
U0017962,1,1.6032690239771625
U0017963,1,1.3242372766539248
U0017964,0,6.3059658498528535
U0017965,1,4.885620125188021
U0017966,1,2.478502784388752
U0017967,0,3.635480781846507
U0017968,1,2.921720956942785
U0017969,0,3.322681625834191
U0017970,1,2.9075911440876254
U0017971,0,3.068158538476304
U0017972,1,3.5110209770316985
U0017973,1,4.520524436246217
U0017974,1,2.4631830242417756
U0017975,0,1.282293637771609
U0017976,1,3.0342591188145107
U0017977,1,3.575010971685625
U0017978,0,3.024425034109292
U0017979,1,2.9006966183168856
U0017980,1,2.0309421162515697
U0017981,1,3.010962577707314
U0017982,1,3.0367429465376024
U0017983,1,5.0385828325578
U0017984,1,-0.6032860226807735
U0017985,1,2.585204076435513
U0017986,0,0.8834858251810545
U0017987,0,5.130815461002323
U0017988,1,1.2387495327109725
U0017989,1,3.0545979375609207
U0017990,0,5.9256352694289625
U0017991,0,4.092584555804654
U0017992,1,3.154926879730276
U0017993,0,2.807289558422246
U0017994,1,1.6098180265204753
U0017995,1,1.7026567088085933
U0017996,0,3.094987045398433
U0017997,0,0.6801004720624277
U0017998,1,2.707983926957324
U0017999,1,2.3600118722699577
U0018000,1,2.2145806883803623
U0018001,1,1.1078109165389556
U0018002,1,5.208203250114046
U0018003,0,4.408521678367684
U0018004,0,1.5554200654954116
U0018005,0,1.5997724841268672
U0018006,1,2.630397694510279
U0018007,1,1.7004229014057284
U0018008,0,1.2999191513549135
U0018009,0,2.7674519750023148
U0018010,0,11.409226428722576
U0018011,1,4.2124696264698045
U0018012,0,3.7454724371872494
U0018013,0,-0.4460271829588436
U0018014,1,2.7711995441908357
U0018015,0,1.5338066178942285
U0018016,0,3.809747845573952
U0018017,1,2.131926487790963
U0018018,1,0.5751624571564591
U0018019,1,1.677085292460717
U0018020,0,3.756032749127403
U0018021,1,6.54839776578137
U0018022,0,1.2877995752121407
U0018023,0,3.638425487051361
U0018024,1,3.403611601684739
U0018025,1,2.563204622944319
U0018026,1,5.643938262416807
U0018027,0,0.8583382936804824
U0018028,1,1.4587773260223944
U0018029,1,3.149915408626338
U0018030,0,0.9456758551037048
U0018031,0,4.109438362130639
U0018032,0,2.945631157486808
U0018033,1,6.081348470889857
U0018034,0,8.61287731776488
U0018035,0,4.871481335080247
U0018036,1,1.9222194838371252
U0018037,1,0.8997006174204678
U0018038,1,4.748840898114864
U0018039,0,2.1006766290528933
U0018040,0,1.8752664078768841
U0018041,1,5.015736786714172
U0018042,1,1.7693822376640895
U0018043,0,4.402359776993542
U0018044,0,4.255415960007252
U0018045,0,2.956482514734862
U0018046,0,2.526345919665312
U0018047,0,5.1447889085753005
U0018048,1,2.6028840727425546
U0018049,0,1.4551306163392823
U0018050,0,4.0014101814411625
U0018051,0,1.8994940921306807
U0018052,0,3.5833602177000863
U0018053,0,3.7227429130370204
U0018054,0,1.8499560580814105
U0018055,0,5.215410146634497
U0018056,0,1.8647407402382168
U0018057,1,3.1001393750808646
U0018058,0,5.262846069530742
U0018059,1,0.9661507323531051
U0018060,1,4.02781898803495
U0018061,0,1.5180298427179952
U0018062,0,2.9966506793609593
U0018063,0,2.3104318409916154
U0018064,1,4.229450423352187
U0018065,1,3.562027054012816
U0018066,1,1.2274259829166976
U0018067,1,9.914850150978875
U0018068,0,1.5443298797213103
U0018069,1,2.164206719041305
U0018070,0,2.838106012513542
U0018071,0,1.2145164092932816
U0018072,0,3.3033180941671336
U0018073,1,2.1007565085540847
U0018074,0,4.850755912840192
U0018075,1,2.763301719870565
U0018076,1,1.1981394369031406
U0018077,1,2.4380165681261037
U0018078,0,4.291784273821669
U0018079,0,2.6418510714603407
U0018080,0,3.166862885907303
U0018081,1,4.429431540374011
U0018082,0,-1.0248639227237888
U0018083,1,3.500951928302868
U0018084,1,2.5016302546732696
U0018085,1,2.606807534037145
U0018086,0,4.120949438862233
U0018087,0,2.5788265054893813
U0018088,1,1.2148387372486908
U0018089,1,3.330532617262124
U0018090,1,2.3658805265077625
U0018091,0,2.9386643414799245
U0018092,1,3.902881922391259
U0018093,0,2.7287377508588015
U0018094,0,2.0325799297701685
U0018095,0,2.610845411718632
U0018096,1,1.2151290862949171
U0018097,0,0.14029856028562904
U0018098,1,6.3829568114064195
U0018099,1,2.387064349345998
U0018100,1,4.768265284178648
U0018101,1,1.9884189101933245
U0018102,0,4.029110346592439
U0018103,1,1.8565487400914833
U0018104,0,4.434782916157534
U0018105,1,4.134010620459172
U0018106,1,2.3569334757860663
U0018107,1,1.2012097892791864
U0018108,0,3.5337712397622454
U0018109,0,2.598459126731882
U0018110,0,2.188941704838225
U0018111,1,3.4336784813549954
U0018112,0,1.2592137180308
U0018113,1,2.995428861984035
U0018114,1,1.6446783226362598
U0018115,1,3.487914211091095
U0018116,0,4.680813519937413
U0018117,0,3.6921196819083306
U0018118,1,2.919711616942081
U0018119,1,2.246385049681077
U0018120,0,0.7302617815780259
U0018121,0,1.6934986931772187
U0018122,0,1.6981804896463508
U0018123,1,3.512391486466152
U0018124,1,2.085474055215837
U0018125,0,1.2319496462232706
U0018126,0,1.9623518342612876
U0018127,0,3.211445696005624
U0018128,1,1.4282940605468433
U0018129,1,4.248329362352248
U0018130,1,5.503766619645134
U0018131,0,1.7840877093174115
U0018132,1,3.0968321139083947
U0018133,1,0.22560292517195002
U0018134,0,2.4347808232716908
U0018135,0,4.43439634535784
U0018136,0,5.513466078318338
U0018137,0,7.861457185338651
U0018138,0,4.0792642065330185
U0018139,1,3.790214604363804
U0018140,0,0.9201714756597177
U0018141,1,3.9790157222168183
U0018142,0,4.3528157047623495
U0018143,0,3.0615016438485902
U0018144,0,3.2319221117537396
U0018145,0,1.7290567378048358
U0018146,1,2.9833176061947277
U0018147,1,0.4287468013574589
U0018148,1,3.4215239935276607
U0018149,1,3.565997371066956
U0018150,0,2.81482521446771
U0018151,1,1.5868403418005403
U0018152,0,3.050549363631232
U0018153,1,2.6627185089134144
U0018154,0,1.9558458412989541
U0018155,0,1.0358608088357961
U0018156,1,0.8833173132916841
U0018157,0,0.4610377955546454
U0018158,1,5.584290469685065
U0018159,0,1.5862627836894774
U0018160,0,3.7901272908682593
U0018161,1,1.7672306971312288
U0018162,1,3.610402023296885
U0018163,0,2.796733353368788
U0018164,1,3.6264269739047137
U0018165,1,1.3977339423628976
U0018166,0,5.189485986013967
U0018167,0,2.1004255701281522
U0018168,1,3.2356955021846687
U0018169,1,2.9738042964751354
U0018170,1,2.2291441970341026
U0018171,1,0.7263772766846337
U0018172,0,4.4863786899753215
U0018173,1,2.2027797493489416
U0018174,0,10.10795392161544
U0018175,0,2.4560385050957265
U0018176,1,2.3684512635929504
U0018177,0,0.9710581275579244
U0018178,1,3.0299381887536043
U0018179,1,6.805658124796427
U0018180,0,1.3787787200971078
U0018181,0,2.3185409147967526
U0018182,0,3.286016872326922
U0018183,1,2.052869437260206
U0018184,1,0.6512308162637801
U0018185,0,2.584698735204162
U0018186,0,4.725420551794372
U0018187,0,3.8520310760445646
U0018188,1,1.7447644824537605
U0018189,1,3.29127522052789
U0018190,0,0.3264451623674738
U0018191,0,1.3390414835043174
U0018192,1,6.736916368950027
U0018193,0,1.5118489476202264
U0018194,1,2.4885700362843295
U0018195,0,3.307669655084009
U0018196,1,1.912595728849599
U0018197,1,3.105636972166545
U0018198,1,0.9574390801336996
U0018199,0,2.254642513055696
U0018200,1,3.9210196245633284
U0018201,0,2.700186096176447
U0018202,1,2.530194183350897
U0018203,1,0.6812906968581505
U0018204,0,3.237441691436061
U0018205,0,1.3857369794468326
U0018206,0,1.569498086928716
U0018207,1,3.2787874284056677
U0018208,1,0.6116900520380923
U0018209,1,0.748315213988267
U0018210,0,2.462527410994415
U0018211,0,3.5311090289783387
U0018212,1,0.3836535125298717
U0018213,1,2.83153799426497
U0018214,1,3.4037788053593765
U0018215,0,-4.052562733080567
U0018216,0,2.1173046923128993
U0018217,1,2.9724485095617013
U0018218,0,4.271003618377662
U0018219,1,2.6360032507840128
U0018220,1,1.3454719377329756
U0018221,0,3.5220413010908516
U0018222,0,2.1817885719774246
U0018223,0,2.579787066597831
U0018224,1,2.8893855020388397
U0018225,1,5.912302076946002
U0018226,0,3.8977989685108554
U0018227,0,3.321247264816133
U0018228,1,1.283485794285168
U0018229,0,3.333028634798513
U0018230,0,1.5029198102809893
U0018231,1,2.0018940757624364
U0018232,0,2.9089739086532767
U0018233,0,1.6497325306056805
U0018234,0,5.020242191794477
U0018235,1,2.949780266648169
U0018236,0,2.094296755109191
U0018237,0,4.151696606045009
U0018238,0,3.991245639792213
U0018239,0,5.543696806785423
U0018240,0,3.613077242251432
U0018241,1,2.473607346645263
U0018242,0,0.7001160604945937
U0018243,1,2.5271669289997902
U0018244,0,2.897672007563573
U0018245,0,3.05042047748859
U0018246,1,2.438732578942126
U0018247,1,2.907666597583477
U0018248,0,5.851639939910548
U0018249,1,1.5100025344735322
U0018250,0,-0.06799773697710165
U0018251,1,2.135557901589724
U0018252,0,2.6738765483819904
U0018253,0,2.3070780059225378
U0018254,0,2.0854595469797523
U0018255,0,1.7460798251620044
U0018256,1,0.17376815836261983
U0018257,0,2.8398686703356333
U0018258,1,3.0293649060640853
U0018259,1,3.844013850217653
U0018260,0,3.1887985658393347
U0018261,1,4.254630594154008
U0018262,0,2.124277806476769
U0018263,1,4.962239862215249
U0018264,0,4.688429092105125
U0018265,1,4.049204330447896
U0018266,0,2.036589697677403
U0018267,0,1.2897272283383518
U0018268,1,3.9232361052999316
U0018269,0,6.4413378086537865
U0018270,0,3.496165395134348
U0018271,1,2.9037975448149336
U0018272,0,3.4447768674426413
U0018273,0,3.573834811912505
U0018274,0,3.105577549616923
U0018275,0,3.4964317532189852
U0018276,1,2.262179920129327
U0018277,0,3.787040808702221
U0018278,0,-2.06142315434834
U0018279,1,3.2608816553711435
U0018280,1,2.463107315979009
U0018281,0,5.234936458573085
U0018282,1,1.817025977466713
U0018283,0,2.715232056982055
U0018284,0,4.507709416212233
U0018285,0,3.9336506528294173
U0018286,1,6.628005339156168
U0018287,1,0.526274233474382
U0018288,1,1.9792443197615661
U0018289,0,1.1727273973373258
U0018290,0,1.9751749886996635
U0018291,1,0.03235224380814472
U0018292,0,4.28401470454294
U0018293,1,2.6856609898743944
U0018294,0,-0.5538315422850655
U0018295,0,3.3390040083549763
U0018296,1,1.6148004879399949
U0018297,0,3.190516534759837
U0018298,1,4.118875724078196
U0018299,1,2.18201632485237
U0018300,0,2.5389105387566406
U0018301,1,0.36291667219963486
U0018302,0,1.9740931536472566
U0018303,0,4.954842279187368
U0018304,1,2.902896664360245
U0018305,1,3.9987336427938196
U0018306,0,1.957696482258111
U0018307,1,2.508972600252534
U0018308,1,6.072020091309788
U0018309,0,3.2138767868822313
U0018310,1,1.7531450240677717
U0018311,1,0.6106437050609017
U0018312,0,4.604100178257152
U0018313,0,1.9880162800250787
U0018314,1,1.8031041507697374
U0018315,0,3.6694682669779652
U0018316,1,2.2118993420561495
U0018317,0,2.6946590850617227
U0018318,1,5.440662999919139
U0018319,0,2.6169291326253052
U0018320,1,1.6241511868754834
U0018321,0,0.6445371675714284
U0018322,1,6.377124724633205
U0018323,0,4.2713460209886165
U0018324,0,1.7186683118533548
U0018325,1,1.5443752294216129
U0018326,0,-0.0011653288496091818
U0018327,1,0.35558728809450457
U0018328,1,2.9685258287958654
U0018329,0,3.8088343691850444
U0018330,0,1.8617983755360754
U0018331,1,3.474427611214253
U0018332,1,1.7023302299707517
U0018333,0,3.4277572884847487
U0018334,1,6.484634048831097
U0018335,1,1.6782949894563082
U0018336,0,2.5849020341908684
U0018337,0,3.6456473998440693
U0018338,1,2.8201854056001103
U0018339,1,3.8371354868017633
U0018340,1,0.6421483258543645
U0018341,0,5.771101148971248
U0018342,1,3.1240486376368146
U0018343,1,1.3190693796795898
U0018344,0,2.3448553755889794
U0018345,1,0.04319478816034206
U0018346,0,-0.3291294887450711
U0018347,1,5.179217233415944
U0018348,1,0.8130381574168872
U0018349,0,4.397440799809235
U0018350,1,0.6385946694229485
U0018351,0,1.5810679071614686
U0018352,0,-0.12706823022744196
U0018353,0,4.075768580731324
U0018354,0,-0.6035118654324805
U0018355,1,6.67925279675212
U0018356,0,2.2222284423775616
U0018357,1,2.224681233527601
U0018358,1,3.842241441722493
U0018359,0,2.254439845543832
U0018360,0,2.58297340597921
U0018361,1,1.1382618351939087
U0018362,1,2.9416448432898967
U0018363,1,2.0789790023884525
U0018364,1,3.3604592569021356
U0018365,1,-0.8181791388334183
U0018366,1,2.803175792846325
U0018367,1,2.6055477455942864
U0018368,1,3.9409342851326414
U0018369,0,5.625958009323515
U0018370,0,3.9101926762742956
U0018371,1,1.1305610243549786
U0018372,0,3.9656239468961036
U0018373,0,1.9588694400256905
U0018374,0,0.7627235720647576
U0018375,1,0.9147639298878687
U0018376,1,13.772208950070514
U0018377,0,4.1662981382269955
U0018378,0,2.5022313555568267
U0018379,0,5.077384188706731
U0018380,1,2.498785564552932
U0018381,0,1.7589332612909097
U0018382,1,2.6890881451436286
U0018383,0,-0.32162568115179724
U0018384,1,1.7397736242344664
U0018385,1,-6.5335796891956175
U0018386,1,3.1576030207050323
U0018387,1,4.944187864858326
U0018388,1,3.2199315914126814
U0018389,0,0.27305147149571596
U0018390,0,1.6828993782711787
U0018391,1,5.7759982551599975
U0018392,1,3.155058010215786
U0018393,0,-0.9661722369231072
U0018394,1,1.5687985068253543
U0018395,0,0.5523610333331277
U0018396,0,3.0417934975967
U0018397,1,5.583371188223435
U0018398,1,1.7168038398211465
U0018399,0,3.2404093872214546
U0018400,1,2.5999081355741644
U0018401,1,2.3824103546249837
U0018402,1,1.5737550219084788
U0018403,0,0.200255129040805
U0018404,0,1.3432793292712404
U0018405,0,0.2135395611439712
U0018406,1,3.8026899024818075
U0018407,1,3.4486464059073576
U0018408,0,4.348702362414549
U0018409,0,4.182199704485026
U0018410,0,2.5481694188111597
U0018411,1,1.1650490327750322
U0018412,1,2.60640508860115
U0018413,0,2.8936700909090813
U0018414,1,3.2039010663941845
U0018415,0,1.3718568795891741
U0018416,1,4.194055871631079
U0018417,0,4.468344831998188
U0018418,1,3.162629306480513
U0018419,1,1.9448292582717208
U0018420,0,3.782773486839398
U0018421,1,4.121492656480466
U0018422,1,5.218727711812999
U0018423,1,1.4279285372066184
U0018424,1,3.0896960753055787
U0018425,0,3.211497268992698
U0018426,0,0.9574980870807828
U0018427,0,6.059475997559712
U0018428,1,1.5165727514685372
U0018429,0,5.898124621033515
U0018430,0,0.9119324079632669
U0018431,1,0.6005120304288667
U0018432,1,2.727395393251328
U0018433,1,2.7656791731980412
U0018434,1,19.133867335361955
U0018435,1,0.42508881590989844
U0018436,0,1.3635140619865709
U0018437,0,4.086508397810797
U0018438,1,1.0658943285044202
U0018439,1,3.4160368986441423
U0018440,1,4.388679532219832
U0018441,1,1.8608567642195126
U0018442,0,3.9626171628395177
U0018443,1,3.782476411676271
U0018444,0,-0.9683746453575548
U0018445,0,4.3442818089404405
U0018446,1,3.8057279372110973
U0018447,0,1.7461323541096618
U0018448,1,2.473372840568368
U0018449,1,1.7118647279215295
U0018450,1,-1.6058205717256548
U0018451,0,2.6505784953144627
U0018452,0,3.1110407504363806
U0018453,0,1.3881764383974264
U0018454,1,1.0271953267516434
U0018455,0,2.091862150608982
U0018456,1,4.109628445461857
U0018457,0,0.7921406321039726
U0018458,1,1.7837186316912366
U0018459,1,2.8527506657846526
U0018460,0,5.095111299039704
U0018461,0,1.0174844216315666
U0018462,1,4.466144647712085
U0018463,1,1.6342767834799545
U0018464,0,1.7869487174288459
U0018465,0,6.011374799735089
U0018466,0,4.230680278252663
U0018467,1,2.1097727830797233
U0018468,1,7.170961183981479
U0018469,0,10.351396800657836
U0018470,1,3.1134187360854675
U0018471,0,4.0994954798062615
U0018472,0,5.19192153054756
U0018473,1,3.7624434154243716
U0018474,0,2.4780932492748704
U0018475,1,1.7892878895633082
U0018476,1,2.177698895073066
U0018477,1,2.969633608136684
U0018478,1,4.509210987432013
U0018479,1,5.0188255767319685
U0018480,1,3.8460307769794504
U0018481,0,3.7306045565805466
U0018482,1,2.2782471586837776
U0018483,0,2.3755031289033184
U0018484,1,4.984380940328528
U0018485,1,0.3438136346072689
U0018486,0,2.343263846018786
U0018487,0,0.45406079828819834
U0018488,1,1.2474608978159285
U0018489,1,3.0658344382425504
U0018490,0,3.4399529765051113
U0018491,0,2.39788483269594
U0018492,0,1.9270082999619405
U0018493,1,5.935974672896236
U0018494,1,3.0118269524817904
U0018495,1,3.5733870739201947
U0018496,0,3.419304837105056
U0018497,1,1.2896204223540177
U0018498,1,6.047402436479539
U0018499,0,-2.4725101354114543
U0018500,1,3.0133508982016615
U0018501,1,3.1212392176960186
U0018502,1,3.7741736489874356
U0018503,0,0.5274043990752002
U0018504,0,-0.02847751067615789
U0018505,1,1.8640053268931034
U0018506,0,2.6970058479890504
U0018507,0,2.9615317202961116
U0018508,1,4.124784939202886
U0018509,1,4.4001287436651175
U0018510,1,-6.049175410107628
U0018511,1,2.0917602128320976
U0018512,0,2.6826826692081447
U0018513,1,2.6500057143049034
U0018514,1,1.3129443988537481
U0018515,0,3.384860530658722
U0018516,1,3.129026197039707
U0018517,1,3.5967805077992914
U0018518,1,5.969919001570535
U0018519,0,2.1462698773247713
U0018520,0,5.998016884749298
U0018521,0,-2.8552705201749617
U0018522,0,3.1722194443163616
U0018523,0,3.619217623983454
U0018524,1,5.5501771626090886
U0018525,1,3.4286132496939175
U0018526,1,2.445601663546281
U0018527,1,3.46128215469718
U0018528,0,1.4531743528214633
U0018529,1,0.9474697098642366
U0018530,0,3.787277605746958
U0018531,1,0.3636451356387411
U0018532,0,4.981265326029103
U0018533,0,3.685626382662159
U0018534,1,1.6422617122195007
U0018535,0,1.4958308112395784
U0018536,1,4.7006392250188505
U0018537,0,6.255444753796652
U0018538,0,2.968599327735598
U0018539,0,1.2202407463301945
U0018540,1,3.5890861877673075
U0018541,1,5.196706254062921
U0018542,1,1.0372446737823147
U0018543,1,3.112468769275516
U0018544,1,4.983022485355793
U0018545,0,1.6718221765820225
U0018546,1,2.4934816602998655
U0018547,0,3.7269553059047666
U0018548,1,2.6697452897307556
U0018549,1,3.345779729523054
U0018550,1,2.540047159236817
U0018551,0,2.926222238692258
U0018552,1,3.0457502949337023
U0018553,0,5.897028990064754
U0018554,1,0.6488169785181892
U0018555,1,3.0082021736360876
U0018556,1,2.602196763810543
U0018557,0,-1.083178355009501
U0018558,1,4.857260795809314
U0018559,1,0.7646657596662827
U0018560,0,3.3308738483542513
U0018561,0,-8.699854107588887
U0018562,0,0.7850241439386707
U0018563,0,3.1130496884063845
U0018564,1,0.6327722570964625
U0018565,0,3.870841657610743
U0018566,0,1.6199452272538153
U0018567,1,1.4870751714500159
U0018568,1,2.617338707019927
U0018569,1,3.4511827087562317
U0018570,1,2.076152702521858
U0018571,0,2.493535974804722
U0018572,1,4.174973402739955
U0018573,0,2.4598967534322504
U0018574,1,0.6110327033806087
U0018575,0,1.957046691154389
U0018576,0,6.697125080003449
U0018577,1,-1.3067831484919772
U0018578,1,4.056065014407995
U0018579,1,3.64363629298904
U0018580,1,3.3325463137981934
U0018581,0,1.522132064470778
U0018582,0,6.604583544499786
U0018583,0,1.1807587919119058
U0018584,1,4.601617543988596
U0018585,0,3.141316931521599
U0018586,1,2.6013806306235896
U0018587,0,3.7916207180444843
U0018588,1,-0.346124411691779
U0018589,1,3.627324290588115
U0018590,0,1.155939229276683
U0018591,1,-7.188556627375576
U0018592,1,2.2392505341195417
U0018593,0,-0.18206047511939794
U0018594,0,-0.4686163353928485
U0018595,1,2.9605942390016544
U0018596,1,1.6124169478747206
U0018597,1,6.522347200751046
U0018598,0,1.7593663662836256
U0018599,0,3.280836611095644
U0018600,0,4.0034757387187785
U0018601,0,0.5552935599059303
U0018602,0,3.0607451182628758
U0018603,0,2.1078857822198316
U0018604,0,0.9691567948459348
U0018605,0,4.285549222135963
U0018606,0,2.228786486369181
U0018607,1,0.8678681620185031
U0018608,0,3.028440468371734
U0018609,1,0.17813760469718254
U0018610,1,2.5410998342120834
U0018611,1,0.15746870918625788
U0018612,0,0.5457078821982986
U0018613,0,4.637702645107382
U0018614,0,1.5982058267970949
U0018615,1,1.8799585277702864
U0018616,0,2.433617138335329
U0018617,0,4.242822679778314
U0018618,0,3.516086187890078
U0018619,1,3.6166261770995263
U0018620,1,1.212868036665128
U0018621,0,3.7380848305398864
U0018622,0,5.717460304073658
U0018623,1,4.4390879201976965
U0018624,0,2.187843720728818
U0018625,1,0.8938952826772599
U0018626,0,1.555882064576089
U0018627,0,5.319290280328101
U0018628,1,2.8291597824674426
U0018629,0,2.455282266519596
U0018630,1,2.115813544180659
U0018631,0,-1.406028028862547
U0018632,0,-0.4851929642901993
U0018633,1,4.679415531983253
U0018634,1,2.56517805885729
U0018635,1,1.3167261868502642
U0018636,0,2.9059061044978716
U0018637,0,1.3681420546953156
U0018638,1,3.024947538788515
U0018639,1,2.3626390115131954
U0018640,0,3.461784640481472
U0018641,0,2.599196595305852
U0018642,1,3.6573209991740097
U0018643,0,3.6292816398305856
U0018644,0,0.05339169640010866
U0018645,0,2.9641272862653096
U0018646,1,3.418234479756716
U0018647,1,2.876404519168279
U0018648,1,2.2522204851795173
U0018649,1,5.116983283877577
U0018650,1,3.2584073323383542
U0018651,1,2.2745574420520605
U0018652,0,0.7009948760000348
U0018653,1,3.0599476016359652
U0018654,1,1.6283294266158919
U0018655,0,1.743582150714115
U0018656,0,3.040083292518206
U0018657,0,0.9609731853398245
U0018658,1,1.1347561953388237
U0018659,1,2.4212710378127618
U0018660,0,3.115461198212767
U0018661,0,2.557714567056216
U0018662,0,4.782967240727928
U0018663,0,2.966817267304563
U0018664,0,3.5472067538048773
U0018665,0,3.025087869922647
U0018666,0,3.2763559264620987
U0018667,0,-0.3696439634075048
U0018668,1,6.086046890084095
U0018669,1,2.707695895176119
U0018670,1,4.025968721476616
U0018671,0,2.750356297648274
U0018672,1,0.5776378736621552
U0018673,0,4.562594558072391
U0018674,0,1.5695728319043916
U0018675,0,1.2499265834421216
U0018676,0,1.6275277268850843
U0018677,1,3.657883628668321
U0018678,0,1.1176224372648509
U0018679,1,-0.5912171235489652
U0018680,0,-0.2194550270804605
U0018681,1,5.005580319793857
U0018682,0,2.16419204345104
U0018683,0,2.177726437421917
U0018684,0,1.2786666179059978
U0018685,0,2.438928639588994
U0018686,0,1.7061798738728626
U0018687,0,2.2945671565621986
U0018688,0,1.4819904520158502
U0018689,1,2.0861759805171936
U0018690,0,-1.997350395983096
U0018691,1,3.8375093554708055
U0018692,0,9.193088014198217
U0018693,1,3.0044938676033723
U0018694,0,4.221232364261393
U0018695,1,3.1117725783690595
U0018696,1,1.56744315313634
U0018697,1,1.6154758116706205
U0018698,0,2.2236860249019337
U0018699,1,0.9521212021251841
U0018700,0,4.017026122391972
U0018701,0,2.0826120905222893
U0018702,0,0.8675721839252901
U0018703,1,4.659687378755855
U0018704,1,2.8054982420236314
U0018705,1,2.3655287716703377
U0018706,1,5.305041822668116
U0018707,0,2.8391458692832394
U0018708,0,2.8127488883749905
U0018709,1,1.7346613064971237
U0018710,0,1.644281608081597
U0018711,0,1.85484140578472
U0018712,0,2.8480308546276447
U0018713,1,2.7602344020408083
U0018714,0,0.9164292470989732
U0018715,1,0.6120245628954422
U0018716,0,1.7532218786209146
U0018717,1,3.1859308242889526
U0018718,0,6.849821239063072
U0018719,1,3.6402130918132336
U0018720,0,1.623913653505486
U0018721,0,3.4043722305285353
U0018722,0,2.03732588535226
U0018723,1,2.599589554684904
U0018724,1,2.702480901859378
U0018725,1,2.01442310309028
U0018726,1,3.7942631670150657
U0018727,1,-2.6035126841112515
U0018728,0,3.8892001290957516
U0018729,1,3.361565623499427
U0018730,0,2.528134785924742
U0018731,0,3.43621489049152
U0018732,0,2.339843991035252
U0018733,1,2.2528078216407543
U0018734,0,2.6832499208211686
U0018735,0,0.6075517318919239
U0018736,1,1.8793633574291846
U0018737,1,4.170448333228165
U0018738,1,1.7041298296520218
U0018739,1,4.954110169494157
U0018740,0,0.2556062122540119
U0018741,1,3.61697017742161
U0018742,1,2.513821245700454
U0018743,0,3.4952596699397844
U0018744,1,3.8634195376672515
U0018745,1,1.9616998534393595
U0018746,0,4.741171624658641
U0018747,1,6.993337533563015
U0018748,0,-0.3343655657207609
U0018749,1,0.7548392322318218
U0018750,1,2.0866129058717355
U0018751,0,3.0392754145852514
U0018752,1,3.12979161729581
U0018753,1,1.6086145118707549
U0018754,0,2.9572296459951275
U0018755,1,3.1188194355977963
U0018756,1,4.761038711407309
U0018757,1,2.281228720526112
U0018758,0,3.928520112234107
U0018759,1,3.506994194087646
U0018760,1,2.6573323716572865
U0018761,1,4.025788098238801
U0018762,1,0.6868198185686474
U0018763,1,2.9520415380650373
U0018764,0,3.4980441374287583
U0018765,1,2.363061425508146
U0018766,0,1.801143411415108
U0018767,1,1.4253874920647505
U0018768,0,0.6307598819274176
U0018769,1,1.9987852584289172
U0018770,1,1.6390137217548428
U0018771,0,3.3833125708231933
U0018772,1,2.9133585865643425
U0018773,0,2.660806559346362
U0018774,1,6.065683895881355
U0018775,0,-2.7903829240212623
U0018776,1,3.2019591977203348
U0018777,1,1.9326206078285075
U0018778,0,0.9340265087845125
U0018779,1,3.3652189109603583
U0018780,0,2.433091091592397
U0018781,1,12.229461994791833
U0018782,1,-0.06489589651336125
U0018783,1,1.94366085879145
U0018784,1,3.1496117405059003
U0018785,0,-0.2859057699874157
U0018786,0,2.740075748776988
U0018787,1,5.358505383822983
U0018788,0,3.9822311943476656
U0018789,1,2.734250119145406
U0018790,0,2.0585255604374773
U0018791,0,2.642062264983167
U0018792,0,1.549171178881842
U0018793,1,3.0163179428084064
U0018794,1,2.836144545779913
U0018795,1,0.46710681885037175
U0018796,0,2.717658368825653
U0018797,1,3.6090451333444094
U0018798,1,6.173265795607136
U0018799,1,0.8526499827166596
U0018800,1,2.3237264045264983
U0018801,0,3.1734626945956528
U0018802,1,3.851717712134814
U0018803,1,3.608291474669116
U0018804,1,0.9517938901538479
U0018805,0,3.806373554524491
U0018806,0,3.1340736480201166
U0018807,1,2.7323075590778885
U0018808,0,2.5311585280114244
U0018809,1,2.733474800029219
U0018810,1,1.440253660836854
U0018811,1,3.347996235372584
U0018812,1,3.1234035322371483
U0018813,0,3.6239562629849082
U0018814,0,-3.0470522118640595
U0018815,1,3.4313723670419805
U0018816,0,1.2111174484704463
U0018817,0,2.9198716968890626
U0018818,1,-3.178397396911798
U0018819,1,4.414513289030655
U0018820,1,2.6582009865885947
U0018821,0,0.4972699984928184
U0018822,1,1.0375109433171446
U0018823,1,2.0466523641008934
U0018824,1,2.6128111836335606
U0018825,0,1.2672866238713958
U0018826,1,4.257015920681608
U0018827,0,2.575548523775975
U0018828,1,3.1760837370368726
U0018829,0,2.9077631432335336
U0018830,1,3.971830833875716
U0018831,1,3.076336612214515
U0018832,0,0.7272188758977158
U0018833,0,1.6554388128381952
U0018834,1,0.7197945288257159
U0018835,0,2.905241113701571
U0018836,1,5.1389191912625485
U0018837,1,1.487544207229977
U0018838,1,3.3493975686295023
U0018839,1,1.3424443180898535
U0018840,0,4.860388093761994
U0018841,0,4.515917492588962
U0018842,0,2.513439624251717
U0018843,0,6.138366766731856
U0018844,0,5.215694376084066
U0018845,0,1.734824257223428
U0018846,0,4.196080920190003
U0018847,0,3.301646118862468
U0018848,1,1.3562573832989635
U0018849,0,2.3603563633896805
U0018850,0,1.1089482668042656
U0018851,1,2.8359450356189804
U0018852,1,2.7831714985767206
U0018853,1,2.421926375399593
U0018854,1,4.251291338580085
U0018855,0,2.010165789829916
U0018856,0,3.5213953276039582
U0018857,0,3.774324392585152
U0018858,0,-0.5518570811281691
U0018859,1,2.284763375373828
U0018860,1,1.1243509693089244
U0018861,1,2.1063003765352626
U0018862,0,6.678954532234236
U0018863,1,1.2771266037442537
U0018864,0,0.49178151138881177
U0018865,1,-0.7061619341622318
U0018866,1,5.400320867312594
U0018867,0,1.753071247704753
U0018868,0,-2.090419032508379
U0018869,1,6.377446120253081
U0018870,0,2.8373998430012293
U0018871,0,0.6966108522450334
U0018872,0,5.7705926553991205
U0018873,0,4.220601386692987
U0018874,1,1.2089511134014863
U0018875,1,5.5939382168529885
U0018876,1,3.474543511806523
U0018877,1,0.8166850342568814
U0018878,0,2.812585315616065
U0018879,0,4.8123691688210535
U0018880,0,2.947703174592281
U0018881,1,2.4642534997289136
U0018882,0,4.256676741736914
U0018883,0,1.014828155428198
U0018884,1,1.9557383495542382
U0018885,0,4.148170758976725
U0018886,0,2.3829729109190527
U0018887,0,4.367042209468359
U0018888,0,4.211273236019711
U0018889,1,0.5950859381321649
U0018890,1,2.8655292464102686
U0018891,1,2.3793434439075583
U0018892,1,-0.32239934280590177
U0018893,1,4.296553544507589
U0018894,1,2.0451593871124043
U0018895,0,3.177112438355884
U0018896,0,0.4089084392842537
U0018897,0,6.296143331968427
U0018898,0,1.4881851384876033
U0018899,0,-1.1529670456201622
U0018900,0,2.1599471452564636
U0018901,1,4.401893290630561
U0018902,0,1.9918750366355589
U0018903,0,2.1054081438620997
U0018904,1,1.9179425099330878
U0018905,1,1.1887223895292198
U0018906,1,0.25001490511571234
U0018907,1,1.50456828955015
U0018908,0,3.757505000438236
U0018909,1,1.9145799223876345
U0018910,0,3.679873241738921
U0018911,1,4.941722820683285
U0018912,0,4.0150004018364225
U0018913,0,2.2950769011894288
U0018914,1,1.8587902013559372
U0018915,0,7.583308643475725
U0018916,0,3.4784539389315636
U0018917,0,0.18730323947778338
U0018918,0,3.3116993099168432
U0018919,0,2.3381605925592126
U0018920,1,-0.4363181622923342
U0018921,1,3.642089819956416
U0018922,1,2.1080123415575933
U0018923,0,3.49424598445518
U0018924,0,4.7696430630450575
U0018925,0,-0.4908676671772163
U0018926,1,2.75301999458042
U0018927,0,3.4244392581649628
U0018928,0,-1.2379643681879848
U0018929,1,2.836632526661843
U0018930,0,2.650511427800266
U0018931,1,4.455886281896412
U0018932,0,3.0975768818530582
U0018933,0,2.176781320812811
U0018934,0,3.8095531610386875
U0018935,1,3.8125320620978123
U0018936,0,2.2168586703618374
U0018937,1,-0.4369021554112038
U0018938,0,5.1179527770070905
U0018939,1,2.981829800206768
U0018940,0,4.814917829648223
U0018941,1,2.456126549051156
U0018942,0,-1.8342365767732165
U0018943,0,4.104295103726809
U0018944,1,3.414707540883377
U0018945,0,3.5039397439512143
U0018946,1,2.886699668907818
U0018947,0,3.085351764082044
U0018948,1,2.25152157166265
U0018949,0,1.635181030498293
U0018950,1,0.9699385299018992
U0018951,1,5.5471515013169785
U0018952,1,2.263342859930315
U0018953,0,2.794049499027887
U0018954,0,3.545020908874829
U0018955,1,1.394128729959668
U0018956,0,6.6523345047199065
U0018957,1,2.3725713059468383
U0018958,0,0.5648374237730955
U0018959,0,1.7644447787124697
U0018960,0,3.1955424783765736
U0018961,1,2.8633597524846124
U0018962,1,1.2024210130463935
U0018963,0,5.248925182922843
U0018964,1,4.130545547524884
U0018965,0,3.3728917629611423
U0018966,1,5.318974265365494
U0018967,1,1.0934183830376316
U0018968,1,1.0580447496108398
U0018969,0,1.6249792039218605
U0018970,1,2.250185035928027
U0018971,1,2.160705917299726
U0018972,1,2.6554838207909413
U0018973,0,1.838936794982736
U0018974,1,0.46525118293272527
U0018975,1,3.570210873015892
U0018976,1,-1.9167556361336935
U0018977,1,-0.11096742918236657
U0018978,0,4.301330133594261
U0018979,1,1.5941007619547491
U0018980,0,4.998912107555068
U0018981,0,0.7441961607298193
U0018982,0,0.5797483311309186
U0018983,1,4.491048324487647
U0018984,1,3.3702347262325283
U0018985,0,5.147762529868922
U0018986,1,3.7711716204087153
U0018987,1,2.1124381080358
U0018988,1,2.3799846331085988
U0018989,1,1.6354873554243312
U0018990,1,0.6189366865618204
U0018991,0,2.405988753459253
U0018992,0,6.610876708959614
U0018993,1,5.041484071384236
U0018994,0,4.884093689579274
U0018995,1,2.026407027540035
U0018996,1,2.647508778085168
U0018997,1,3.3149246699271817
U0018998,0,0.33417410247417045
U0018999,1,2.322575336018115
U0019000,0,3.9105754364355008
U0019001,1,3.8697999518912027
U0019002,0,3.229938112487247
U0019003,1,1.026076745747563
U0019004,0,0.9819665007901257
U0019005,1,3.082637962767535
U0019006,1,3.106046576080626
U0019007,1,2.5121375785314015
U0019008,0,1.5672892026465277
U0019009,0,2.0372186427165353
U0019010,0,3.602763596054899
U0019011,1,1.976321879474547
U0019012,0,1.940969582138976
U0019013,1,2.377180450487767
U0019014,1,3.2909775743575764
U0019015,0,1.6777549138317305
U0019016,1,2.443637265610242
U0019017,1,1.7756074548368712
U0019018,1,3.37764295957167
U0019019,0,2.425264877354273
U0019020,1,5.603679777568958
U0019021,1,1.558309671557204
U0019022,0,2.8032124222313968
U0019023,1,2.287006993129893
U0019024,1,2.418419638287485
U0019025,0,3.4458621184691864
U0019026,1,2.4676934218219024
U0019027,0,3.7719928990513942
U0019028,0,1.836427408901482
U0019029,0,2.189747879270353
U0019030,0,2.9688450930435124
U0019031,1,3.319341544157478
U0019032,0,4.88370185882528
U0019033,1,2.3273643095603127
U0019034,1,3.3711883383545107
U0019035,0,1.4937828078874595
U0019036,1,4.133031318773522
U0019037,0,-0.6222089909368833
U0019038,0,2.5160676567210736
U0019039,1,-6.165907331589214
U0019040,1,2.5836731254961958
U0019041,0,2.423377398310933
U0019042,0,2.9289277046207047
U0019043,0,2.3098711719409284
U0019044,0,2.7573870070556676
U0019045,0,4.359884914787326
U0019046,0,3.989639436959088
U0019047,0,2.1412397699568793
U0019048,1,2.281008070993124
U0019049,1,1.9680580695108887
U0019050,0,1.2230796870694114
U0019051,0,2.803363501021117
U0019052,0,3.389666130641004
U0019053,1,2.760082905174013
U0019054,1,3.9080780587146933
U0019055,0,2.9494639233662063
U0019056,0,3.1925933583364596
U0019057,0,1.059458488071396
U0019058,0,3.7495330974761885
U0019059,0,1.1622033197143864
U0019060,1,3.243247456802557
U0019061,1,0.25279572303400144
U0019062,1,5.421568649363714
U0019063,1,1.2554537763967133
U0019064,0,3.4362812430194722
U0019065,0,3.7391590434145883
U0019066,1,-1.449358176410275
U0019067,0,0.710203482615384
U0019068,0,2.5029998490133742
U0019069,1,2.8442500850247185
U0019070,1,2.4239880427662293
U0019071,0,2.322567338041262
U0019072,1,2.8643589495623516
U0019073,0,2.9516566296391815
U0019074,0,4.426247462926565
U0019075,1,4.849880848554001
U0019076,1,3.617756989903242
U0019077,1,2.2200624212201454
U0019078,0,0.5676790147571182
U0019079,0,2.651687131291009
U0019080,1,3.9619257437174404
U0019081,1,0.6610519471744993
U0019082,1,1.7970093005734427
U0019083,1,1.2938364343099131
U0019084,0,2.3738709410722016
U0019085,0,4.893265896812544
U0019086,0,0.7576329318237249
U0019087,0,0.2519851134856381
U0019088,1,2.980461704470624
U0019089,1,3.038197956007828
U0019090,1,3.5190785054098583
U0019091,1,4.096995413325542
U0019092,1,4.413883906840692
U0019093,1,3.7411131631929635
U0019094,0,-0.14635380132633102
U0019095,1,4.102544498297483
U0019096,1,2.4496543026810667
U0019097,0,1.7726797796824396
U0019098,0,2.8500433844428414
U0019099,1,2.607266211407392
U0019100,1,0.6728576529053356
U0019101,1,1.1101161775910455
U0019102,1,2.9045790008276597
U0019103,0,1.2180943156816149
U0019104,0,2.4470578286951863
U0019105,1,3.207618195915675
U0019106,1,4.832559227124376
U0019107,0,2.5533905323338164
U0019108,1,0.9909893790652511
U0019109,0,1.8218905100372567
U0019110,0,0.20790951598865348
U0019111,0,3.1991748981140162
U0019112,0,-0.0482509198144534
U0019113,1,5.674951418987352
U0019114,0,-1.1611294738747677
U0019115,1,2.5688017274036774
U0019116,1,1.5867384273339837
U0019117,1,3.80627954124855
U0019118,0,2.4170460478514997
U0019119,1,3.2432443696399993
U0019120,0,2.5409914008598484
U0019121,0,0.29462663696824265
U0019122,1,2.523901395932196
U0019123,1,1.0740153850821201
U0019124,1,2.1780384600637532
U0019125,0,0.9332529362827877
U0019126,1,2.0323028212623306
U0019127,1,2.6136887838186205
U0019128,0,5.93442081831747
U0019129,1,4.530641012930515
U0019130,0,0.4399182149193557
U0019131,0,5.538329482183414
U0019132,0,4.320173919170783
U0019133,1,2.2280408888778105
U0019134,0,3.4837508993554938
U0019135,1,3.305243986688005
U0019136,1,3.9632009908399013
U0019137,0,2.884406587936562
U0019138,0,4.250838405773987
U0019139,1,1.8498335160087382
U0019140,1,1.6705156010402327
U0019141,0,4.152187880193461
U0019142,1,5.4091460737185955
U0019143,1,1.3582567519295736
U0019144,1,2.920039444141196
U0019145,1,2.6033686088746357
U0019146,0,1.000898491520502
U0019147,1,1.0916992515327024
U0019148,1,6.182573668770772
U0019149,1,0.9697265891673332
U0019150,1,1.3337638424277216
U0019151,1,1.294774696434441
U0019152,0,2.192500072228974
U0019153,0,0.03198291705273704
U0019154,0,0.9666178882505676
U0019155,1,1.8421359973733757
U0019156,1,-0.05804383622796294
U0019157,0,1.6700503079869158
U0019158,0,1.9040946582071374
U0019159,0,2.6699666475449533
U0019160,1,0.23159547612889497
U0019161,0,1.7982879977385835
U0019162,1,4.878576861376345
U0019163,0,3.101454676429377
U0019164,0,1.2159583280601467
U0019165,0,3.932708936890931
U0019166,0,2.3346763973077387
U0019167,0,4.701891864507839
U0019168,0,1.3051960634976183
U0019169,1,1.1569752713052246
U0019170,1,4.109135354215461
U0019171,1,1.8841706851526432
U0019172,0,2.0510953845635136
U0019173,1,0.7542351812154067
U0019174,0,-0.8657630478025364
U0019175,1,2.267818801835979
U0019176,1,2.0419397527984913
U0019177,1,1.0395249814217706
U0019178,1,2.52438612100509
U0019179,1,1.3621455435792882
U0019180,1,2.357186922752039
U0019181,1,3.1187901649845546
U0019182,1,2.4378733703296405
U0019183,1,0.22228855122340718
U0019184,1,2.810632576640579
U0019185,1,1.827631477622358
U0019186,1,-1.0162822272398202
U0019187,1,4.272556620089439
U0019188,1,2.006579369079283
U0019189,1,4.146964256129014
U0019190,0,3.72465039616106
U0019191,0,0.003660639306541924
U0019192,0,4.071140635706431
U0019193,1,2.6740063986855755
U0019194,1,2.398062415621535
U0019195,1,0.2738798842940522
U0019196,0,3.4536104337326883
U0019197,0,5.350508304179964
U0019198,0,1.0273832240746756
U0019199,0,4.004710360855725
U0019200,0,1.7763761100698652
U0019201,0,0.12466166147745206
U0019202,1,1.9195212386862863
U0019203,0,3.0799282339318736
U0019204,1,3.669382042795604
U0019205,1,2.654234256491115
U0019206,1,0.8480863237022014
U0019207,0,-0.31143977352204644
U0019208,0,2.8103353688012085
U0019209,1,3.609843310778512
U0019210,1,-0.6824847919370498
U0019211,1,3.0128532916950537
U0019212,1,3.601729593143329
U0019213,0,3.242536834069435
U0019214,0,1.3631465474766173
U0019215,0,4.891644499487885
U0019216,0,3.630661765845762
U0019217,0,1.3173190837084263
U0019218,0,1.4337935332000455
U0019219,1,4.159130200973085
U0019220,0,0.515661789454203
U0019221,0,1.2492558829115517
U0019222,1,3.3611639216355282
U0019223,0,1.4253352239788448
U0019224,0,3.11842833253473
U0019225,0,-0.7803666474246658
U0019226,1,1.156481443512945
U0019227,0,1.4143641428573162
U0019228,0,2.267787905617631
U0019229,0,2.590302831879301
U0019230,0,1.3495293803758983
U0019231,1,4.7531295976881545
U0019232,1,0.5955010529784985
U0019233,1,3.089643621195119
U0019234,0,1.9693596603514258
U0019235,0,-1.828778927987642
U0019236,1,2.9350312831559258
U0019237,1,2.8063600046245814
U0019238,1,2.6499936436600677
U0019239,1,1.0814830494948175
U0019240,1,-0.6442522200195953
U0019241,0,2.820101766805383
U0019242,1,0.4527477113451148
U0019243,0,-0.9287681608740801
U0019244,1,1.8106069949924226
U0019245,1,2.676544587776114
U0019246,1,2.504808823943037
U0019247,0,-0.06611930305734681
U0019248,0,3.9577358984106663
U0019249,0,2.0407892619953856
U0019250,1,4.020335292977727
U0019251,1,2.9871220595974037
U0019252,0,3.117771998346452
U0019253,1,4.143816963545245
U0019254,0,2.9224001772432864
U0019255,1,3.0339729235381014
U0019256,0,1.3371000663430852
U0019257,1,5.474608934528565
U0019258,1,4.355950801689705
U0019259,1,2.0825611641197455
U0019260,1,4.814855238738026
U0019261,1,3.215646946033594
U0019262,1,4.697906473567741
U0019263,1,4.536295389590155
U0019264,1,3.598451047463616
U0019265,1,3.377991466440559
U0019266,0,1.7158603997920778
U0019267,1,2.471350371036962
U0019268,0,2.06839795453196
U0019269,0,2.9844944520837835
U0019270,0,2.9668557290328508
U0019271,1,1.1395911480870389
U0019272,1,1.457417158390701
U0019273,1,3.9967557286909816
U0019274,0,3.398099830881012
U0019275,1,2.519843465314537
U0019276,0,4.176517589051244
U0019277,0,2.7661722911530475
U0019278,1,2.863228321234237
U0019279,1,2.439743826266861
U0019280,0,1.7267972766736435
U0019281,0,3.1520091535153387
U0019282,0,5.137414405047739
U0019283,1,3.3954053514852163
U0019284,0,0.3472392916646463
U0019285,1,2.862902133893872
U0019286,0,4.447997445104372
U0019287,0,2.6275668888179986
U0019288,0,4.0166425584921015
U0019289,0,2.432510867018358
U0019290,0,1.933732471630755
U0019291,1,1.6884426321090586
U0019292,1,5.389678834078261
U0019293,1,1.6369930230929608
U0019294,1,3.1733949323373274
U0019295,1,2.242190589870777
U0019296,0,2.53866288250269
U0019297,0,2.207285242601415
U0019298,1,3.785810105759012
U0019299,0,1.2159078186535854
U0019300,0,3.1300278558253076
U0019301,1,-1.3364035197971802
U0019302,1,2.0984479993481067
U0019303,1,0.5171810790172593
U0019304,0,5.070266052661948
U0019305,1,6.040837777745665
U0019306,0,4.988262222407556
U0019307,0,1.0263214776525942
U0019308,0,2.759731640381929
U0019309,0,2.5336298684671696
U0019310,1,2.6998354567259284
U0019311,0,2.417370824860411
U0019312,0,2.0475584169112864
U0019313,0,3.1880278685754995
U0019314,0,0.7968278954979038
U0019315,1,1.2465786041636981
U0019316,0,1.091773130628109
U0019317,0,2.1448965165716007
U0019318,0,2.328632115906508
U0019319,1,2.8826956056300297
U0019320,0,3.4358017129625154
U0019321,1,2.0155379608526527
U0019322,0,3.4727711366286567
U0019323,1,5.559538349559942
U0019324,0,3.7231212500106103
U0019325,1,3.5871979277061268
U0019326,1,1.1140018912119523
U0019327,0,4.833699016121951
U0019328,1,0.14862463451365748
U0019329,1,0.958039755816781
U0019330,1,2.0302914713879723
U0019331,0,0.46542886006869466
U0019332,0,2.355536204187988
U0019333,0,3.511353286797082
U0019334,1,2.8314871065703624
U0019335,0,2.5484270069815587
U0019336,0,3.4649384375854453
U0019337,0,3.8321667131232076
U0019338,1,4.547484284694816
U0019339,1,2.9095121520969833
U0019340,1,1.840915631849036
U0019341,0,2.366459050985398
U0019342,0,0.11359191820497117
U0019343,1,2.735209531041029
U0019344,0,-0.6221261984598554
U0019345,0,1.9853489116989707
U0019346,0,0.00929516969175026
U0019347,1,2.586774498460466
U0019348,1,3.077821660929745
U0019349,0,5.472057882038133
U0019350,0,1.6838865754671382
U0019351,0,5.209223875211686
U0019352,1,2.9668724894998277
U0019353,0,1.0786002599250466
U0019354,1,1.9020891380192388
U0019355,0,3.8490311903856202
U0019356,1,1.0478679120019798
U0019357,0,4.451340910817789
U0019358,1,2.690740970198158
U0019359,1,-6.5302326387745175
U0019360,0,1.8653639058223703
U0019361,1,5.67759095952022
U0019362,0,4.3939267296401745
U0019363,1,1.1696074890503247
U0019364,1,-0.596419541645588
U0019365,1,4.481475205892469
U0019366,1,2.8936647796496295
U0019367,0,1.8652751591504924
U0019368,0,3.0892358010478986
U0019369,0,1.7828075973667765
U0019370,0,1.9504210264705275
U0019371,1,1.8049636624367835
U0019372,0,3.367335903135743
U0019373,0,3.474183451754998
U0019374,0,1.64141604938942
U0019375,1,2.6049061679357646
U0019376,1,3.8161121416220602
U0019377,1,2.1256734999014295
U0019378,1,4.13806997079657
U0019379,0,2.236803095078294
U0019380,0,5.079223241801039
U0019381,1,-0.2618318392485861
U0019382,0,1.2777076388913606
U0019383,1,3.023477479578183
U0019384,1,2.4581276559241267
U0019385,0,3.27016473649865
U0019386,0,2.8636202489665656
U0019387,1,2.384479206868374
U0019388,1,2.7510798792479694
U0019389,0,1.284864911479378
U0019390,1,1.4259693575016748
U0019391,1,3.0530824879774503
U0019392,1,4.0336202281770674
U0019393,1,3.5905812776159607
U0019394,0,-0.05452799399103725
U0019395,0,8.211047677098854
U0019396,1,1.3091905244004423
U0019397,0,2.9072965516968665
U0019398,1,-1.0107343915281835
U0019399,0,2.5300397770925027
U0019400,0,3.144953550904532
U0019401,0,2.804073446077515
U0019402,1,1.8740154683188575
U0019403,0,3.6003748133084486
U0019404,0,2.4223050102348793
U0019405,1,1.7492301746916006
U0019406,0,3.8312205884324264
U0019407,1,-0.19135110382119613
U0019408,0,0.8568320464339862
U0019409,0,2.385676625221251
U0019410,0,12.917955272959292
U0019411,1,4.693830092301059
U0019412,0,4.2197603820211995
U0019413,1,4.615842570208294
U0019414,1,0.5108606712507751
U0019415,0,0.9642625989380171
U0019416,1,2.74107113040343
U0019417,0,5.241983576097766
U0019418,1,-0.715422090903159
U0019419,1,2.238461544680476
U0019420,0,1.7744009268069973
U0019421,0,0.9747786425368332
U0019422,1,2.7060463959160295
U0019423,0,3.746257001834273
U0019424,0,-1.1785036322619433
U0019425,1,2.074331119459467
U0019426,1,3.0303234490614734
U0019427,0,-0.028332104153749427
U0019428,1,1.1488754004855277
U0019429,1,3.066196009082864
U0019430,0,3.4403295939753313
U0019431,1,2.207156661861436
U0019432,1,3.356527471222286
U0019433,0,2.9010149645963565
U0019434,1,2.011412125707153
U0019435,0,2.4323492445761197
U0019436,1,5.414863334949821
U0019437,1,4.231677953001064
U0019438,0,2.147828173257704
U0019439,0,1.1043012455442032
U0019440,0,2.0197654718586797
U0019441,0,1.2609047326290614
U0019442,1,4.84387719074609
U0019443,0,0.945661027103732
U0019444,0,1.5559716009242912
U0019445,1,3.091527008828983
U0019446,0,1.657650181395514
U0019447,1,2.24738244382662
U0019448,1,1.9026327382196193
U0019449,0,4.065721065273891
U0019450,1,0.7799803380727646
U0019451,0,1.82407175013239
U0019452,0,2.62151979961752
U0019453,0,-1.6458982664102706
U0019454,0,2.6926141652688287
U0019455,0,2.4692193861456317
U0019456,1,2.3823129845932662
U0019457,0,3.092693622835533
U0019458,0,0.7924416253692286
U0019459,0,2.077088116996986
U0019460,1,1.5459303434521416
U0019461,0,2.3962105039722026
U0019462,1,2.726503129743964
U0019463,1,0.32125510373899324
U0019464,0,-0.1859165594105434
U0019465,1,3.1800960552255333
U0019466,0,1.2744430471130563
U0019467,0,5.759821250148285
U0019468,0,1.4660399537206743
U0019469,1,1.4008065056820769
U0019470,1,3.6263062064203204
U0019471,1,0.9443607871712487
U0019472,1,3.676895673443548
U0019473,1,1.5107067110843495
U0019474,0,4.321493469887859
U0019475,1,1.6976681782514262
U0019476,0,1.3550081320971863
U0019477,0,2.5440695843259515
U0019478,1,2.824134218063101
U0019479,1,0.19664618379418286
U0019480,0,2.693085605170811
U0019481,1,2.9276310412231936
U0019482,0,4.249807338290331
U0019483,1,4.650488660620841
U0019484,0,-1.2151295187686557
U0019485,1,3.1174195105178395
U0019486,1,2.574042815189415
U0019487,0,1.8502957405786304
U0019488,0,3.100079759322753
U0019489,0,2.566512720680759
U0019490,1,2.7541135236087637
U0019491,0,2.34376839974321
U0019492,0,4.170589579482424
U0019493,0,1.5657162682902985
U0019494,0,4.23742379022789
U0019495,0,5.542829579335496
U0019496,0,3.4213231231965207
U0019497,0,3.844807016132151
U0019498,0,-5.343094080896769
U0019499,0,3.0635982452154114
U0019500,1,1.141028462068915
U0019501,1,2.4341252234940463
U0019502,1,2.5275201150085174
U0019503,0,4.782697878893588
U0019504,0,2.9796596837159655
U0019505,0,4.709811497902194
U0019506,0,2.9221554494056754
U0019507,1,3.9760430772148627
U0019508,0,2.594101110488552
U0019509,1,1.0749090065033329
U0019510,0,3.6999904609394356
U0019511,1,3.9735137643600886
U0019512,0,3.2937982815168745
U0019513,1,1.918245652140211
U0019514,1,3.308198157912095
U0019515,0,3.9727268115569174
U0019516,1,3.5824710149505368
U0019517,0,2.780893448318995
U0019518,0,0.5046861754764294
U0019519,1,4.455643589911226
U0019520,0,3.9550861594093103
U0019521,0,3.342633229985646
U0019522,0,2.8542371788394973
U0019523,0,0.4908609871126721
U0019524,0,4.708335899036879
U0019525,0,2.2268405636091053
U0019526,1,1.29337827242799
U0019527,0,3.141190856593564
U0019528,0,3.230587393428877
U0019529,0,1.098496216198182
U0019530,1,2.7665774050459895
U0019531,1,2.8570193706749016
U0019532,1,0.2536161358046627
U0019533,1,4.123796523284428
U0019534,0,2.9008962347832785
U0019535,1,4.136437471792245
U0019536,0,1.303730331244708
U0019537,0,1.5659054711169684
U0019538,1,2.987574567689016
U0019539,0,2.368571274744875
U0019540,0,3.823148306375373
U0019541,0,5.822622958152433
U0019542,0,4.048966844793021
U0019543,0,2.44173955676181
U0019544,0,1.4731243840586856
U0019545,0,-0.8310470932241962
U0019546,0,1.8522608699332785
U0019547,1,-3.2347259007647793
U0019548,1,2.717237083911794
U0019549,1,3.3044571405811656
U0019550,0,1.967069992063923
U0019551,0,3.634236814928361
U0019552,0,0.8981256298209672
U0019553,1,2.249482106688358
U0019554,0,1.4566767160752203
U0019555,1,4.1214570524094025
U0019556,1,3.878740635826688
U0019557,1,4.647081624876602
U0019558,0,3.8977464046738284
U0019559,0,5.093354746198916
U0019560,0,2.5331513992109436
U0019561,1,2.287981808873912
U0019562,1,0.9587897055539649
U0019563,1,0.017929202316263826
U0019564,1,0.1136899361746142
U0019565,1,3.6766970486192783
U0019566,0,1.6404192086883356
U0019567,1,3.036590355075578
U0019568,0,5.475997976841118
U0019569,0,3.463577690959683
U0019570,1,4.681067788424556
U0019571,1,6.083107605311497
U0019572,0,2.3378302417847756
U0019573,1,2.5207321246571013
U0019574,0,3.1397902621176144
U0019575,0,3.1193719789490224
U0019576,1,1.4230642964258102
U0019577,0,6.106484354845303
U0019578,0,1.8677711058362299
U0019579,1,2.441180027113923
U0019580,1,2.7804045354542293
U0019581,0,2.522911323115544
U0019582,1,2.939951575698945
U0019583,1,1.6850562802640638
U0019584,0,-0.26982409492811854
U0019585,1,1.6271079160746655
U0019586,0,4.864008900920375
U0019587,0,-0.23654084084396487
U0019588,1,2.0086265440880204
U0019589,0,3.3145059540404134
U0019590,0,4.007141354240751
U0019591,0,2.2521567116075225
U0019592,0,0.6316368221261648
U0019593,1,-0.34380743635187727
U0019594,0,2.106521421986656
U0019595,0,3.086163644502683
U0019596,0,1.4199094426407335
U0019597,0,0.2770368174072182
U0019598,0,3.9720641333629114
U0019599,1,5.577635322767524
U0019600,1,3.1697627853001755
U0019601,1,4.81398404301993
U0019602,1,0.4830601539231658
U0019603,1,4.895388035453724
U0019604,1,1.8990395258616317
U0019605,0,5.0263901941352955
U0019606,0,4.56579228477743
U0019607,0,2.999653227446636
U0019608,1,-1.339235469877078
U0019609,0,0.690180060301536
U0019610,0,5.519977500550452
U0019611,1,3.495656590343888
U0019612,0,2.6258531838349377
U0019613,1,2.2439190099411768
U0019614,0,2.179849083292158
U0019615,1,2.0141624848914645
U0019616,0,3.534695903919844
U0019617,0,0.9321583695447195
U0019618,0,4.436112893231833
U0019619,0,1.381721544303577
U0019620,0,1.16563075611392
U0019621,1,2.386957218473146
U0019622,1,3.9663427493799173
U0019623,1,0.30111490660188167
U0019624,1,1.026548279207109
U0019625,1,3.74926829802245
U0019626,0,-0.07667501290767298
U0019627,1,3.203483227538392
U0019628,0,4.646505713164007
U0019629,0,2.2022914663398154
U0019630,1,5.51960025262871
U0019631,0,4.908154493232992
U0019632,0,3.1232347256822024
U0019633,0,3.6175266321823294
U0019634,0,4.720440807414619
U0019635,0,1.1766743097639694
U0019636,0,3.571312193998427
U0019637,0,-7.1253528456620145
U0019638,1,-1.072070720109382
U0019639,0,2.6301209416199036
U0019640,1,2.3374549630246193
U0019641,1,3.6304398269203446
U0019642,1,3.509508894826869
U0019643,0,5.6915217347848
U0019644,0,3.8359103864155983
U0019645,0,3.5373179685023626
U0019646,1,3.669480207048684
U0019647,1,2.2542836734063094
U0019648,1,2.260813292296305
U0019649,1,3.590787759402014
U0019650,1,3.3060516797534127
U0019651,0,3.119330533278177
U0019652,0,3.3460168912339654
U0019653,0,1.4454702531256238
U0019654,1,-1.141370081842748
U0019655,1,2.736425137916065
U0019656,1,1.4245022057174381
U0019657,1,2.3338469750858124
U0019658,0,4.0982810435227215
U0019659,1,4.441713871808545
U0019660,1,3.801689207786854
U0019661,1,0.2511208017607487
U0019662,0,3.4557878984301595
U0019663,1,1.23677812029808
U0019664,1,2.823602384686559
U0019665,0,2.144277485720469
U0019666,0,1.3117743492061766
U0019667,1,4.102199154590354
U0019668,0,0.2987628151785806
U0019669,0,4.562357520273075
U0019670,1,1.4008310170622273
U0019671,1,3.418279981386739
U0019672,0,0.46554473165278054
U0019673,1,10.009427246476214
U0019674,1,3.116569883881951
U0019675,0,1.1976221742830404
U0019676,0,3.9189712883081
U0019677,1,11.669484517493967
U0019678,1,5.5042850815936895
U0019679,0,3.61095873186043
U0019680,1,3.8857503701543905
U0019681,0,8.366910019748296
U0019682,0,3.6250330697705735
U0019683,1,1.4826355335836041
U0019684,0,7.100793174763496
U0019685,0,2.8512642162679143
U0019686,0,3.3335739238239626
U0019687,0,1.9117397720443954
U0019688,0,2.125732725030634
U0019689,1,2.3145112513301953
U0019690,0,3.057353148136361
U0019691,0,7.075998614504439
U0019692,1,5.286713637188882
U0019693,0,1.866206956632741
U0019694,0,1.3552612830135047
U0019695,0,2.8687288662069435
U0019696,0,2.8956312875372845
U0019697,1,1.8474442484517013
U0019698,1,3.8925034865784056
U0019699,0,6.135828880274474
U0019700,1,0.8726309657824096
U0019701,0,1.965031629239066
U0019702,1,2.234676779949943
U0019703,1,5.537756546135395
U0019704,1,1.54603451569929
U0019705,0,7.978355987608948
U0019706,1,5.196800730081087
U0019707,0,3.0155648039336427
U0019708,1,0.4769875683777425
U0019709,1,3.863044994933704
U0019710,0,0.6999372282580545
U0019711,0,5.555297059559248
U0019712,0,1.9622323943733129
U0019713,1,3.3174040624336527
U0019714,1,1.7363597988113053
U0019715,0,1.23724961640443
U0019716,1,6.284497066644491
U0019717,1,0.4153765944639929
U0019718,1,2.8054429178300104
U0019719,1,3.1862640418422963
U0019720,0,6.087168010452345
U0019721,0,2.6740497507461747
U0019722,1,1.3057624104059293
U0019723,1,4.0943143938315885
U0019724,1,5.90183730188838
U0019725,0,2.3519484942167175
U0019726,1,2.4785155996462045
U0019727,1,5.062028775005249
U0019728,1,0.6456570398729315
U0019729,1,1.6223603245274596
U0019730,1,-0.8777258075303855
U0019731,1,2.2995399985076546
U0019732,1,2.6022200041258863
U0019733,0,3.526735722553582
U0019734,0,2.1422133045079903
U0019735,1,3.2236214077481797
U0019736,1,4.866987736541878
U0019737,0,2.6900777521034023
U0019738,0,2.9193461687236457
U0019739,0,2.6690501636548163
U0019740,0,1.915928915160979
U0019741,1,2.835812092630917
U0019742,1,3.8170968403063323
U0019743,0,0.9530603743727326
U0019744,0,1.343558511555802
U0019745,1,4.222165770409866
U0019746,1,4.603424956678834
U0019747,0,3.099459392347992
U0019748,1,2.0566602557101135
U0019749,1,3.62978063828875
U0019750,0,2.5860372330913624
U0019751,1,3.3625704724801135
U0019752,0,3.6898561776921763
U0019753,0,1.034557115622544
U0019754,0,3.3937140153024608
U0019755,1,0.6801073943441729
U0019756,1,0.2444139155545102
U0019757,1,2.0269308636496106
U0019758,1,2.4628852829526515
U0019759,1,4.849515577667635
U0019760,1,3.551400856885774
U0019761,0,1.4445721599723385
U0019762,1,1.8954520183973713
U0019763,0,2.82218098579545
U0019764,1,1.5033668270191498
U0019765,0,4.620739493904022
U0019766,0,5.617408953913536
U0019767,1,4.187746040325376
U0019768,0,1.6249296621448401
U0019769,0,2.8649533199476913
U0019770,0,4.555746773153777
U0019771,1,2.8668869005193756
U0019772,0,-0.24789124073462787
U0019773,1,1.9119612372758965
U0019774,0,5.476823715487402
U0019775,1,3.7665967276875847
U0019776,1,-3.6404145101057637
U0019777,1,2.6988780121484233
U0019778,0,0.13035345468101056
U0019779,0,1.4195214590199683
U0019780,1,2.9631650114535333
U0019781,1,2.2214523368093015
U0019782,1,2.5951096263127322
U0019783,1,5.51960010198664
U0019784,0,2.312002728965382
U0019785,0,2.073006441008177
U0019786,1,4.229730924877163
U0019787,0,0.6751283376303903
U0019788,0,3.1530077076524208
U0019789,0,3.2121479745778956
U0019790,1,1.1983331262275296
U0019791,0,3.4619246987591517
U0019792,0,2.669948115263555
U0019793,1,2.9366974081230257
U0019794,0,2.463924950379173
U0019795,1,-2.022049614598167
U0019796,0,1.7421920977355505
U0019797,1,2.850906166892303
U0019798,0,2.421213395038798
U0019799,0,1.9425116652347594
U0019800,0,2.437647888998029
U0019801,1,4.025862502194286
U0019802,0,2.874539347186147
U0019803,0,1.8565548817009159
U0019804,0,1.6674972070329162
U0019805,0,2.8460482254455304
U0019806,1,3.124609811571201
U0019807,0,-1.7066950287797624
U0019808,1,2.3855713706481367
U0019809,0,1.9485114982404212
U0019810,0,-0.08090539109216799
U0019811,0,4.7749385842874865
U0019812,1,3.735916732002826
U0019813,0,3.1634752351836894
U0019814,1,2.0958046314760974
U0019815,0,2.0338333013960828
U0019816,0,-1.5452519080595284
U0019817,0,3.5429238503418823
U0019818,0,0.5571305951387444
U0019819,1,-1.755224054705593
U0019820,1,3.170762989812559
U0019821,0,1.4311988692542847
U0019822,0,1.3612950472625638
U0019823,0,1.3058336655089313
U0019824,0,1.5597480557586358
U0019825,0,0.1449769583773346
U0019826,0,3.8056048745390942
U0019827,1,1.310266036435305
U0019828,0,2.797026572660613
U0019829,1,0.5427266195673681
U0019830,0,1.4468443664530497
U0019831,0,1.2781794045253463
U0019832,0,3.3105170657584893
U0019833,1,1.7786229762151944
U0019834,1,4.2298079327243805
U0019835,0,3.730892053887594
U0019836,1,4.1020646554440265
U0019837,1,2.0019248925131237
U0019838,1,1.632816627192847
U0019839,1,1.9091653140536593
U0019840,0,2.263277570373301
U0019841,1,-0.6997906194771311
U0019842,0,0.9725787861236554
U0019843,0,2.959965141611182
U0019844,1,2.4005333268295512
U0019845,1,0.9050290562909602
U0019846,0,2.56281478510272
U0019847,1,3.050166491069426
U0019848,1,7.879757114266546
U0019849,1,3.4092558784411082
U0019850,0,-2.1148463136532243
U0019851,0,2.255080066613303
U0019852,1,2.3350061365763786
U0019853,0,2.543564324220508
U0019854,1,3.2138705486703536
U0019855,1,4.463383334689354
U0019856,0,3.628585190318322
U0019857,0,-1.4979290320916405
U0019858,1,2.826772860926223
U0019859,0,1.357542877258883
U0019860,1,5.71645974159426
U0019861,0,3.057079449211802
U0019862,1,3.050471326692694
U0019863,1,1.1634063185224655
U0019864,0,2.076061135345892
U0019865,1,8.812458370907093
U0019866,1,2.8550714093078877
U0019867,1,3.0785628630999593
U0019868,1,9.103892398511864
U0019869,1,1.453172122397607
U0019870,0,4.2471322381280565
U0019871,1,4.74235993920419
U0019872,1,3.0133582296511037
U0019873,1,2.4772179406955885
U0019874,0,1.4647191013518999
U0019875,1,2.0293398667321583
U0019876,0,1.9612709701698918
U0019877,1,1.8059362159316894
U0019878,1,0.4431570529430662
U0019879,0,3.7146772819926284
U0019880,1,6.670474430759052
U0019881,0,3.0882913182916276
U0019882,1,4.172429280170945
U0019883,1,1.3925280068437154
U0019884,0,3.883057947766849
U0019885,0,5.546610158571381
U0019886,0,3.7833045081678005
U0019887,1,0.13146529801785434
U0019888,1,2.6438872851843627
U0019889,0,1.7727389725966347
U0019890,0,3.140551683716666
U0019891,0,2.8989450897056077
U0019892,0,1.0627859213832629
U0019893,1,2.9793330349516793
U0019894,1,0.3226772416857173
U0019895,0,2.4575950616399886
U0019896,1,6.96849528337469
U0019897,0,4.254017828730737
U0019898,1,2.8105749485151676
U0019899,0,2.662873327505789
U0019900,0,0.8175594665766468
U0019901,0,2.722374161704483
U0019902,1,3.5023486622930218
U0019903,0,2.5071593667066097
U0019904,0,4.004060284369679
U0019905,1,3.362067847562935
U0019906,1,3.554237978984304
U0019907,1,3.9619832700468596
U0019908,0,7.451652398092868
U0019909,1,1.0299528053451361
U0019910,1,-0.9574531530551162
U0019911,0,2.4592641081456694
U0019912,1,3.4893698538431153
U0019913,0,1.7507933278681698
U0019914,0,2.7533847782914442
U0019915,0,1.4692768235629572
U0019916,1,3.23496236121251
U0019917,1,1.7220666725710778
U0019918,1,3.487521439121231
U0019919,1,-0.45733283808588965
U0019920,0,2.769386176495141
U0019921,1,2.115134066550361
U0019922,1,3.3922069596531905
U0019923,1,2.622360597848978
U0019924,0,-0.7597997986106719
U0019925,1,2.0490913643170536
U0019926,0,2.5608176601512227
U0019927,1,1.1308716082051475
U0019928,1,2.715127643182875
U0019929,0,3.581565646568958
U0019930,0,3.0801702432158766
U0019931,1,4.0248152027717445
U0019932,1,4.022608487265444
U0019933,0,1.405309659236913
U0019934,1,2.4536851782567908
U0019935,1,3.4406568135743605
U0019936,1,2.567060828510874
U0019937,0,3.451920124404694
U0019938,0,1.3866881253908794
U0019939,1,1.1264999504773368
U0019940,1,0.3049835204974123
U0019941,0,3.689430593533073
U0019942,0,6.8255263859680895
U0019943,1,3.4804897709083242
U0019944,0,1.1609124795948311
U0019945,0,2.60839611812861
U0019946,0,1.7151969375938876
U0019947,0,3.4008820087815472
U0019948,1,3.4388585531722207
U0019949,1,2.206358425707883
U0019950,0,2.920630123256439
U0019951,0,4.59730205400928
U0019952,1,4.482056617129658
U0019953,1,3.2828210242539235
U0019954,0,3.8062923455316984
U0019955,1,3.5257635348720875
U0019956,0,2.5950319971442006
U0019957,1,4.072631632727452
U0019958,1,3.0280990916469825
U0019959,0,3.3149347813653343
U0019960,0,2.132280673280416
U0019961,1,0.7132811184289984
U0019962,1,2.5582979843431417
U0019963,1,1.644177433145007
U0019964,0,4.370240721085096
U0019965,1,3.5117832532310693
U0019966,1,1.8960343307380576
U0019967,1,0.7586938776013916
U0019968,1,3.0193177964405393
U0019969,0,3.5405237036961097
U0019970,1,2.0528415075082176
U0019971,0,1.6289094401387239
U0019972,0,2.86037890097575
U0019973,1,2.1034468232992314
U0019974,1,1.9351497443399204
U0019975,0,2.7469598537937294
U0019976,1,1.9044774780309357
U0019977,0,0.9535226516982149
U0019978,1,3.2400176863408277
U0019979,0,1.1834287601931663
U0019980,1,3.422931602600894
U0019981,0,1.3506073625560564
U0019982,0,3.0843152662013775
U0019983,1,2.8863332964101325
U0019984,1,3.198235959798346
U0019985,1,-0.3105720352285175
U0019986,1,5.1322003734223856
U0019987,0,3.6936820125685372
U0019988,1,-0.38232307796833354
U0019989,0,1.93686850673312
U0019990,1,4.230970305401092
U0019991,0,7.457132207345307
U0019992,1,-0.6940343892381122
U0019993,0,-1.6454662258602006
U0019994,1,0.39861421449331047
U0019995,1,3.7564834784257393
U0019996,0,4.872556508257306
U0019997,1,2.625002791582208
U0019998,1,0.7012405568549411
U0019999,1,2.94209608432387
U0020000,1,0.9995398241844669
U0020001,1,3.45263569874518
U0020002,0,1.592631771068767
U0020003,0,-2.341618621128241
U0020004,1,3.3761886374375045
U0020005,1,6.581877324774204
U0020006,1,-1.0429260077837323
U0020007,1,1.8585322733556282
U0020008,0,2.1974225182650287
U0020009,0,3.0785398313052195
U0020010,0,3.646178450121095
U0020011,0,-2.304747131544513
U0020012,0,3.308185173614895
U0020013,1,1.1641284180750304
U0020014,0,0.9570562059020524
U0020015,1,3.4248614653145815
U0020016,0,9.455416376800212
U0020017,0,1.723386409564931
U0020018,0,4.910316596710862
U0020019,0,0.3965381782905517
U0020020,0,3.5524475566398195
U0020021,0,3.387864545697866
U0020022,1,2.582226334404094
U0020023,0,0.9167199474460368
U0020024,1,1.5045688702009414
U0020025,1,4.781882739074987
U0020026,1,1.827983929553767
U0020027,1,1.6852418608495885
U0020028,0,3.1667519620224844
U0020029,1,2.392965779473599
U0020030,0,2.682610816519329
U0020031,1,1.3266140160438802
U0020032,1,0.11764439575332375
U0020033,0,2.1534715838463914
U0020034,1,2.348895186381313
U0020035,1,2.515903592337672
U0020036,1,2.3460197441745727
U0020037,0,5.962001973841776
U0020038,0,6.670146809520643
U0020039,1,2.70426988537087
U0020040,0,2.1159340332408583
U0020041,0,2.6908849608087237
U0020042,1,6.433896413025023
U0020043,0,2.0665212417805705
U0020044,1,1.4454244901267543
U0020045,0,3.3248673014313166
U0020046,0,2.5583638640346926
U0020047,0,4.286851574630681
U0020048,0,2.1736674260798736
U0020049,0,2.494909232804833
U0020050,1,5.08149156491735
U0020051,1,2.2776668889550375
U0020052,1,3.0266463321864805
U0020053,0,2.324775387382191
U0020054,1,3.267502471208225
U0020055,1,2.978661660278881
U0020056,0,3.7565512147180584
U0020057,0,4.503611529550557
U0020058,0,1.7995187266523516
U0020059,0,3.669581810088969
U0020060,1,3.3046780031422216
U0020061,1,4.1894680983562775
U0020062,1,3.4269825916647605
U0020063,1,3.652130448910409
U0020064,1,0.7609695020605844
U0020065,0,2.1455669027424094
U0020066,0,1.2192586185420051
U0020067,0,4.156958632217293
U0020068,0,2.818469014289864
U0020069,0,7.89876515585904
U0020070,1,3.39960957423326
U0020071,0,0.5383715368551449
U0020072,1,3.2771862905013105
U0020073,0,-1.874055630190572
U0020074,0,0.9789819067745889
U0020075,1,3.0164134466833943
U0020076,1,1.354068140512581
U0020077,0,5.459907884738129
U0020078,0,2.363970146975909
U0020079,0,-1.2041873003077317
U0020080,0,2.072322351849703
U0020081,0,2.6241177266051956
U0020082,0,0.8654142448026558
U0020083,1,2.9417489481964783
U0020084,0,3.310203832563266
U0020085,0,2.876831790935867
U0020086,1,6.706695657394178
U0020087,1,3.4639087739262457
U0020088,0,-1.7864002524102354
U0020089,0,2.235182016579648
U0020090,0,0.2803648614517993
U0020091,1,3.2273011654981545
U0020092,1,2.296586238385217
U0020093,0,3.279113247871736
U0020094,0,-1.692453369121175
U0020095,1,2.111980216340097
U0020096,1,2.3465080033714134
U0020097,1,3.0761701775078247
U0020098,0,2.8403875663808122
U0020099,1,0.06440693238620909
U0020100,0,1.3287994122039954
U0020101,0,5.47078479225188
U0020102,1,1.9097558369389844
U0020103,0,3.5464464308274977
U0020104,1,4.36935522647563
U0020105,1,3.326375659293957
U0020106,0,2.812083658978663
U0020107,1,1.421508011846207
U0020108,1,-0.23574685498991954
U0020109,0,5.3839112141634455
U0020110,1,4.024222623760313
U0020111,0,1.898226099319844
U0020112,1,4.17586668628938
U0020113,1,1.5613305721870852
U0020114,1,2.6939251404030884
U0020115,1,3.635166280940357
U0020116,0,2.3810847614843453
U0020117,1,2.7689581817485873
U0020118,0,1.2374359199426372
U0020119,1,-0.38371945149977904
U0020120,0,5.141116171903388
U0020121,0,3.82169480967492
U0020122,1,3.0641893717761945
U0020123,1,0.7352184066877641
U0020124,0,0.23903546034828693
U0020125,0,5.619628359681375
U0020126,0,2.6261804583048995
U0020127,0,2.0821266203826383
U0020128,1,3.9737954121241685
U0020129,0,3.0105359177545665
U0020130,0,3.96457746992842
U0020131,1,4.6693582263068265
U0020132,0,4.000776488268759
U0020133,0,2.3806384077306895
U0020134,1,4.1526791073331495
U0020135,1,3.3273538231066375
U0020136,1,3.2824075644329502
U0020137,1,3.427072242188915
U0020138,0,1.3559023732015767
U0020139,1,1.4970601910052412
U0020140,1,3.7890873219976076
U0020141,0,5.130630970174039
U0020142,1,2.647394591984771
U0020143,0,4.138552692077411
U0020144,1,1.3350624904803148
U0020145,1,4.8147650241920275
U0020146,1,3.8988265221455585
U0020147,1,2.129296112029108
U0020148,0,1.7394569224223062
U0020149,0,0.9307753150225953
U0020150,1,2.7604343907486903
U0020151,0,2.9497835704138335
U0020152,1,1.4827199560449333
U0020153,0,2.285099204468624
U0020154,1,1.073153856207469
U0020155,0,3.015925144162928
U0020156,1,3.5962860805468075
U0020157,0,4.157117275745486
U0020158,1,3.394897017523032
U0020159,1,3.045722998741434
U0020160,1,2.2212334758625367
U0020161,1,-1.0808023572418541
U0020162,1,2.5025483492941234
U0020163,1,3.5447966524520034
U0020164,0,4.924995892766441
U0020165,1,1.824054555478643
U0020166,1,6.474242232049889
U0020167,0,1.5320383349424596
U0020168,0,2.7373440694113285
U0020169,0,1.3810643370040836
U0020170,1,0.3810712051135976
U0020171,1,4.932116961727306
U0020172,0,2.6619492656852444
U0020173,0,2.7706918551102753
U0020174,0,3.236058175715087
U0020175,1,4.0225650354295155
U0020176,0,4.443779446723283
U0020177,0,3.00479555660716
U0020178,1,2.579932266346244
U0020179,0,0.7458807502225113
U0020180,0,-0.042902573093531515
U0020181,1,0.32004345485636776
U0020182,0,0.35859452877744147
U0020183,1,2.6075788132961577
U0020184,1,2.0247772114775096
U0020185,1,3.670404645161657
U0020186,1,3.120491436572749
U0020187,1,-0.1501074671686773
U0020188,0,2.1455998538301024
U0020189,0,3.132499235048485
U0020190,0,1.04627899521018
U0020191,1,3.9604089032483927
U0020192,1,2.174292854826799
U0020193,1,2.5254192503446173
U0020194,1,3.35717330285774
U0020195,1,1.8017025078337063
U0020196,1,2.7614321242164905
U0020197,0,6.439843404888261
U0020198,0,3.838013865261738
U0020199,1,4.251285209246294
U0020200,1,1.6525307798253657
U0020201,1,4.106084069413937
U0020202,1,2.627540415381265
U0020203,1,4.32708134879457
U0020204,0,4.0411786950035875
U0020205,0,-0.07234739842305515
U0020206,0,3.4057698255314435
U0020207,0,1.9087478338665562
U0020208,0,1.4475349017911938
U0020209,1,2.920331530395167
U0020210,1,2.6085326677858482
U0020211,0,1.1040517623606156
U0020212,1,4.696185361313439
U0020213,1,4.4675709389458405
U0020214,1,1.6298148473298681
U0020215,1,1.0581726587572184
U0020216,1,5.77999583348134
U0020217,1,4.3619306571723655
U0020218,1,2.181943425672099
U0020219,0,-0.3243133978926558
U0020220,0,4.86646227244287
U0020221,1,3.2761901464431453
U0020222,0,2.9012814969444207
U0020223,0,2.7824591835056722
U0020224,0,1.713909474429773
U0020225,0,1.754062497624231
U0020226,0,-2.966544324375846
U0020227,1,12.316627552559805
U0020228,0,2.543544073782101
U0020229,1,2.6853082002321855
U0020230,1,4.643134044751356
U0020231,1,3.664515906494543
U0020232,0,3.288099171936775
U0020233,1,1.2597455783977338
U0020234,1,4.228814417676389
U0020235,0,2.8012874756963626
U0020236,0,-0.20448922354028554
U0020237,1,3.0943882765137865
U0020238,1,1.8927171059119452
U0020239,0,3.425805327489936
U0020240,1,3.30518448370702
U0020241,0,2.7167895912209836
U0020242,0,2.4271909301482957
U0020243,1,5.123827835512298
U0020244,0,3.0976911369859508
U0020245,1,3.169861026482252
U0020246,0,8.44578375849016
U0020247,1,2.7901670945960504
U0020248,0,2.1546486592849803
U0020249,1,3.3645357115129872
U0020250,0,6.022649878930478
U0020251,0,2.685500938724445
U0020252,0,3.363537547710717
U0020253,0,3.785630269029017
U0020254,1,-0.6883877172889363
U0020255,1,3.0984500984227132
U0020256,1,2.406716147210254
U0020257,0,2.7274085189824255
U0020258,1,2.160318371170561
U0020259,1,1.2512660075355058
U0020260,0,2.8304875144982624
U0020261,1,2.3572322214250434
U0020262,1,1.132082349629286
U0020263,1,0.9016159002153472
U0020264,1,4.455105805328358
U0020265,0,1.2681905999482304
U0020266,0,1.0740644182155101
U0020267,0,2.654474880679434
U0020268,1,1.4415511623464994
U0020269,1,-0.9759988980100758
U0020270,0,2.3906291143618237
U0020271,1,3.055741067960845
U0020272,0,1.7673008024931214
U0020273,1,-4.111244360523513
U0020274,0,0.8668712594237711
U0020275,0,6.18106866259434
U0020276,0,1.3232223118378847
U0020277,1,3.317794638127804
U0020278,1,2.8591920710123606
U0020279,1,0.34595726113937175
U0020280,1,3.3649671728986394
U0020281,1,1.7456691879064365
U0020282,0,3.4161925520349214
U0020283,1,0.8402654834735905
U0020284,1,2.150361220862539
U0020285,0,-0.054176622047869216
U0020286,0,1.779782076196696
U0020287,0,4.368652430143037
U0020288,0,4.976241693328053
U0020289,1,4.707866031698426
U0020290,0,3.454590279286222
U0020291,1,0.26819659691370923
U0020292,1,1.601798056270642
U0020293,1,-0.38663348628729466
U0020294,1,3.962092461691297
U0020295,1,2.9422728096297774
U0020296,1,3.193376733939594
U0020297,0,1.2994642087791224
U0020298,0,2.786553204778965
U0020299,1,1.125884575974176
U0020300,1,0.8076225067888672
U0020301,0,3.2771847585215426
U0020302,1,0.6600425449791878
U0020303,1,0.9261574608816758
U0020304,1,6.493941255541589
U0020305,1,2.541270774501175
U0020306,0,1.038786481983509
U0020307,1,2.716818593318365
U0020308,1,-0.6979020184598923
U0020309,0,0.891646412584393
U0020310,1,2.86832279941388
U0020311,0,3.8783665089073676
U0020312,1,3.4789841856887556
U0020313,0,2.5078274705012404
U0020314,1,2.3543774009203027
U0020315,1,1.9195841637167703
U0020316,0,2.9675046945306356
U0020317,0,5.41110683865195
U0020318,0,5.7992090580357125
U0020319,1,1.656770122420184
U0020320,0,1.818305515691499
U0020321,0,0.2009405846047443
U0020322,1,3.2016825869741687
U0020323,1,2.550674982803013
U0020324,1,0.5340556310939988
U0020325,0,0.8745061096486033
U0020326,0,3.5681553552458816
U0020327,0,1.3201023757948676
U0020328,1,4.037359545312082
U0020329,1,5.590287162439882
U0020330,1,3.931364684579533
U0020331,1,3.280422508768865
U0020332,0,2.534457263036632
U0020333,0,3.2929240675046714
U0020334,1,4.619899272013566
U0020335,0,5.699122782107544
U0020336,1,2.344855191501651
U0020337,1,3.808157384849098
U0020338,0,2.740613134365571
U0020339,1,1.6087616511883773
U0020340,0,1.7822070554667775
U0020341,1,4.709748708274272
U0020342,1,1.7960023420385411
U0020343,0,2.601087068789459
U0020344,1,2.3249279046712807
U0020345,1,0.21962974074818398
U0020346,0,1.3006023224537593
U0020347,0,1.061448667265811
U0020348,1,0.4215431487775554
U0020349,0,1.8081163340386865
U0020350,0,3.7903639809197784
U0020351,1,1.2421877972141147
U0020352,0,5.215763628458692
U0020353,0,1.7932984402500196
U0020354,1,1.5480915586145372
U0020355,0,1.3704880318242623
U0020356,0,2.567386282820987
U0020357,1,4.142625998725649
U0020358,0,2.359260262579955
U0020359,1,-0.5219428720007571
U0020360,0,2.4138922725614833
U0020361,1,2.3010279252886185
U0020362,0,3.3690602076188583
U0020363,1,0.953468679038469
U0020364,0,2.4617381390036535
U0020365,0,-1.0969861781787333
U0020366,0,0.06122732708892187
U0020367,0,5.07730136022443
U0020368,1,2.7427524788010835
U0020369,1,2.2497839559311004
U0020370,1,2.5757616929791958
U0020371,0,1.191424642674912
U0020372,0,3.7909478143605426
U0020373,0,2.414157471151862
U0020374,0,2.760607292740099
U0020375,0,1.8879078898417117
U0020376,1,4.493139430867863
U0020377,0,4.835745757027045
U0020378,1,2.2196365749558
U0020379,1,3.1493298141379107
U0020380,0,3.0251396647469964
U0020381,1,4.180245869818112
U0020382,0,2.0138643647406074
U0020383,1,1.2597754149714007
U0020384,1,2.0284344893698183
U0020385,1,2.5422766044649414
U0020386,1,2.6326976368866397
U0020387,1,3.6887064114212347
U0020388,1,4.06908324224136
U0020389,1,4.196554734257074
U0020390,0,8.315455069105518
U0020391,1,2.4993432374877926
U0020392,1,3.820170251533618
U0020393,0,-0.28003786865278
U0020394,1,3.1638041588290235
U0020395,1,2.9220271172409316
U0020396,0,0.6288133880643656
U0020397,1,3.6984639452265604
U0020398,1,3.7575988938278897
U0020399,1,2.6888795842118363
U0020400,1,0.19853381767088862
U0020401,0,1.946048341548309
U0020402,1,1.1407269810918876
U0020403,1,0.29669306321477507
U0020404,0,0.9231041480482425
U0020405,0,1.823842834187138
U0020406,1,2.154403392656036
U0020407,1,3.483608361509795
U0020408,1,2.3617338264169483
U0020409,1,5.525465183133072
U0020410,1,2.5041083813595364
U0020411,1,1.9556849166613688
U0020412,0,-0.6575399582021859
U0020413,0,1.1096449298788524
U0020414,1,3.102728436883254
U0020415,1,0.4859763228894458
U0020416,0,3.013063319221134
U0020417,1,-0.4562496587577449
U0020418,0,4.235904603650944
U0020419,0,0.90072104239837
U0020420,1,3.3140156882596354
U0020421,1,3.290889571189595
U0020422,0,2.072424631687287
U0020423,0,2.392175646973204
U0020424,0,1.3607929353916965
U0020425,0,4.659075040312256
U0020426,1,3.860651046288247
U0020427,1,1.9121504431276382
U0020428,1,3.142825441639477
U0020429,0,7.0837460572547
U0020430,1,2.3068026249900733
U0020431,0,1.4710236528631704
U0020432,0,1.2586945076034386
U0020433,0,-1.5841763728418208
U0020434,1,1.0360035328115451
U0020435,0,1.9315937315543312
U0020436,0,2.9572197925134702
U0020437,0,1.614743310051221
U0020438,1,4.671611066710753
U0020439,1,3.155425889196895
U0020440,0,2.5900923684324724
U0020441,0,-0.7565984164612942
U0020442,1,3.469176378536652
U0020443,0,4.0093398470423836
U0020444,0,2.9945028409406724
U0020445,1,0.45382441878143
U0020446,0,4.950569620899303
U0020447,1,1.9479917022835096
U0020448,1,0.2608897471470719
U0020449,0,4.055150384140685
U0020450,1,2.1355996421009316
U0020451,0,4.421907334243572
U0020452,0,2.456923696800832
U0020453,1,3.451493603607526
U0020454,1,3.835594602213636
U0020455,0,4.898856993175617
U0020456,1,3.181992349817506
U0020457,0,2.2781650184114604
U0020458,1,6.455842747940544
U0020459,0,3.3819874622927966
U0020460,1,-1.5057019411453556
U0020461,1,2.3843068384917387
U0020462,0,3.239691990746742
U0020463,0,1.8111006696954988
U0020464,1,5.3305109199189395
U0020465,1,2.97081779215074
U0020466,1,3.803275709796413
U0020467,1,1.4047084746126046
U0020468,1,2.1550488632649234
U0020469,1,3.4367013779650044
U0020470,0,2.599308580045534
U0020471,1,2.0583494116335643
U0020472,1,2.1483116104917315
U0020473,0,5.418991394532032
U0020474,1,-0.2299373216652505
U0020475,1,4.140504036387998
U0020476,0,4.953676244020045
U0020477,1,1.0806064151074324
U0020478,0,0.11903446079534774
U0020479,0,1.657656970569846
U0020480,1,2.242825549804623
U0020481,1,4.399588238721581
U0020482,1,3.600882256981393
U0020483,0,7.384400171616889
U0020484,1,3.545903042159132
U0020485,0,2.78200985865713
U0020486,1,2.607171424551753
U0020487,0,2.2529743551550183
U0020488,1,1.512738753652048
U0020489,0,3.523421121498396
U0020490,1,4.7724465333775825
U0020491,1,0.8830550019862429
U0020492,1,2.3772828054041533
U0020493,1,2.77570306002716
U0020494,0,2.2978017714122725
U0020495,1,4.672722723636712
U0020496,1,2.284738868670626
U0020497,0,3.961570116533153
U0020498,1,0.38201908551766905
U0020499,1,2.6110698818176274
U0020500,1,2.7627815896107677
U0020501,0,4.341014629759108
U0020502,1,2.7160595236309977
U0020503,0,3.609333957013522
U0020504,0,1.104235205079501
U0020505,1,2.063804292719837
U0020506,1,0.5317745702142016
U0020507,1,1.7017334398913242
U0020508,1,3.0464536766368404
U0020509,1,0.08788288384328524
U0020510,1,1.589146400622191
U0020511,1,-0.9949334042126523
U0020512,1,1.5142062258920355
U0020513,1,6.475572397863154
U0020514,0,3.547304623575368
U0020515,1,3.878048139481688
U0020516,0,3.5245779409859885
U0020517,0,6.280369324669518
U0020518,1,1.5091092650694833
U0020519,0,0.98509131978523
U0020520,1,4.9528336698210005
U0020521,1,3.2787093378338064
U0020522,1,3.984675782306873
U0020523,1,3.343053802006999
U0020524,1,4.116596065361884
U0020525,0,3.5972493407935673
U0020526,0,3.4161136732471444
U0020527,0,1.1786286783797806
U0020528,0,1.270506325855564
U0020529,1,1.0401375362496204
U0020530,1,2.675452282196071
U0020531,0,5.259336773723938
U0020532,1,1.9673948659897817
U0020533,0,1.2925949617430241
U0020534,0,2.879721462768714
U0020535,0,2.4621838641470575
U0020536,0,2.480470448765125
U0020537,0,3.371219640105826
U0020538,0,3.449163955167986
U0020539,0,4.728567605217844
U0020540,1,5.044384298502699
U0020541,1,2.5882901050146216
U0020542,1,5.071463693950349
U0020543,0,1.6089862112923328
U0020544,1,2.424569875245327
U0020545,1,2.7139743218072674
U0020546,0,4.384071332599998
U0020547,0,1.8157609404740782
U0020548,1,2.5790188875113174
U0020549,1,2.396136200467488
U0020550,0,1.9305133608038698
U0020551,0,2.6498856415145546
U0020552,1,4.026005870601386
U0020553,1,3.364346298096388
U0020554,1,4.512295078604595
U0020555,0,3.4888443520904815
U0020556,0,1.6878451123397387
U0020557,1,2.8024058427127656
U0020558,0,0.5376831079679327
U0020559,0,4.041382286061962
U0020560,0,2.6528154962482997
U0020561,1,0.25676759223549084
U0020562,0,1.1303482610002824
U0020563,1,2.228549057053433
U0020564,1,0.441133895222535
U0020565,1,2.5696819188613205
U0020566,0,2.1313722143596614
U0020567,1,2.155300914333683
U0020568,1,3.9073510966331533
U0020569,0,2.925341319518802
U0020570,0,2.7468338505103276
U0020571,1,3.9737878217191103
U0020572,1,0.9176416484298535
U0020573,1,4.802995065891842
U0020574,1,3.2711264174817885
U0020575,0,2.859919482118805
U0020576,0,0.8272593982817682
U0020577,0,2.020506175605389
U0020578,1,-0.22602029491130082
U0020579,0,1.9271341017040449
U0020580,1,3.422361981310832
U0020581,1,3.1519307209907907
U0020582,1,7.660665676694048
U0020583,0,3.604375801820069
U0020584,0,4.026647206036596
U0020585,0,2.5737786738919723
U0020586,0,5.024625761961884
U0020587,0,1.2566716690663995
U0020588,1,2.1344075592773564
U0020589,0,3.660569260260978
U0020590,0,4.845803882275071
U0020591,0,4.569384527025477
U0020592,0,2.77823157052692
U0020593,1,1.9968053521865823
U0020594,0,1.2060191892817969
U0020595,1,0.453980403445879
U0020596,1,2.17771220645702
U0020597,1,2.462060093483995
U0020598,1,1.4791488326566729
U0020599,0,2.0702887273938444
U0020600,1,1.8487993269955378
U0020601,1,1.3204169859760988
U0020602,0,6.830944837990433
U0020603,0,3.779995165366005
U0020604,1,2.308528575183125
U0020605,0,2.314621411205316
U0020606,0,1.6125345670908011
U0020607,0,-0.013367769127555107
U0020608,0,1.0434538314277937
U0020609,0,4.1936133344623805
U0020610,1,4.161886074934987
U0020611,1,-0.11422045661364777
U0020612,0,-0.2524749625485896
U0020613,1,1.543275192843856
U0020614,1,5.334901108476625
U0020615,0,2.4727750976198877
U0020616,1,-0.911803836258958
U0020617,0,0.8624976314021477
U0020618,0,3.420366168549524
U0020619,1,2.9048671642995316
U0020620,0,3.33685447597483
U0020621,1,2.7082564636459363
U0020622,1,3.7912343163091755
U0020623,0,0.47018065005617515
U0020624,1,2.1775928782685448
U0020625,0,2.382089838640809
U0020626,0,1.479589920209449
U0020627,1,2.2987916542624944
U0020628,1,3.994249473747394
U0020629,1,2.9075171201113132
U0020630,1,2.1078484137405695
U0020631,1,4.0493077646765485
U0020632,1,2.862671995784247
U0020633,0,4.227756367824295
U0020634,0,2.8827578691488682
U0020635,1,1.4828387261379383
U0020636,0,3.7877267246595956
U0020637,1,3.2632991197494725
U0020638,1,2.6278197424444603
U0020639,1,3.0997835960635634
U0020640,1,4.134406223566792
U0020641,1,2.3155794566673755
U0020642,1,2.6389172227166107
U0020643,1,1.8067312147323271
U0020644,0,2.7784431472561018
U0020645,0,2.3247819384097568
U0020646,0,3.1515823920482156
U0020647,0,0.7667934522082938
U0020648,0,2.990682898253972
U0020649,1,1.9660277443846645
U0020650,1,3.8479579500367223
U0020651,1,2.759647711261934
U0020652,0,-0.21580780075024464
U0020653,0,2.8210888654756268
U0020654,1,2.296521574737694
U0020655,1,2.5572763944675074
U0020656,0,2.8530664908893737
U0020657,0,1.179388450642243
U0020658,1,2.66230582050202
U0020659,0,4.081626655242356
U0020660,1,2.5412367118690007
U0020661,1,4.186776244696043
U0020662,1,3.607068107638616
U0020663,1,5.169752151531952
U0020664,0,4.217113516568062
U0020665,0,2.030652810383426
U0020666,1,1.6546958255626016
U0020667,1,2.8531026212140365
U0020668,1,3.819053952909595
U0020669,1,1.7138926090954207
U0020670,1,4.002912816160194
U0020671,0,2.8740757665391
U0020672,1,3.8239260316480816
U0020673,1,0.8211043220010907
U0020674,1,3.8009607646107284
U0020675,1,0.013280998967111657
U0020676,1,2.0121465769234455
U0020677,0,3.5558813161451646
U0020678,1,2.940264231735849
U0020679,1,2.9532409465829375
U0020680,1,2.981299019004183
U0020681,0,2.6646037110715337
U0020682,1,1.7741084340052815
U0020683,1,2.5041230045210643
U0020684,1,2.480892058264608
U0020685,0,4.065104998269536
U0020686,0,3.7853982113816276
U0020687,1,4.014992978107415
U0020688,0,2.0609265540813624
U0020689,0,1.2992256539815443
U0020690,1,0.33796330359383475
U0020691,1,1.0837647344453227
U0020692,0,1.620379237874669
U0020693,1,2.5887360451506822
U0020694,1,3.8084765711905
U0020695,0,3.5779692016568347
U0020696,1,-0.10028798298368713
U0020697,1,4.388050120229092
U0020698,0,3.575833019514839
U0020699,1,2.933763940707994
U0020700,0,4.010707384293502
U0020701,1,3.4900604501780634
U0020702,1,4.758593425637706
U0020703,1,1.8401844241004248
U0020704,0,2.362095145673031
U0020705,0,4.55893331315319
U0020706,1,1.595100393037102
U0020707,1,2.6115954742153633
U0020708,0,2.807752661881395
U0020709,1,1.0094994556281236
U0020710,1,3.865581877144642
U0020711,1,4.378583892836701
U0020712,0,-2.8495499689369588
U0020713,0,0.8455190275778541
U0020714,0,1.9470737427552223
U0020715,1,2.2202591593281475
U0020716,0,3.4856366898375057
U0020717,0,3.541111764259064
U0020718,1,2.458232075015374
U0020719,0,3.549145306888514
U0020720,1,9.384086091387097
U0020721,0,5.509509129348055
U0020722,0,2.432044721100464
U0020723,0,-2.278111511003239
U0020724,1,3.5323872504780685
U0020725,0,-0.47783528837407374
U0020726,0,2.859202477808399
U0020727,1,4.689041602432981
U0020728,1,3.7595622938453026
U0020729,1,1.9477580461184552
U0020730,1,2.3440211757111875
U0020731,1,1.5374031990567758
U0020732,1,3.1145477284611456
U0020733,0,1.2735450083567486
U0020734,1,0.3371964329187733
U0020735,1,4.520289847555059
U0020736,1,4.526298623640052
U0020737,0,3.700786356872566
U0020738,0,3.32509088142006
U0020739,1,4.4758989313666575
U0020740,0,1.6864579505127786
U0020741,1,2.5632366545787164
U0020742,0,2.334882323152815
U0020743,0,5.248571170882366
U0020744,0,3.1020228654961954
U0020745,0,4.290128738597296
U0020746,1,2.6741642287318346
U0020747,1,1.6683298325659326
U0020748,0,2.8551084877837223
U0020749,0,2.39583700227713
U0020750,0,3.1967050932873384
U0020751,0,3.8096988265200213
U0020752,0,2.518589920925425
U0020753,1,1.3360057165488861
U0020754,0,-0.22046427774429134
U0020755,1,0.5324869332991202
U0020756,0,3.6923814674783255
U0020757,0,2.928431541562139
U0020758,0,2.1787677348840955
U0020759,0,2.6642558302525856
U0020760,1,2.8137204312705926
U0020761,0,3.8717259379646336
U0020762,0,5.943969528750181
U0020763,0,3.208623173514031
U0020764,0,2.6347956866043845
U0020765,0,-1.3255513168578652
U0020766,1,1.255975260693866
U0020767,0,2.595991678536194
U0020768,0,5.583874115943636
U0020769,1,2.076009059401443
U0020770,0,3.9160466565982013
U0020771,0,3.3783486182470988
U0020772,1,0.9673963118552891
U0020773,1,2.714644268555679
U0020774,1,1.755481021427105
U0020775,0,3.6676496854962153
U0020776,1,2.22807554893523
U0020777,1,2.4663086364570788
U0020778,1,4.726288450155689
U0020779,1,4.640466235476595
U0020780,0,4.491749447370829
U0020781,1,3.272347535508633
U0020782,1,2.0550376219445177
U0020783,1,2.3472443921633186
U0020784,0,3.3587388080996945
U0020785,0,1.2680263876880797
U0020786,1,2.561024670758993
U0020787,0,2.414887788347553
U0020788,0,-0.595199656551678
U0020789,0,1.3836277084365278
U0020790,0,2.316235883267737
U0020791,0,1.905734308305906
U0020792,1,-1.6801941053780567
U0020793,0,1.731230693199386
U0020794,0,3.8505760608124397
U0020795,0,3.5981313597508056
U0020796,1,1.344967999171514
U0020797,0,-1.4794096407543194
U0020798,0,6.18194073377737
U0020799,1,0.4662370041792272
U0020800,1,3.4805227817159228
U0020801,1,2.3791292143211216
U0020802,0,2.6607332503514414
U0020803,0,5.166214465507215
U0020804,1,0.7071090694843676
U0020805,0,0.7473742845663907
U0020806,1,1.3512586175330412
U0020807,1,4.438302219439326
U0020808,1,1.3411433376783695
U0020809,0,1.1445386169985845
U0020810,0,1.639772318058565
U0020811,0,-1.1200324307126124
U0020812,0,4.3934321290454434
U0020813,0,3.2627730515597246
U0020814,0,2.6823940030341387
U0020815,0,2.355216706607653
U0020816,1,1.485542972510899
U0020817,1,3.1841542940074916
U0020818,0,-0.7923178964293989
U0020819,0,0.8239014996239824
U0020820,0,3.732191126473527
U0020821,1,3.4840441528093287
U0020822,0,3.0961561776282522
U0020823,1,1.1285450299108923
U0020824,0,1.6777916718652968
U0020825,0,2.3173370732367893
U0020826,1,2.554173106988941
U0020827,1,1.9335730747020499
U0020828,0,2.020159316383431
U0020829,1,2.6166411129067555
U0020830,1,8.498503362407149
U0020831,1,3.724745445209045
U0020832,0,2.2738651302479553
U0020833,1,7.372814161689661
U0020834,1,1.9647243159515604
U0020835,0,-0.4856306482552597
U0020836,0,5.992324267955645
U0020837,1,3.184071829038693
U0020838,1,2.1967577262256235
U0020839,0,2.9003236372279986
U0020840,0,2.3181294672073296
U0020841,1,4.136548576412821
U0020842,1,2.1116330497416627
U0020843,1,2.8829497185343698
U0020844,0,2.1834679061677384
U0020845,0,4.341944211990295
U0020846,1,2.553865882632003
U0020847,1,4.335718959264023
U0020848,0,3.189192634936381
U0020849,1,1.3302726206777216
U0020850,1,-3.944093622976059
U0020851,0,5.363593171201252
U0020852,1,3.386552733717952
U0020853,1,1.785542361554942
U0020854,1,-1.2150905891557962
U0020855,0,2.813721650482819
U0020856,0,1.0823736245508364
U0020857,1,3.695266746540181
U0020858,1,2.5726239664833486
U0020859,1,2.207190733512519
U0020860,1,5.68446277466105
U0020861,1,2.45324089007255
U0020862,1,2.476867186995328
U0020863,1,1.5636850116445977
U0020864,1,0.924554843295617
U0020865,0,7.276158510227333
U0020866,1,0.18591321988930787
U0020867,0,2.2039587089743087
U0020868,0,2.6887791591565353
U0020869,0,3.8110826893369527
U0020870,0,2.9412141147446516
U0020871,1,6.734493121590024
U0020872,1,2.3077215586478417
U0020873,1,2.9491564394561642
U0020874,1,2.459624482587042
U0020875,1,-0.8221152678704442
U0020876,0,5.801072911616451
U0020877,0,1.612532948063743
U0020878,0,0.432059055871882
U0020879,0,1.292907362031709
U0020880,0,2.912897871829994
U0020881,0,2.277615774189865
U0020882,1,4.180410927631208
U0020883,0,2.442993676545605
U0020884,1,1.509525245805893
U0020885,0,1.668408570535874
U0020886,1,2.5163292692121058
U0020887,1,3.398694466105452
U0020888,0,4.676038960850692
U0020889,0,4.039295925704451
U0020890,1,1.0592768082126192
U0020891,0,2.646153649546786
U0020892,0,3.503704768322347
U0020893,1,2.3655119552575172
U0020894,0,2.4106379465404864
U0020895,1,3.229871476730331
U0020896,1,3.4180059533533225
U0020897,0,1.172527439297081
U0020898,0,1.159225914336531
U0020899,0,3.430740910361017
U0020900,0,1.3805677697921652
U0020901,1,0.8018518106337957
U0020902,0,-0.24596162453074655
U0020903,0,2.308565120193867
U0020904,0,-1.3259005179966366
U0020905,0,4.14673308784565
U0020906,0,1.1613903720352923
U0020907,0,3.7013921943366874
U0020908,0,1.8846540774531526
U0020909,1,3.0918450513489617
U0020910,1,1.8123661792216552
U0020911,1,1.8167484068439244
U0020912,1,2.6596433793204817
U0020913,0,4.223340970752123
U0020914,0,2.977669760532544
U0020915,0,3.2866588954498077
U0020916,0,3.4858519968412267
U0020917,0,-0.29220644380459504
U0020918,0,2.056640342959401
U0020919,0,4.505274391103033
U0020920,1,-0.5112152436902804
U0020921,1,-2.553538814754205
U0020922,1,0.5678115568313977
U0020923,1,-0.5485305938455269
U0020924,1,4.613033168018607
U0020925,1,1.7676227749327857
U0020926,1,0.40338569409629343
U0020927,1,2.009390590238443
U0020928,1,2.8445797370486527
U0020929,1,1.893749407116422
U0020930,0,1.6703627145672115
U0020931,0,1.3935250649459139
U0020932,1,3.0722837127931015
U0020933,1,2.859255797561673
U0020934,1,2.7768014640192273
U0020935,0,2.0739391090737804
U0020936,0,2.516776695017562
U0020937,0,2.666713851141278
U0020938,1,2.097232105438053
U0020939,0,4.0422134035800354
U0020940,0,4.083683931505407
U0020941,1,3.0093025106510964
U0020942,0,4.971475754367976
U0020943,0,4.335792662409155
U0020944,0,2.3518989440507596
U0020945,0,1.0793654681454825
U0020946,0,1.7504917910407656
U0020947,0,2.3699908380494605
U0020948,0,5.172228258899409
U0020949,1,7.51710619076305
U0020950,0,1.1967676677227566
U0020951,0,3.657953404298759
U0020952,1,1.540200698296717
U0020953,1,0.7418363797346075
U0020954,0,2.906247788805821
U0020955,1,-1.510883417982516
U0020956,1,1.462791476262785
U0020957,0,-0.2032136910250273
U0020958,0,7.303995716089389
U0020959,1,2.6420814015762524
U0020960,0,2.2146386203623862
U0020961,0,1.5879106020805267
U0020962,0,0.016240506407914523
U0020963,0,2.3448017373968035
U0020964,1,2.742713101811354
U0020965,1,2.9147770279022716
U0020966,1,-0.45171565888290743
U0020967,0,3.3686463520381693
U0020968,1,6.903390864248603
U0020969,0,3.204748938322333
U0020970,1,3.0203534569414714
U0020971,1,3.401461166530286
U0020972,1,2.9917977186485594
U0020973,0,0.8518617938669859
U0020974,1,4.327300357331865e-05
U0020975,1,1.6923262785753366
U0020976,1,1.7007723865603204
U0020977,0,2.5929635621016605
U0020978,0,3.5967004013552852
U0020979,1,1.9877146904635943
U0020980,0,1.6471062906501537
U0020981,0,4.2492680287365445
U0020982,0,5.376809676143839
U0020983,1,1.6959965683583142
U0020984,1,0.6703027201236509
U0020985,1,3.925390798809964
U0020986,1,3.7220598786801915
U0020987,1,2.2887246731525615
U0020988,0,1.1351915465710576
U0020989,1,3.6829003323994627
U0020990,1,3.22860217320712
U0020991,1,3.138836022022314
U0020992,1,1.6405983369346764
U0020993,0,1.9961197663731838
U0020994,0,5.038636014205103
U0020995,1,0.2996338141287058
U0020996,0,2.399048598699558
U0020997,0,5.899568330049675
U0020998,1,2.8298533099786116
U0020999,1,0.6227423469880051
U0021000,0,4.171275227037793
U0021001,0,2.7049498534986043
U0021002,0,4.123732748850827
U0021003,1,3.9893352080035456
U0021004,0,-0.09976146076099468
U0021005,1,1.087585006058248
U0021006,1,3.687316322384641
U0021007,1,3.052542148763955
U0021008,1,2.173132187034472
U0021009,0,1.642214526328452
U0021010,0,0.5742073960540601
U0021011,0,1.5945110265173312
U0021012,1,2.1491426502318767
U0021013,0,1.2043144903562748
U0021014,0,4.497800760770659
U0021015,1,1.7758295643879514
U0021016,1,0.754841305307373
U0021017,0,3.6391830686838382
U0021018,0,0.5304066745665494
U0021019,1,3.1204828286311077
U0021020,0,3.101947210329449
U0021021,0,3.0989663903427562
U0021022,1,1.08999126414216
U0021023,1,3.6392574189625044
U0021024,1,1.4840732463767345
U0021025,1,4.4092795520099095
U0021026,1,4.741137862680823
U0021027,0,0.6491473931207885
U0021028,0,3.8970882076617333
U0021029,0,0.38068427359053203
U0021030,0,2.39404274435768
U0021031,1,2.7909442076863336
U0021032,0,0.865501124804382
U0021033,1,0.24143947226815854
U0021034,1,2.7275122340561477
U0021035,0,1.8779401073326092
U0021036,0,2.6539275501286106
U0021037,1,2.1789948583237813
U0021038,0,0.8805511286784835
U0021039,1,2.8223326841053904
U0021040,0,1.0120900258574999
U0021041,0,2.7745961402862687
U0021042,0,2.720270173442797
U0021043,0,2.0705746605886546
U0021044,0,2.702117648296486
U0021045,0,2.788096847544086
U0021046,0,3.3503095566747447
U0021047,0,1.705873726176792
U0021048,1,3.2638972864315434
U0021049,1,-0.6349138450000709
U0021050,0,3.279561617557647
U0021051,1,1.903630199347118
U0021052,0,1.2713911387647308
U0021053,0,5.149481639141154
U0021054,1,2.1975917538203618
U0021055,1,0.6446789233430081
U0021056,1,1.8210068132122252
U0021057,1,2.2287357531289445
U0021058,1,3.0914734647544453
U0021059,1,4.644407842507055
U0021060,1,4.544768214309286
U0021061,1,3.9508956108527773
U0021062,0,-3.811195572027419
U0021063,1,2.8914253069122005
U0021064,1,1.013728888862829
U0021065,1,4.416502665789832
U0021066,0,4.649011085312882
U0021067,0,2.480247835090559
U0021068,0,2.68513426675446
U0021069,1,1.8459885161145024
U0021070,1,3.600152475180277
U0021071,0,4.59807279858941
U0021072,0,4.457572387586552
U0021073,1,7.381717636990452
U0021074,0,3.2946718424597172
U0021075,1,1.4821838415448738
U0021076,1,2.526219109035978
U0021077,0,1.7394590220560975
U0021078,1,-0.07825651410734835
U0021079,0,3.6414174089376914
U0021080,0,2.84750352588793
U0021081,1,2.7641662821095707
U0021082,0,2.511777107127955
U0021083,1,7.658678503554363
U0021084,1,2.124089527737052
U0021085,1,2.386139723097333
U0021086,0,2.637382936389386
U0021087,1,4.503491712097926
U0021088,1,2.1087569707857288
U0021089,0,3.547447793099977
U0021090,0,4.087246187388338
U0021091,1,1.8713015321093067
U0021092,1,3.9775783294177405
U0021093,1,4.422901781978867
U0021094,0,6.057277412078239
U0021095,1,2.64686790615637
U0021096,1,0.7762107965628395
U0021097,0,3.0401159465909195
U0021098,0,3.0547420968489405
U0021099,0,-1.0003317623745112
U0021100,0,4.686247681307268
U0021101,0,2.1211504827479075
U0021102,1,0.7152671582565695
U0021103,0,4.339277749328167
U0021104,0,2.1682173130851083
U0021105,0,1.2805530759834642
U0021106,0,-2.609028945680265
U0021107,0,3.694174030424257
U0021108,1,2.7745491996357288
U0021109,0,3.663701193931935
U0021110,0,2.6302787010193835
U0021111,0,-2.2242580385741775
U0021112,1,4.478900436261689
U0021113,1,3.741767051826738
U0021114,0,3.0044755993214345
U0021115,0,5.495960559282668
U0021116,0,1.3894158086513606
U0021117,0,2.454212477989582
U0021118,1,2.1250896312141876
U0021119,1,4.124657732496701
U0021120,1,0.6142677533457981
U0021121,1,2.3024433335683803
U0021122,0,-0.2608196553713924
U0021123,1,2.9725792474072286
U0021124,1,1.654286575502944
U0021125,1,3.559879911002419
U0021126,1,2.344338578663052
U0021127,1,5.237012141886325
U0021128,1,1.9481637364037923
U0021129,0,2.448649827652556
U0021130,0,3.573218758297674
U0021131,0,6.063319266740159
U0021132,1,0.17207117676083072
U0021133,1,2.995899192067645
U0021134,1,3.8907107280894095
U0021135,0,-0.45189732674889527
U0021136,0,1.9187538095654872
U0021137,0,3.216789941618906
U0021138,1,2.2396627965234472
U0021139,1,7.696080389576895
U0021140,0,1.122607740689734
U0021141,0,2.679689551285186
U0021142,0,2.53105662378411
U0021143,0,4.091410044897113
U0021144,1,3.8490806886347393
U0021145,1,4.057635445268229
U0021146,0,0.5027353886919848
U0021147,0,2.8500592175734845
U0021148,1,3.686836004303867
U0021149,0,2.414618407578576
U0021150,1,3.7760093048750853
U0021151,1,3.6744577131875076
U0021152,1,5.787452584046456
U0021153,0,3.6476570248308846
U0021154,1,0.3113894944709372
U0021155,0,0.84160320465379
U0021156,1,1.4446349683646815
U0021157,1,2.942446539523285
U0021158,0,0.4343206147226404
U0021159,0,3.2868175915003732
U0021160,1,0.38575103618245876
U0021161,0,3.8468815645763392
U0021162,0,2.0879030050637404
U0021163,0,0.5355448012160267
U0021164,0,1.678913782219066
U0021165,0,4.475322081404213
U0021166,1,5.925156425819225
U0021167,1,-0.26663369623895683
U0021168,1,3.062204348164002
U0021169,0,3.7468869743658093
U0021170,0,2.157663900175205
U0021171,0,1.9824235734400624
U0021172,1,0.4498263904663986
U0021173,0,2.166473450620071
U0021174,0,6.321706452130966
U0021175,1,3.862838182437046
U0021176,0,3.396483323304981
U0021177,0,-0.17152223307533276
U0021178,1,-5.305163024765772
U0021179,0,6.035206037901533
U0021180,0,3.2355665597746253
U0021181,1,0.7459228444361443
U0021182,1,2.1087569219556475
U0021183,0,3.8172862463018724
U0021184,0,2.514849769051718
U0021185,1,1.1386592023809037
U0021186,1,2.325279054392297
U0021187,0,5.010559800714699
U0021188,1,4.018472483534175
U0021189,0,2.2542493157068932
U0021190,0,4.26381659112095
U0021191,0,3.4339178552152863
U0021192,1,3.8664740816568433
U0021193,0,3.5322922715135405
U0021194,1,6.431446813843728
U0021195,1,3.7795231618573197
U0021196,1,0.02623443645006951
U0021197,1,3.0729588647269708
U0021198,1,3.864905472059858
U0021199,1,3.2896155146603743
U0021200,0,0.4538187713506652
U0021201,1,1.6148281165542784
U0021202,0,0.8534950092639768
U0021203,1,0.23386244316480997
U0021204,1,0.7317016607208231
U0021205,0,2.435437073051556
U0021206,0,1.9537179420568727
U0021207,0,1.7507859220666528
U0021208,1,2.7221504408830377
U0021209,0,5.5827318143801
U0021210,1,3.460972076729954
U0021211,0,3.544130304111416
U0021212,0,2.657670282161636
U0021213,1,-0.39053616367318256
U0021214,1,3.7066577396235694
U0021215,0,0.7229294044469299
U0021216,0,2.308853778123204
U0021217,1,1.0470883915000506
U0021218,0,3.468219873901436
U0021219,1,4.882877496122049
U0021220,1,2.212869443989753
U0021221,1,7.931420416518822
U0021222,1,-0.6601679871513753
U0021223,0,2.7434955050056846
U0021224,0,1.8804104900196172
U0021225,0,2.245590142557848
U0021226,1,2.3115394946389607
U0021227,1,1.9445857309834729
U0021228,0,3.931924246463918
U0021229,0,3.2204488596857335
U0021230,1,2.0933684559617696
U0021231,0,4.8622324339273
U0021232,0,0.4984025976735609
U0021233,1,2.2689460560207912
U0021234,0,3.1737879078827316
U0021235,0,-0.05396085763796066
U0021236,1,3.0666203205795384
U0021237,1,0.948719500478802
U0021238,0,3.3527674006963224
U0021239,1,2.5823475975028636
U0021240,1,3.93781502803213
U0021241,0,3.0430073347050737
U0021242,0,2.0223147758752233
U0021243,1,0.10169208554870579
U0021244,1,2.343409152595825
U0021245,0,3.454791269836356
U0021246,0,1.5921686476747663
U0021247,0,1.6006789130575232
U0021248,0,4.789130581796979
U0021249,0,-0.3056427021581314
U0021250,1,2.6566785025273703
U0021251,0,3.608820683050201
U0021252,1,4.783153325169518
U0021253,1,-2.0508952222910954
U0021254,0,1.9448114958555465
U0021255,1,3.010500366791259
U0021256,1,4.258394944697525
U0021257,1,2.6568352999703606
U0021258,0,1.9407486992158702
U0021259,1,4.151429457231437
U0021260,0,5.098471004564757
U0021261,0,1.6841689819343557
U0021262,1,1.9127805937330926
U0021263,1,-0.011361916848398934
U0021264,1,4.351394974532347
U0021265,1,3.766227532654135
U0021266,1,2.940043283103961
U0021267,0,1.1835892378417618
U0021268,0,2.239274814720286
U0021269,0,4.53401995149974
U0021270,0,2.290738313558826
U0021271,1,-0.7902444490639624
U0021272,1,2.20172304960165
U0021273,1,3.897537077645758
U0021274,0,4.652804683199427
U0021275,1,3.627709706162637
U0021276,0,2.6794094679103218
U0021277,1,5.380030709443268
U0021278,0,2.781129324543752
U0021279,0,1.9811199315356518
U0021280,1,3.113533254571454
U0021281,1,4.0584306303155095
U0021282,0,5.023295113513516
U0021283,0,1.173864393679164
U0021284,0,2.8994522604644466
U0021285,0,-0.7535593060020904
U0021286,1,4.092968188490104
U0021287,1,3.523261488845611
U0021288,0,2.337603678599592
U0021289,1,4.8355437631556075
U0021290,0,3.018942830180716
U0021291,0,2.3374564481706486
U0021292,0,3.0066243073976153
U0021293,1,1.8670738262592543
U0021294,0,-0.0076405510447798974
U0021295,0,4.7570865724572755
U0021296,0,0.7087433211509122
U0021297,1,4.593306873233827
U0021298,1,3.740205241890603
U0021299,0,3.453016973644516
U0021300,1,3.5924472223670563
U0021301,1,3.258745089673086
U0021302,1,2.6505262422194207
U0021303,1,0.3790542200402989
U0021304,0,3.4822197876611725
U0021305,0,1.119947375229522
U0021306,0,11.432339767823766
U0021307,1,4.682362991792559
U0021308,0,2.343201597437197
U0021309,0,2.5067356822572364
U0021310,0,0.6572202353872427
U0021311,1,4.454297908952331
U0021312,1,4.687114327984615
U0021313,1,0.006973148799879425
U0021314,1,3.7521744374767465
U0021315,1,2.4507208276411134
U0021316,0,3.5664940291256926
U0021317,0,3.368653057442476
U0021318,0,2.804915293357677
U0021319,1,4.480793361504148
U0021320,0,2.560705327671471
U0021321,0,4.59210742093309
U0021322,1,0.6623306778438902
U0021323,0,1.6213093152730949
U0021324,0,1.9222733460647419
U0021325,0,3.7917800074025863
U0021326,0,2.788681424181032
U0021327,0,4.756185772168205
U0021328,1,1.4916092278739121
U0021329,0,3.4749182803781977
U0021330,0,3.369595718923371
U0021331,0,0.9055906370162283
U0021332,1,1.7166138907558768
U0021333,1,2.6561747923779464
U0021334,0,3.3429935497199033
U0021335,1,2.3074390981900414
U0021336,0,1.4096337878939096
U0021337,1,5.719386897483798
U0021338,1,-0.5054542630302592
U0021339,1,3.5834877646046763
U0021340,1,2.7718248028004666
U0021341,0,2.16746084924047
U0021342,1,1.5876367446226034
U0021343,0,3.0754085310998285
U0021344,0,4.698151157047789
U0021345,1,6.3008100399499085
U0021346,0,0.8130764826373564
U0021347,1,0.6541995487876733
U0021348,0,2.435345909208401
U0021349,1,5.271489665870639
U0021350,1,3.532623188951021
U0021351,0,3.2333562664053055
U0021352,0,3.5781594911092114
U0021353,0,1.7940764727696035
U0021354,0,1.7748916202105036
U0021355,0,1.9556505023485116
U0021356,1,-0.3468623780798108
U0021357,0,0.5448616540357776
U0021358,1,2.057134155633255
U0021359,1,1.1216815365918293
U0021360,0,3.925091885654325
U0021361,1,4.081324061173397
U0021362,0,2.239201466919731
U0021363,0,4.161707053825861
U0021364,0,3.06292108812967
U0021365,0,2.786584883761151
U0021366,0,2.9328937453649324
U0021367,1,2.8702651054091906
U0021368,1,3.165336702565707
U0021369,1,5.513243959688184
U0021370,1,4.054733863922934
U0021371,1,1.8124070027333588
U0021372,0,4.211456430683416
U0021373,1,4.498553474299211
U0021374,0,3.3434607615568055
U0021375,1,4.1534896045785565
U0021376,1,2.829007314513987
U0021377,0,1.8097482787907158
U0021378,0,4.001589887428334
U0021379,0,4.307141794482671
U0021380,1,2.05793013117011
U0021381,0,4.295260691279093
U0021382,0,2.6386456156228224
U0021383,1,2.8846222817604783
U0021384,1,3.156124451773291
U0021385,0,6.724953864295127
U0021386,0,0.4725850579463078
U0021387,0,3.2466001899082606
U0021388,1,2.503561798155724
U0021389,0,-5.11663465167425
U0021390,0,3.401388038159137
U0021391,1,0.7553241336990446
U0021392,1,0.8314584582246667
U0021393,0,3.5950857839386874
U0021394,1,4.564338394350408
U0021395,1,2.4270751307758758
U0021396,1,2.777462768264634
U0021397,0,3.155967019427674
U0021398,1,1.776974845361167
U0021399,1,3.8497874367505673
U0021400,0,2.422947146779812
U0021401,1,2.6646056394949618
U0021402,0,0.04648339118104872
U0021403,1,2.1984480184214927
U0021404,0,1.0022695148198615
U0021405,0,2.8734842554504354
U0021406,0,2.950464299740254
U0021407,0,3.7881497140749083
U0021408,1,3.437771062139772
U0021409,0,4.679657281024252
U0021410,1,3.847370012040173
U0021411,1,0.5470938717715317
U0021412,1,2.354435317200327
U0021413,0,1.6229822784036187
U0021414,0,0.8885579249691844
U0021415,1,4.156672828573424
U0021416,1,2.601354220090492
U0021417,1,4.567282490495479
U0021418,1,1.9730927112915868
U0021419,0,-1.3962364627104762
U0021420,1,3.5008372707880113
U0021421,1,3.3993294342798404
U0021422,1,1.0681188902150325
U0021423,0,0.7856097981926684
U0021424,1,2.617648833871712
U0021425,0,2.9171139693761035
U0021426,0,3.026415777668509
U0021427,1,5.701515577723278
U0021428,1,0.6303261636304462
U0021429,1,2.371770165722225
U0021430,1,1.2709457010043685
U0021431,1,3.0025014439296207
U0021432,0,0.9153233153274023
U0021433,1,0.6832728059966549
U0021434,1,3.937846094185929
U0021435,0,1.9259247008983689
U0021436,0,4.047051422461426
U0021437,0,3.5553487400110093
U0021438,1,4.735240586647006
U0021439,0,3.5300923206663484
U0021440,1,3.4475935130074458
U0021441,0,2.657796767047433
U0021442,0,2.189824396478567
U0021443,1,2.618889868115893
U0021444,1,3.5380564216150745
U0021445,1,2.2474064269845435
U0021446,1,2.48912825086337
U0021447,0,3.294773677812394
U0021448,1,3.3527356030476163
U0021449,0,5.014176214966637
U0021450,0,0.7778381249136501
U0021451,0,2.050071303514134
U0021452,0,2.5261706683582617
U0021453,0,1.1994983756072806
U0021454,0,3.507876605642185
U0021455,0,3.632426736162788
U0021456,1,1.7599223058566054
U0021457,1,2.0150027635894556
U0021458,1,2.025683483373685
U0021459,0,5.19363776195415
U0021460,1,3.326501090139539
U0021461,1,3.1504319879838256
U0021462,1,-1.082097417954234
U0021463,0,6.116047064177188
U0021464,0,2.681464268419539
U0021465,0,3.2335874087191527
U0021466,0,1.5930633830019048
U0021467,0,-1.0679928778545964
U0021468,1,2.4378766706264656
U0021469,0,2.667510247772892
U0021470,1,4.9885875586015285
U0021471,1,2.1067984468792744
U0021472,1,-0.3935774728913124
U0021473,1,1.2408533541410378
U0021474,1,4.775962549921758
U0021475,0,1.0952793382730661
U0021476,1,3.764915509620849
U0021477,1,3.082946950415927
U0021478,0,3.3215116857529843
U0021479,0,2.754031273791311
U0021480,0,2.3715013859550904
U0021481,0,2.9620828102555947
U0021482,1,14.92403239282838
U0021483,0,-0.15522176566094004
U0021484,0,4.03684180426454
U0021485,0,2.277144518508555
U0021486,1,-0.97829761906074
U0021487,1,2.8020332789011313
U0021488,1,3.3995206798668427
U0021489,0,-0.5826136407771969
U0021490,1,2.994151953879605
U0021491,1,1.7382550191485535
U0021492,0,0.9230667163582247
U0021493,1,2.2847678726491765
U0021494,0,3.9951844669589534
U0021495,0,3.783661304359093
U0021496,1,2.804076756475631
U0021497,0,1.3842149556094299
U0021498,1,4.126047366535923
U0021499,1,3.103208899412305
U0021500,1,2.650933039047425
U0021501,0,1.3009493620715489
U0021502,0,3.908879372878726
U0021503,0,2.986685215021801
U0021504,0,3.443261359809176
U0021505,1,1.4012087762903729
U0021506,0,0.6363495207816392
U0021507,0,2.7371972818240575
U0021508,0,2.2195493146537437
U0021509,0,-0.19442999205713818
U0021510,0,3.7622339551686466
U0021511,1,3.084313726156795
U0021512,1,2.331444982706909
U0021513,0,9.917386322518439
U0021514,1,2.0902186271193166
U0021515,1,3.4294713478344026
U0021516,1,3.3201212829449886
U0021517,1,-0.7128912121906339
U0021518,1,1.7058461175936
U0021519,0,1.236198645140968
U0021520,1,2.9010981472272377
U0021521,1,1.5067216531243268
U0021522,1,3.2742937393758993
U0021523,0,6.097121513069823
U0021524,1,4.400356549992196
U0021525,1,0.5524616706983707
U0021526,0,6.090936480860584
U0021527,1,4.242370461162814
U0021528,1,2.599429317313536
U0021529,1,0.8047185302432851
U0021530,1,4.859704500561362
U0021531,0,2.1754866976660736
U0021532,1,3.11196009721381
U0021533,1,2.9562786127050558
U0021534,0,2.9470368449108797
U0021535,0,1.1561548909652295
U0021536,1,2.566039249517459
U0021537,1,4.966759360623701
U0021538,0,1.1305764352144152
U0021539,0,4.297623860341645
U0021540,0,-0.5539032332724929
U0021541,1,2.98412825445072
U0021542,0,1.6664415390175265
U0021543,1,1.9878979199897273
U0021544,1,-0.7514779369865181
U0021545,1,3.1610943578455064
U0021546,0,4.965306158668749
U0021547,0,1.9288342344650466
U0021548,0,1.3853481847649967
U0021549,0,2.440188530233101
U0021550,1,2.4492506223589388
U0021551,0,4.427439060962502
U0021552,1,2.5101427581311917
U0021553,0,1.0223516157890309
U0021554,1,1.171874352224716
U0021555,0,3.2281619208562926
U0021556,0,1.7785366495991397
U0021557,1,2.5292943227029347
U0021558,1,1.5012336374975312
U0021559,0,1.8089276989265546
U0021560,1,2.3329120248628463
U0021561,0,10.00832250286205
U0021562,0,3.565757823499112
U0021563,0,3.4342301306917875
U0021564,1,3.0548365066297407
U0021565,1,2.2237051968857546
U0021566,0,3.3066054933165514
U0021567,1,4.771904470017326
U0021568,1,1.5034267064208784
U0021569,1,2.3189683379283412
U0021570,0,2.136399266611022
U0021571,0,1.2935220774992562
U0021572,1,4.687732393334215
U0021573,1,-1.4423536066122118
U0021574,0,4.051657583950757
U0021575,1,1.2806033853008216
U0021576,0,2.1660018345794967
U0021577,1,3.9749663821220373
U0021578,1,3.6387516093995202
U0021579,0,2.4639197315855768
U0021580,0,2.281512203637652
U0021581,0,2.4470917716250113
U0021582,0,4.0418511088040905
U0021583,1,2.6508111479350926
U0021584,1,2.006045438668618
U0021585,1,4.615558755751939
U0021586,0,3.139566566960056
U0021587,0,3.435362076211753
U0021588,0,1.3036571910013812
U0021589,1,1.6626643087061534
U0021590,1,0.984440211834702
U0021591,0,0.33235593010140185
U0021592,1,0.13248267659133717
U0021593,0,3.9543180036223813
U0021594,0,4.169338435363031
U0021595,1,2.240804703608566
U0021596,0,2.684304797816953
U0021597,0,2.4622946625888744
U0021598,1,1.1591227262699046
U0021599,0,4.408344141401454
U0021600,1,0.5418485747089967
U0021601,1,2.9799427901966773
U0021602,1,4.680798620692695
U0021603,0,-0.2365311913994681
U0021604,0,3.6516427891273473
U0021605,0,2.386158562826928
U0021606,0,0.45045731061909144
U0021607,0,1.0086091947665814
U0021608,0,3.1766122294885637
U0021609,1,2.588610171212949
U0021610,1,1.8675128623024762
U0021611,1,2.879630591925734
U0021612,1,0.17914520425460978
U0021613,1,4.535217907153996
U0021614,1,4.406350090946962
U0021615,1,2.7092405147723433
U0021616,1,2.015205392324951
U0021617,1,-2.1490991636503907
U0021618,0,1.546815491980528
U0021619,0,3.353565851229856
U0021620,1,3.259352762475981
U0021621,1,-0.2015573405456461
U0021622,1,3.3300160084117554
U0021623,1,4.05078294432581
U0021624,0,2.5486130741306976
U0021625,0,1.091005607153006
U0021626,0,0.3581393098987551
U0021627,0,3.3812908480666515
U0021628,1,-1.3882894035367457
U0021629,0,4.4653098912471165
U0021630,0,2.662334465960164
U0021631,1,3.2500944086346664
U0021632,0,6.167414637883123
U0021633,0,3.1603207315447683
U0021634,1,2.357485747371845
U0021635,1,4.736607326502419
U0021636,0,3.7853148531787344
U0021637,0,3.4398766558037757
U0021638,1,-0.732655145827696
U0021639,0,2.602731537301537
U0021640,0,5.0343627359213805
U0021641,1,0.6687926926153516
U0021642,0,0.7202521821678065
U0021643,1,3.1864344195612126
U0021644,0,5.838057354099552
U0021645,0,3.699591948449072
U0021646,1,2.7352456664392655
U0021647,0,4.693285942915622
U0021648,1,4.019478085067092
U0021649,0,2.8394376475279834
U0021650,0,3.3677513881760195
U0021651,0,2.678779180091439
U0021652,1,1.6501253860086997
U0021653,0,4.2956674474715
U0021654,0,1.7503306368012588
U0021655,0,2.9534014654217557
U0021656,1,2.2414924463669763
U0021657,0,0.0480598471190703
U0021658,1,3.3700618145557257
U0021659,0,1.6323821039319029
U0021660,1,2.854063430630216
U0021661,1,3.2445307767600795
U0021662,0,3.5299444627071246
U0021663,1,-0.3133806458120212
U0021664,0,2.0958234757652683
U0021665,1,5.363432158811227
U0021666,0,4.909941283044745
U0021667,0,1.3008760500814809
U0021668,1,-0.831159338841875
U0021669,0,4.65654475563586
U0021670,1,4.061635545552077
U0021671,1,2.4572531710335355
U0021672,1,1.7057867640832391
U0021673,1,3.0050505601811928
U0021674,0,2.4614749261741586
U0021675,0,4.005973638868642
U0021676,1,2.649214926628737
U0021677,0,1.386350982131468
U0021678,0,3.6000369155980785
U0021679,1,4.28570031952981
U0021680,1,2.6152517565606352
U0021681,1,3.670941063241685
U0021682,1,3.763781665317616
U0021683,1,2.64935896493564
U0021684,1,1.610628381899236
U0021685,0,2.4199377076060173
U0021686,0,0.7154165923502447
U0021687,0,2.7187882795884253
U0021688,0,2.3471315523775225
U0021689,0,2.0044970120015364
U0021690,0,3.043136852432802
U0021691,1,2.744409681941992
U0021692,1,2.570789326824201
U0021693,0,3.9489772985546203
U0021694,1,3.262623156991717
U0021695,1,4.799984683218373
U0021696,0,4.674285768478931
U0021697,1,2.822458064746826
U0021698,0,-0.6759605925819621
U0021699,0,2.4884853142849934
U0021700,1,3.3810266914705593
U0021701,0,0.28458662677033075
U0021702,0,-0.0034774923648512868
U0021703,1,3.2760788713500943
U0021704,1,3.8136118458214074
U0021705,0,1.2376515484993575
U0021706,0,1.3208781530676958
U0021707,1,2.0139981904580413
U0021708,1,3.758660910214555
U0021709,0,2.376805037395169
U0021710,0,3.0745617161385077
U0021711,0,3.221129642809675
U0021712,1,2.008038303642703
U0021713,1,3.372501174413987
U0021714,1,2.806996166727618
U0021715,0,3.943041752228755
U0021716,1,3.513882239191899
U0021717,0,2.2100384378192466
U0021718,0,3.7792416113820373
U0021719,0,1.6935790162961446
U0021720,0,0.02989582434867799
U0021721,0,2.3154195925872294
U0021722,1,0.997003213249311
U0021723,1,2.319584066726925
U0021724,0,2.0595506983017007
U0021725,0,3.460836781507819
U0021726,0,2.4798228290407565
U0021727,0,2.2326155171159225
U0021728,1,2.7451224286535343
U0021729,1,2.9972894723322376
U0021730,1,1.271293410901615
U0021731,1,1.7824892708371003
U0021732,0,2.23867290659647
U0021733,0,0.6659366360862915
U0021734,0,3.2143508932085236
U0021735,1,2.832809222707235
U0021736,0,3.414631633554272
U0021737,1,7.142779974885567
U0021738,0,3.0840265023842974
U0021739,1,4.909166921072405
U0021740,1,1.2881477029213038
U0021741,1,-2.0678509173383777
U0021742,0,3.3996398699761308
U0021743,1,2.683901931244364
U0021744,1,0.7063916910651784
U0021745,1,4.348145738404952
U0021746,0,1.760703117018771
U0021747,0,2.5335689383450983
U0021748,1,2.4581654645456403
U0021749,0,1.998105170793428
U0021750,0,4.933003672918542
U0021751,1,-0.30315371805869695
U0021752,0,3.068885559701453
U0021753,0,3.7315473824870367
U0021754,0,2.896875682540344
U0021755,0,-0.16444641996151432
U0021756,0,3.8647304677039784
U0021757,1,8.549188937627129
U0021758,1,1.0382127704025308
U0021759,1,3.451002633020355
U0021760,0,2.9247690908717985
U0021761,0,2.129097439159654
U0021762,1,2.575354214269108
U0021763,0,-0.42667498719789876
U0021764,0,4.074834197585298
U0021765,0,-0.29522226561083187
U0021766,1,3.9762656589792336
U0021767,1,2.6559699721004613
U0021768,0,4.774231036202426
U0021769,0,2.2359176561844443
U0021770,0,0.5790515370772695
U0021771,1,1.4031354848907824
U0021772,1,2.008879639551541
U0021773,1,5.351420808341292
U0021774,1,3.110625881918846
U0021775,1,1.2782520338408219
U0021776,0,2.0251428338456883
U0021777,0,6.169576250325651
U0021778,1,2.1936801469071305
U0021779,1,4.794941419446086
U0021780,1,2.7412203897799046
U0021781,1,-1.2975074031340679
U0021782,0,4.744769765178949
U0021783,1,3.0530811952237453
U0021784,0,0.555251890180795
U0021785,1,1.5086750477390147
U0021786,1,1.4362277288690386
U0021787,0,3.23008993562663
U0021788,1,0.08836261552758273
U0021789,0,3.1029840345705555
U0021790,0,1.8087392470753905
U0021791,1,-1.4343669082590953
U0021792,0,1.70638588392044
U0021793,0,5.091387593136938
U0021794,1,2.6320093125030866
U0021795,1,3.8240799339536427
U0021796,0,0.7890177704029178
U0021797,1,2.3951351537914434
U0021798,0,1.435938101256804
U0021799,1,0.8538509969638284
U0021800,1,2.6642685487268167
U0021801,1,2.923060900138953
U0021802,0,2.8676436937826715
U0021803,0,2.52464769079862
U0021804,1,3.5439818854752616
U0021805,0,-1.2733402365161304
U0021806,1,-1.5073321413695382
U0021807,0,2.1208759082121595
U0021808,0,0.49443243955400007
U0021809,0,4.042668922690268
U0021810,1,2.8510008694182893
U0021811,1,3.1253285584081993
U0021812,0,3.372725761773159
U0021813,1,2.8489523203888183
U0021814,0,3.235617945989297
U0021815,0,-0.45633905652522344
U0021816,0,2.4600163712259544
U0021817,1,1.9993321728001376
U0021818,1,3.814885331493656
U0021819,0,1.9505586726977064
U0021820,1,2.7673554720685836
U0021821,0,4.776153753834727
U0021822,0,3.230321686388873
U0021823,1,2.777613005898097
U0021824,0,4.333758292615013
U0021825,0,-0.17935378263544166
U0021826,1,4.246832452179294
U0021827,0,3.27417811199226
U0021828,1,1.8183087626083427
U0021829,1,4.627797658833757
U0021830,1,-2.0350598324833697
U0021831,0,1.761621608772721
U0021832,1,2.513970358160794
U0021833,0,0.042173755623934994
U0021834,1,0.13919073936529713
U0021835,0,3.570237941276119
U0021836,0,3.604410301722613
U0021837,1,3.093803268404681
U0021838,1,5.063270218153573
U0021839,1,4.424149543244194
U0021840,1,4.482553592110248
U0021841,1,7.144870956118282
U0021842,0,1.4585987032473717
U0021843,1,0.5962283227270913
U0021844,0,5.883642378418358
U0021845,0,2.6189467355983815
U0021846,1,1.258543453876662
U0021847,0,3.0004212354659003
U0021848,0,2.1614662603535564
U0021849,0,5.872171099497329
U0021850,1,3.3656104634707145
U0021851,1,2.8928544260568536
U0021852,0,2.47612676971794
U0021853,0,3.7203334519858746
U0021854,0,1.8320653570629162
U0021855,0,1.6559647479283761
U0021856,0,2.36075001875588
U0021857,0,2.155613350489727
U0021858,1,2.574405031344406
U0021859,1,2.666062261829314
U0021860,0,6.896294555657423
U0021861,1,2.568569303589566
U0021862,1,5.004454101957588
U0021863,0,0.19801798008809257
U0021864,0,2.244841628184517
U0021865,1,0.5657782976222485
U0021866,1,2.147107699487382
U0021867,0,3.00678633142763
U0021868,0,5.752697692020476
U0021869,1,2.7633466959650725
U0021870,0,3.3149865594875543
U0021871,1,2.6645916937654484
U0021872,0,5.324390136525384
U0021873,1,1.7542597592742695
U0021874,1,2.251029045834681
U0021875,1,1.71715694311019
U0021876,0,3.0230728547308274
U0021877,0,2.14785034830388
U0021878,0,2.753735815247383
U0021879,1,2.5182185296958117
U0021880,1,5.918435890256937
U0021881,0,1.796722274956151
U0021882,1,3.7730006057538485
U0021883,1,2.6286421780438083
U0021884,1,3.6070662960216424
U0021885,1,1.7864257303253357
U0021886,1,2.8951631497635617
U0021887,0,1.8472528804755513
U0021888,0,2.4025983093800427
U0021889,0,5.868374347228368
U0021890,0,3.0732815809053005
U0021891,1,2.8278052141964416
U0021892,0,-1.8080743331918327
U0021893,1,0.8914038058404259
U0021894,1,2.8904359187920043
U0021895,0,3.193294892969398
U0021896,0,2.469064629465503
U0021897,1,3.672777486734116
U0021898,1,2.9247443005242513
U0021899,1,1.8527127156872396
U0021900,0,8.54323569655389
U0021901,0,1.7758626750917728
U0021902,0,1.0235008810053863
U0021903,0,0.1691621817157447
U0021904,0,1.7521063352165847
U0021905,1,4.03433444250773
U0021906,1,4.395759596402716
U0021907,0,3.1638299508695056
U0021908,0,9.33267730344403
U0021909,1,4.207149756443695
U0021910,0,0.25061069836094063
U0021911,1,2.980600298373764
U0021912,0,3.5223659721368215
U0021913,0,0.1500252426346833
U0021914,0,-2.9313712442136506
U0021915,0,0.7216510965399259
U0021916,1,3.0727493530103676
U0021917,1,3.36142175948666
U0021918,1,3.56717929583224
U0021919,0,5.128728750632661
U0021920,0,2.5505343208402778
U0021921,0,3.1148722807595384
U0021922,0,2.5632365175603766
U0021923,1,2.8259945529571198
U0021924,1,1.9773563002310972
U0021925,1,2.239562379820132
U0021926,0,-1.6740448816387143
U0021927,0,2.522932411696356
U0021928,0,3.667396208156429
U0021929,0,7.390681366100109
U0021930,0,3.16762847959229
U0021931,1,1.7966321754867494
U0021932,0,2.9358809318345216
U0021933,1,-0.1582001718245536
U0021934,1,2.3881189108374876
U0021935,0,2.4690418715811866
U0021936,1,3.107436698168316
U0021937,1,1.6369796937908028
U0021938,1,1.8806000030963048
U0021939,0,2.0363706194021773
U0021940,0,0.33473202120230283
U0021941,1,5.951931577322622
U0021942,1,2.640403346340044
U0021943,1,2.427717772968781
U0021944,0,2.0357252409313418
U0021945,0,1.8511533663386892
U0021946,0,3.8052306998315064
U0021947,0,3.349683137130498
U0021948,0,2.103496865569671
U0021949,0,2.861326790111262
U0021950,1,1.9381855941673436
U0021951,0,0.9706100803742785
U0021952,0,4.877928258802452
U0021953,1,2.001671074105177
U0021954,1,1.1211712583699978
U0021955,1,3.119596746983756
U0021956,1,3.2166175905491823
U0021957,0,2.310099266998918
U0021958,1,2.568563603633148
U0021959,0,3.6679757141303284
U0021960,1,3.535716082197194
U0021961,1,2.6907814095626534
U0021962,0,2.107120106033637
U0021963,0,2.097740247430888
U0021964,0,2.570847048176784
U0021965,1,3.930917319932851
U0021966,1,6.478359345722833
U0021967,0,3.678811353845859
U0021968,0,4.016414341434228
U0021969,1,3.1920222785264514
U0021970,1,3.275698700996845
U0021971,0,5.880985867660762
U0021972,0,2.611100039428951
U0021973,1,2.5191055710803845
U0021974,0,3.6778397092394624
U0021975,0,3.124990861676668
U0021976,1,2.5748130018974678
U0021977,1,3.5268927839627366
U0021978,0,0.2923699999687326
U0021979,0,1.3003271510684904
U0021980,1,3.978250358101981
U0021981,0,1.9260806371699672
U0021982,1,3.0926330152725896
U0021983,0,3.622634181381084
U0021984,0,-1.0637530258101684
U0021985,0,3.7286875421170436
U0021986,1,2.653938071344914
U0021987,0,3.6303217754055375
U0021988,0,1.0676850982182557
U0021989,1,5.652517462020704
U0021990,0,3.6146624955470337
U0021991,0,2.9880830628912207
U0021992,0,2.525535884605471
U0021993,1,3.5108594157486674
U0021994,1,4.387752305041381
U0021995,0,3.0840562515965786
U0021996,1,1.76644407130323
U0021997,0,1.3428947565839842
U0021998,0,3.579569906164185
U0021999,1,0.9693343251884379
U0022000,0,1.3918731663928945
U0022001,0,2.4550310469419685
U0022002,1,0.03026269058973341
U0022003,0,5.742149283083769
U0022004,0,3.1836075435434843
U0022005,0,5.207225320047481
U0022006,0,1.7532407092896882
U0022007,0,2.7229480894154996
U0022008,0,2.466316787706994
U0022009,1,-0.18565751090324767
U0022010,0,5.03606368907708
U0022011,0,2.6959434381032032
U0022012,0,3.4285256730779032
U0022013,0,2.6517364269232626
U0022014,0,3.2902592368603045
U0022015,0,1.2307484220495688
U0022016,0,1.7066125072642642
U0022017,1,1.9597624800180249
U0022018,0,-1.44155651231962
U0022019,0,3.6630252791771376
U0022020,0,1.827801873114712
U0022021,0,3.8452221467491015
U0022022,0,0.8470994428718832
U0022023,1,7.50269143269383
U0022024,1,1.9100678208011814
U0022025,1,2.4587500019358117
U0022026,0,2.3251536144723364
U0022027,0,0.7811024783961251
U0022028,0,3.448818595945621
U0022029,0,2.089828546989178
U0022030,1,0.6601756551969302
U0022031,0,1.02368109149635
U0022032,1,1.3056719010614621
U0022033,1,0.7129416693902542
U0022034,1,2.2429503276074882
U0022035,0,2.9479022131013224
U0022036,0,0.4222316608155694
U0022037,1,2.813415479609443
U0022038,0,3.053496752740969
U0022039,1,2.441460862427526
U0022040,0,0.9991886110722525
U0022041,0,9.058457120800918
U0022042,1,4.846768618561711
U0022043,0,1.6111178145754899
U0022044,0,2.2569887684076093
U0022045,0,3.3442027835045405
U0022046,1,6.351656811908647
U0022047,1,7.0143940171544585
U0022048,0,5.1174037278517694
U0022049,0,2.702174632094131
U0022050,1,3.802341042281178
U0022051,1,0.3758984237793115
U0022052,0,3.691722618429445
U0022053,0,3.1956690948323256
U0022054,0,2.811248111407208
U0022055,0,3.821423851716382
U0022056,1,1.1451892137626807
U0022057,0,2.2678884142796747
U0022058,0,-1.6683839805175822
U0022059,1,2.9343016691992894
U0022060,0,1.7812049768967029
U0022061,0,3.4240880733857395
U0022062,0,7.239621828659791
U0022063,0,3.21119651039427
U0022064,1,2.755272021426368
U0022065,1,2.749509327812918
U0022066,0,6.134980807063897
U0022067,0,1.5625688619955582
U0022068,0,3.141013199527684
U0022069,1,3.201103498070406
U0022070,1,1.543014304517346
U0022071,0,2.844306348524892
U0022072,1,1.826933498162873
U0022073,0,1.8608285434073544
U0022074,0,1.201949268850953
U0022075,0,2.390590839170123
U0022076,1,2.1265202982594857
U0022077,0,3.9093147539446385
U0022078,0,0.7006197865063974
U0022079,1,2.866574638917033
U0022080,1,1.1267578290393914
U0022081,1,2.99955851644982
U0022082,0,3.2960174929193204
U0022083,1,4.092139008360624
U0022084,0,5.118229081908897
U0022085,0,2.3188946381642808
U0022086,1,1.5184678243074057
U0022087,0,3.548536405873115
U0022088,1,3.104061755564871
U0022089,1,-0.09632840504115237
U0022090,0,2.0068672310444953
U0022091,0,3.2011946307700647
U0022092,1,3.8192528774775667
U0022093,1,3.343773350892249
U0022094,1,2.378648201832828
U0022095,0,1.593365449296904
U0022096,1,-2.284016843164366
U0022097,1,-0.23239650700591596
U0022098,0,4.1310386144736135
U0022099,1,2.7718446518302855
U0022100,1,2.237910718399391
U0022101,0,1.9110818301753216
U0022102,1,0.1101426604364395
U0022103,1,2.2527573951005557
U0022104,1,3.5776697411609426
U0022105,1,1.8914582791082992
U0022106,1,4.006819940800462
U0022107,1,0.6284393330257636
U0022108,0,1.4543744055817314
U0022109,1,2.4434138264460827
U0022110,0,1.9620936961592506
U0022111,0,4.095540885542963
U0022112,1,3.1504472672559984
U0022113,1,0.2546645315081264
U0022114,0,1.5694916286358396
U0022115,0,4.337357587233354
U0022116,0,-0.05041238688157179
U0022117,1,3.9755337331654417
U0022118,1,1.786867653535083
U0022119,0,4.038901043033324
U0022120,1,3.892088371705129
U0022121,1,2.667523457354971
U0022122,1,-1.9978845099561546
U0022123,1,4.1366137857964205
U0022124,1,3.0642708630325846
U0022125,0,3.2679647089281225
U0022126,1,2.5720845912768375
U0022127,0,4.491907752912541
U0022128,0,6.547398567236655
U0022129,0,2.015039627723949
U0022130,0,0.3661405464416845
U0022131,1,3.5465924989198996
U0022132,0,2.3205070840491153
U0022133,1,3.4416390027428925
U0022134,1,3.1655994677497983
U0022135,1,4.879127559912934
U0022136,1,1.7317599356832218
U0022137,0,1.5433345984332902
U0022138,1,1.1939390716154783
U0022139,1,3.035243734489587
U0022140,1,1.3282221965429457
U0022141,1,1.946591761472412
U0022142,1,5.504549852323947
U0022143,0,4.677303058035427
U0022144,0,4.7873404773769614
U0022145,0,2.2418281441820263
U0022146,0,3.2122226702804504
U0022147,0,3.567148308576998
U0022148,0,3.6905794604547193
U0022149,0,0.5191265584434106
U0022150,0,0.9982055707030568
U0022151,1,3.676115522937412
U0022152,1,2.3755498233512924
U0022153,0,2.423031396128703
U0022154,0,1.8859329600578043
U0022155,1,1.265337522416516
U0022156,0,4.345230812560867
U0022157,1,3.914008629168487
U0022158,1,2.8858238427286977
U0022159,0,2.565568851574561
U0022160,1,3.3525815339501097
U0022161,1,0.9440713335040876
U0022162,0,4.731838874622742
U0022163,0,3.443855040879301
U0022164,0,2.0688612425058928
U0022165,1,0.30457978243579475
U0022166,0,4.336227071140261
U0022167,1,3.108301883679127
U0022168,1,2.6534906983622264
U0022169,1,3.530637106955144
U0022170,0,1.6986234753858298
U0022171,1,0.7513397761505161
U0022172,0,2.812058220341637
U0022173,1,2.8033454389602745
U0022174,0,1.6146699345132198
U0022175,0,0.8069294383040031
U0022176,1,3.180682663210586
U0022177,1,3.103331939915771
U0022178,0,3.130626035499885
U0022179,0,0.08151951188853879
U0022180,0,3.3647558918679614
U0022181,1,1.0556257168251548
U0022182,1,4.253707008820465
U0022183,0,3.4923925173481187
U0022184,0,1.4314381694132958
U0022185,0,4.189940329972362
U0022186,1,3.434746121515067
U0022187,1,4.522841479217115
U0022188,0,6.228062223468402
U0022189,0,2.835276290508439
U0022190,0,3.7131044348001865
U0022191,1,0.7643806133987052
U0022192,0,2.4028127822258156
U0022193,0,2.116118684180851
U0022194,1,-2.0809369672731464
U0022195,1,3.1843862322968945
U0022196,0,2.967518361861437
U0022197,0,-0.16454145225945283
U0022198,1,4.507552106444816
U0022199,1,3.4718704112072523
U0022200,0,3.389546586183064
U0022201,0,1.3309855065212126
U0022202,0,2.124101291934112
U0022203,1,2.180385602220124
U0022204,0,2.2733500183412882
U0022205,0,1.752821991819527
U0022206,0,2.238688319156541
U0022207,1,2.9506769791173397
U0022208,0,3.2847091388540584
U0022209,1,1.2289159283937536
U0022210,1,1.1719724732346055
U0022211,1,2.0601196207686385
U0022212,0,2.172311714962909
U0022213,0,2.204558477781358
U0022214,1,2.0155423895768045
U0022215,0,4.235718598264334
U0022216,1,0.9456165556095186
U0022217,0,-0.20313135338348332
U0022218,1,2.2618414874139283
U0022219,0,2.6080558779283276
U0022220,0,4.557387370029005
U0022221,1,3.2003298688840225
U0022222,0,-0.6531119491591966
U0022223,0,4.367463435266484
U0022224,1,4.741591264281205
U0022225,0,1.509537629500194
U0022226,1,1.0754013164346183
U0022227,0,2.2030919715836905
U0022228,0,9.325115228608333
U0022229,1,0.7266255788736355
U0022230,0,3.6308857112769957
U0022231,0,4.897393181048741
U0022232,0,0.985353366884322
U0022233,1,2.240361944841119
U0022234,0,2.3189809118404288
U0022235,0,2.6749177885660664
U0022236,0,1.7727414098411032
U0022237,0,3.596936942957303
U0022238,0,1.6512194953948125
U0022239,0,6.252035624093324
U0022240,0,1.0987000654243033
U0022241,1,0.052529768417070244
U0022242,0,3.2944907367342466
U0022243,1,3.272255879768533
U0022244,1,2.99636246106634
U0022245,0,5.460101256072482
U0022246,1,4.04570465036096
U0022247,1,3.5679114412562107
U0022248,1,3.887607531660173
U0022249,0,3.7380069677488237
U0022250,1,3.2568954991279
U0022251,1,3.272475908597773
U0022252,1,2.0315320177636558
U0022253,1,2.6792370355413873
U0022254,1,3.222738311781132
U0022255,0,6.556375633207246
U0022256,0,1.7244209293112611
U0022257,0,2.3323696673181775
U0022258,1,1.954938766948942
U0022259,0,0.014400651507372686
U0022260,1,3.1656359841822805
U0022261,1,3.0137113886426103
U0022262,1,4.065204023748706
U0022263,0,2.7926270374211644
U0022264,0,1.3006699091453662
U0022265,1,3.5870378081785805
U0022266,0,1.7140711534682929
U0022267,0,-0.7688097486715506
U0022268,1,2.4524916035328133
U0022269,1,3.4193773200203736
U0022270,1,3.4391050221185857
U0022271,1,2.7864535037133393
U0022272,0,2.2260110415092225
U0022273,1,4.125242497568884
U0022274,1,4.187050826804979
U0022275,0,2.9634495898371824
U0022276,1,2.547181399825467
U0022277,1,1.0557066533006925
U0022278,1,6.880753118719731
U0022279,0,2.2633410950333683
U0022280,0,3.4053943957471056
U0022281,1,-0.042970534412202
U0022282,1,2.883418937810003
U0022283,0,1.8885786012554604
U0022284,1,3.1918308598281406
U0022285,0,0.8116587061917073
U0022286,1,0.5146031058191003
U0022287,1,1.9979489596063722
U0022288,0,2.951999365243463
U0022289,0,0.8010982496638626
U0022290,1,1.9961046100117006
U0022291,0,4.49807064068197
U0022292,0,0.9895506506647891
U0022293,1,4.681500687644171
U0022294,1,3.747631132888241
U0022295,0,3.6086542069757837
U0022296,0,0.9855867427592209
U0022297,0,1.6269868895009054
U0022298,1,1.6385026640524707
U0022299,1,2.942706502447056
U0022300,1,1.513684030098144
U0022301,0,1.276447555062143
U0022302,1,1.7950527625266393
U0022303,0,3.2388055697990623
U0022304,0,5.2984132598309905
U0022305,1,3.6863112623273153
U0022306,1,4.927879393520069
U0022307,1,3.8622992068980952
U0022308,1,3.3074417768174555
U0022309,0,4.883568342562413
U0022310,0,1.9030620867832653
U0022311,1,4.211817957815811
U0022312,0,1.9914956706732738
U0022313,1,1.0413798255482796
U0022314,1,-0.10776754524936649
U0022315,0,3.932663744721367
U0022316,0,2.2673981928162394
U0022317,0,2.7011806388118416
U0022318,1,2.296805636494181
U0022319,1,2.7591647459989144
U0022320,0,2.988733476800249
U0022321,1,1.4673312164467163
U0022322,1,1.2914922683103036
U0022323,1,2.3305839996759126
U0022324,1,1.830662490768857
U0022325,1,1.913040334863961
U0022326,0,1.022177658306095
U0022327,1,1.3443003578886987
U0022328,0,2.086957900892049
U0022329,1,3.0295821680339756
U0022330,0,3.985042680402195
U0022331,0,6.668816169812043
U0022332,1,3.214736881253735
U0022333,0,3.723822834886988
U0022334,0,4.138400471117626
U0022335,1,2.9572478286525126
U0022336,1,1.450713504582847
U0022337,0,1.5608753598910887
U0022338,1,6.010260995605252
U0022339,0,4.344926652533495
U0022340,0,3.1058292302306825
U0022341,0,3.824004737836516
U0022342,0,3.3343312471156707
U0022343,0,4.369456307826354
U0022344,0,2.9186177183758826
U0022345,0,1.3497200645806942
U0022346,0,1.9571635933731777
U0022347,0,2.7205927325918005
U0022348,1,-2.934924847733157
U0022349,0,2.459142827314988
U0022350,1,1.3825077200800102
U0022351,0,1.2467621742118613
U0022352,1,3.0145962332390415
U0022353,0,3.091343229374477
U0022354,0,2.9293147792839545
U0022355,1,0.1244656628463332
U0022356,0,1.1885709281529522
U0022357,1,1.9870657588692744
U0022358,0,0.7279171129864537
U0022359,1,-0.4988438572658591
U0022360,0,-0.06759768831321722
U0022361,0,0.7771902341342418
U0022362,0,3.7996192745546082
U0022363,0,1.4374759695801345
U0022364,1,2.268463386721063
U0022365,0,1.3194543514413546
U0022366,1,5.0606123102592075
U0022367,1,1.325789686000622
U0022368,1,2.6936166226076956
U0022369,1,3.9374187181145786
U0022370,1,2.523357958863734
U0022371,0,3.3648155037666356
U0022372,0,1.9177671211279765
U0022373,1,1.4525868509054476
U0022374,1,-0.3126192181618279
U0022375,0,2.424976825556083
U0022376,1,3.3502677842798327
U0022377,1,2.898151017641835
U0022378,1,2.0859021777114464
U0022379,1,4.294377564029201
U0022380,0,4.003912549134956
U0022381,0,3.562169988517084
U0022382,0,3.4517118736409103
U0022383,1,2.865851495039763
U0022384,1,2.255626589984952
U0022385,1,1.2970361553785494
U0022386,1,1.1799750114242897
U0022387,0,3.9635428986915944
U0022388,1,3.208578231102482
U0022389,1,4.315056807335042
U0022390,0,3.3947181903676995
U0022391,0,2.807067118094162
U0022392,0,3.604220680839969
U0022393,0,2.8397932842416083
U0022394,0,2.2964568812384947
U0022395,0,4.233296526871573
U0022396,1,7.3641055035819
U0022397,0,2.8867464662097966
U0022398,0,1.299307654827043
U0022399,1,2.833546942323359
U0022400,1,2.1549441955140196
U0022401,1,2.393814601025463
U0022402,0,4.085817833974353
U0022403,0,2.4830745370642084
U0022404,1,0.6060989977876012
U0022405,1,2.900621106546879
U0022406,1,0.844194411319652
U0022407,1,3.0435917151113827
U0022408,0,1.677134331110901
U0022409,1,4.0855753147788185
U0022410,0,3.645539626641977
U0022411,0,2.8019267981451357
U0022412,0,2.784026571991024
U0022413,0,3.4586177975609225
U0022414,1,4.9012766027859875
U0022415,1,3.3632343078080567
U0022416,1,-0.9342865617120548
U0022417,1,2.3027026960692982
U0022418,0,0.7098821356722134
U0022419,1,2.208434463777916
U0022420,0,0.8487551030194567
U0022421,1,3.1230807471973137
U0022422,1,3.9512866886027957
U0022423,0,1.2978189197252892
U0022424,0,0.9962611170113824
U0022425,1,7.656078687055356
U0022426,0,5.277358242413843
U0022427,1,2.7450188992738482
U0022428,0,2.22841845011099
U0022429,1,3.065127351335313
U0022430,1,4.174129831772486
U0022431,0,1.1393820079052048
U0022432,1,4.061928551866622
U0022433,1,2.6834689665093165
U0022434,1,3.154089267614431
U0022435,1,1.8095813512227537
U0022436,1,3.4936671534326553
U0022437,1,1.7799322375022655
U0022438,0,2.6001722831520304
U0022439,1,3.0870087781644884
U0022440,1,2.95758919492976
U0022441,1,2.052035021195131
U0022442,0,2.198168453106547
U0022443,1,0.8611441254739844
U0022444,0,3.2728282899562124
U0022445,1,1.2775087780854033
U0022446,0,3.0791420440018165
U0022447,1,1.4521622845905533
U0022448,0,3.638668148227003
U0022449,1,1.1127955705254067
U0022450,0,1.6845751298731955
U0022451,0,0.8150031159677695
U0022452,0,4.787245240174759
U0022453,1,1.3551457906111537
U0022454,1,3.990936801483471
U0022455,1,-1.3707124404800162
U0022456,0,3.4887983067957435
U0022457,1,4.339328021120821
U0022458,0,0.17426064861125568
U0022459,0,5.2417835558192465
U0022460,0,2.644407036564809
U0022461,1,1.8638390981699793
U0022462,0,3.0431647026433435
U0022463,0,2.74636392462633
U0022464,1,2.484036650243919
U0022465,0,4.427433302511542
U0022466,0,3.8716012373440183
U0022467,1,2.0034269802716835
U0022468,0,2.8440966309528974
U0022469,1,4.9986173160958565
U0022470,1,2.0477186161214753
U0022471,1,1.1153349288856305
U0022472,1,4.258030971203439
U0022473,0,1.5822299319319466
U0022474,1,4.771936370340599
U0022475,0,-1.5412128372891445
U0022476,1,2.3624007261943234
U0022477,1,1.6860923049739363
U0022478,0,1.5476145048428123
U0022479,0,2.027149291944365
U0022480,1,3.7721047493596878
U0022481,1,1.1385935692810918
U0022482,0,4.074705291496143
U0022483,0,3.5091723467796996
U0022484,0,6.732559984819531
U0022485,1,1.9668278005559507
U0022486,0,2.6982887833205353
U0022487,0,3.722137126322405
U0022488,1,3.622724162975423
U0022489,1,4.436739452243591
U0022490,1,2.678899538012285
U0022491,0,2.52667972754465
U0022492,1,2.5840028818065512
U0022493,0,3.9118452026147494
U0022494,1,3.7051125876826916
U0022495,1,3.4014466577682754
U0022496,1,3.297583855090945
U0022497,1,3.7374861168526827
U0022498,1,4.727604648981117
U0022499,0,1.8488357488640723
U0022500,1,5.54935777892738
U0022501,0,1.5726099649346477
U0022502,0,3.8215743306067207
U0022503,1,4.329998966514955
U0022504,1,4.084013664589542
U0022505,0,3.903652816745339
U0022506,0,2.5863171465462234
U0022507,0,4.812282959224689
U0022508,1,4.111815963001398
U0022509,1,2.5932537265728186
U0022510,0,0.923147248495134
U0022511,0,6.086246949261547
U0022512,0,3.4038574001200708
U0022513,1,0.9292620739910156
U0022514,0,3.8818574081380977
U0022515,0,3.252132713147706
U0022516,1,4.099388685457882
U0022517,1,2.175126086066836
U0022518,1,3.470033758705437
U0022519,1,1.986028407706538
U0022520,1,4.014206122022209
U0022521,0,2.1028860041826967
U0022522,0,1.298889274809106
U0022523,0,1.8661952014434267
U0022524,1,3.8410472287168815
U0022525,1,1.004514815450758
U0022526,1,0.45140212174249683
U0022527,1,0.8898840625158755
U0022528,0,-1.39927651651168
U0022529,0,0.3318147005956078
U0022530,1,2.4101340235008433
U0022531,1,3.823017180413597
U0022532,0,4.253816409308021
U0022533,0,2.5508628464659964
U0022534,0,2.527387160673559
U0022535,0,2.961441412799754
U0022536,1,2.5034083955853887
U0022537,0,2.881575148547972
U0022538,0,1.7155391011769403
U0022539,1,2.1952435522359828
U0022540,0,1.6989572734249734
U0022541,1,3.366132992874231
U0022542,1,5.281989835599937
U0022543,1,1.5414525694061059
U0022544,0,0.8959176599646028
U0022545,0,4.315209468661607
U0022546,1,4.272428941064861
U0022547,1,2.8960340784068137
U0022548,0,2.629382740982514
U0022549,0,4.218245866866411
U0022550,0,3.6170942404120368
U0022551,0,2.887397615145577
U0022552,0,1.5386850205961018
U0022553,0,1.764949248254684
U0022554,0,3.025567443159076
U0022555,0,5.990071628539628
U0022556,1,3.3104147316388968
U0022557,0,5.129727635023521
U0022558,0,2.3377965934597196
U0022559,1,3.060228681940462
U0022560,1,2.6099853104275077
U0022561,0,1.4104490369901228
U0022562,1,1.622983774479959
U0022563,0,4.081097391224112
U0022564,0,3.6203078335415277
U0022565,1,2.0883891906575283
U0022566,1,3.7950521588070316
U0022567,1,2.9823829813579437
U0022568,0,3.5436160631451603
U0022569,0,2.578769255573917
U0022570,0,1.4659477909060783
U0022571,1,2.1839036885059144
U0022572,1,3.0468686413923596
U0022573,0,2.63104256489229
U0022574,0,3.454131964805402
U0022575,1,2.9353580893392035
U0022576,1,3.223589703776458
U0022577,0,3.262916203681339
U0022578,0,5.871587277577262
U0022579,0,3.0362624398622415
U0022580,1,4.102287991222585
U0022581,1,1.1240499459561573
U0022582,1,4.399092285126322
U0022583,0,2.588094083239799
U0022584,0,2.1316987263917504
U0022585,1,2.074750896147666
U0022586,1,2.7970229728413543
U0022587,0,2.5462367803288686
U0022588,1,3.317748934262216
U0022589,0,0.20997104095049224
U0022590,0,3.1621307991148093
U0022591,1,0.9661202120624299
U0022592,1,2.6358253923323254
U0022593,0,3.260254094400251
U0022594,1,3.6752916235208275
U0022595,1,5.6705187411996185
U0022596,0,1.9511236587066918
U0022597,1,5.189428145192295
U0022598,0,2.582722434648055
U0022599,1,2.1984285495909326
U0022600,0,5.081699139629871
U0022601,0,4.131887120241423
U0022602,1,3.734681232827045
U0022603,0,2.25188616794523
U0022604,0,0.652956989848942
U0022605,0,5.309396369475847
U0022606,0,7.02071345243278
U0022607,0,3.1961730170531553
U0022608,0,1.3776597697999087
U0022609,0,2.5388944231684523
U0022610,1,4.602744935226996
U0022611,0,1.882461556526735
U0022612,0,4.435275762519627
U0022613,0,0.5149252691308739
U0022614,1,1.9344895214200832
U0022615,1,1.7145708459472981
U0022616,1,0.720371154431179
U0022617,0,1.0397697883629355
U0022618,0,1.4865394618250534
U0022619,0,2.239112531360714
U0022620,0,4.45144482302771
U0022621,1,2.1876875255343826
U0022622,1,3.4265655747729475
U0022623,0,0.19678239655034702
U0022624,0,2.8603011792011905
U0022625,1,2.807667083935719
U0022626,0,2.9008977518478556
U0022627,0,1.1357212733065687
U0022628,1,2.9246567863371666
U0022629,1,2.559158700475212
U0022630,1,2.920553634806936
U0022631,1,3.9405283212933924
U0022632,1,2.624450684393631
U0022633,1,2.316177511361566
U0022634,1,1.1550554586181505
U0022635,1,3.06658387068083
U0022636,1,4.386350647133888
U0022637,0,8.140875191079896
U0022638,0,3.1527379257716923
U0022639,0,0.8864212620333394
U0022640,1,3.692046428511187
U0022641,1,1.9282615770895823
U0022642,0,4.43911587203854
U0022643,1,2.161835691085731
U0022644,0,1.2570666366489824
U0022645,1,-2.4937915383509264
U0022646,0,1.4074293823007835
U0022647,0,1.921517305516474
U0022648,0,2.8381785572353735
U0022649,0,3.590531919824066
U0022650,0,2.1886641296526577
U0022651,0,3.411126482013426
U0022652,0,1.3149784236584168
U0022653,1,1.6534347873617783
U0022654,1,2.82665168919206
U0022655,0,1.9687470280941675
U0022656,1,-0.7119806492959526
U0022657,1,4.777000263284897
U0022658,0,1.9987201792211806
U0022659,0,0.8323451675610212
U0022660,1,0.4632983303610505
U0022661,0,5.192971991607736
U0022662,0,1.2964689010874793
U0022663,1,1.9558900963306698
U0022664,0,1.1588823199852047
U0022665,0,4.920356901208516
U0022666,0,4.5857764076014895
U0022667,1,3.6648087429287237
U0022668,0,2.7522346997212708
U0022669,1,2.6571775554771904
U0022670,1,2.821575786351543
U0022671,1,4.9848250794229045
U0022672,1,3.8945742255007154
U0022673,1,2.3899901945672113
U0022674,0,4.396993374827419
U0022675,1,5.687040905279947
U0022676,0,5.169199466626154
U0022677,1,1.2784080171014196
U0022678,1,1.1751227933652864
U0022679,0,1.8306340581614045
U0022680,0,4.115798287696446
U0022681,0,4.228121943822899
U0022682,0,3.9849884949143934
U0022683,0,3.716127232612365
U0022684,1,4.275011280146476
U0022685,1,1.6200831695166968
U0022686,0,4.987554143734332
U0022687,0,0.9631967898906098
U0022688,0,2.8765767218354785
U0022689,1,2.2528714005490222
U0022690,0,2.459838953185537
U0022691,0,2.3156562024542406
U0022692,1,2.595035807595387
U0022693,0,1.7499098834389741
U0022694,1,-0.5236896279760686
U0022695,1,2.499858640148638
U0022696,1,3.0524742492152512
U0022697,0,2.274734690949426
U0022698,0,2.5361528645577778
U0022699,1,3.8238111221298023
U0022700,1,0.9605274115287905
U0022701,1,8.600200055118956
U0022702,1,1.707354535903928
U0022703,1,3.7814677637149217
U0022704,1,2.1434828662184486
U0022705,0,5.560774824290913
U0022706,1,2.697149771487741
U0022707,1,3.785627158261846
U0022708,1,2.475699219436809
U0022709,0,1.189939042498274
U0022710,1,4.367526578488675
U0022711,1,3.4137647680155787
U0022712,1,3.327512896511914
U0022713,0,3.710401297380127
U0022714,1,4.591561866141461
U0022715,1,1.7954764662250042
U0022716,0,6.895338579456725
U0022717,0,3.2001869771870552
U0022718,1,0.6179817906587406
U0022719,0,2.949669296639186
U0022720,0,3.593990203744603
U0022721,0,3.369852381048604
U0022722,1,2.3721792931182613
U0022723,0,3.152687007676686
U0022724,0,2.312606073725247
U0022725,1,2.8336294762714758
U0022726,0,-2.5624298366143563
U0022727,1,3.5409565735590824
U0022728,0,8.250534734476911
U0022729,0,2.8216751254962062
U0022730,1,0.09597646142970007
U0022731,0,2.979463234470927
U0022732,1,2.076039665702506
U0022733,1,1.959646060330087
U0022734,0,1.7610642556461613
U0022735,1,-0.4134150018481577
U0022736,1,1.84009496530199
U0022737,0,3.2561488845732818
U0022738,1,5.501165335628976
U0022739,0,3.0400784119427797
U0022740,1,2.4194356749873194
U0022741,1,-0.6627058276637996
U0022742,0,5.580580033742301
U0022743,1,2.325730394861136
U0022744,1,2.81149455307955
U0022745,1,1.689608488027119
U0022746,1,2.808145276618852
U0022747,0,2.0909720719910077
U0022748,0,4.679604975270509
U0022749,0,3.389806439757347
U0022750,1,1.0170467438783746
U0022751,0,2.5719574651224786
U0022752,0,3.5452106347857395
U0022753,0,4.2818657401570555
U0022754,0,3.3659593279546662
U0022755,0,2.9220587364317065
U0022756,1,2.473235462443615
U0022757,1,3.9937614110037067
U0022758,1,1.8234806705712288
U0022759,0,4.081497520049439
U0022760,0,2.6171604297582203
U0022761,1,0.8600033897600312
U0022762,1,1.7507343106040807
U0022763,0,5.2176628813345545
U0022764,1,4.345774729664903
U0022765,0,1.9909857367900639
U0022766,1,3.912904105271064
U0022767,0,2.583881943106519
U0022768,1,-0.8170868588774596
U0022769,0,2.387792481469269
U0022770,0,2.1835069616420846
U0022771,1,4.708939088294716
U0022772,0,3.386742410892758
U0022773,0,2.521091504358205
U0022774,1,2.7800439454312524
U0022775,0,0.23372864755708278
U0022776,1,1.4013544656201677
U0022777,1,1.804890503732203
U0022778,1,5.255840275941971
U0022779,1,2.954889695354428
U0022780,0,3.4848896322290557
U0022781,1,4.063867488070283
U0022782,1,2.307691597078346
U0022783,1,1.085144827760132
U0022784,0,1.83193085989339
U0022785,0,3.2123917862348677
U0022786,0,8.289338891115996
U0022787,0,0.18056866934164617
U0022788,0,3.3286086054265276
U0022789,1,3.1430598669467606
U0022790,1,0.3740117207755098
U0022791,1,2.326581076461572
U0022792,1,2.3791120394419956
U0022793,0,2.410086547694352
U0022794,1,4.694137451885087
U0022795,0,0.7971821341908907
U0022796,1,7.595525927406467
U0022797,0,4.091586939472574
U0022798,1,2.432294149974446
U0022799,1,3.004277026480665
U0022800,0,3.208414631595243
U0022801,1,2.8218262757648436
U0022802,1,2.2890296873537377
U0022803,1,3.4888487544891085
U0022804,1,0.1713533727024057
U0022805,1,2.81247648198827
U0022806,1,3.681446532689522
U0022807,0,3.0770920320959014
U0022808,1,1.350491102849432
U0022809,1,5.697932775544388
U0022810,0,1.5276241358928893
U0022811,0,3.8855208887108557
U0022812,1,1.8697176703270024
U0022813,1,-0.06547017193062388
U0022814,1,1.3532129375761954
U0022815,0,4.121021427984909
U0022816,1,2.0092480424046713
U0022817,1,3.149866472671654
U0022818,0,3.340365435780125
U0022819,1,7.235491759642041
U0022820,1,6.834700587200228
U0022821,0,0.640205765293647
U0022822,0,1.6042921277749969
U0022823,0,3.6713586417894764
U0022824,0,2.46490861757958
U0022825,1,-0.220559875496388
U0022826,0,1.855361872111029
U0022827,0,4.8194747990784705
U0022828,0,4.860143731152316
U0022829,1,3.8667975876182723
U0022830,1,1.2414337764425163
U0022831,0,2.989872395944042
U0022832,1,1.6058409557636715
U0022833,0,3.586454665713646
U0022834,1,3.2900483869225496
U0022835,0,3.002373964354444
U0022836,0,2.160960478911683
U0022837,1,1.5418993956375893
U0022838,0,4.763979039563765
U0022839,1,3.3891339634753965
U0022840,0,0.8339082498195793
U0022841,1,3.718187032010368
U0022842,1,3.652000968300584
U0022843,0,6.124894519514907
U0022844,1,2.374919701357605
U0022845,1,0.7326421936612455
U0022846,0,3.641664399374733
U0022847,0,2.829388722796354
U0022848,0,1.2790932222564848
U0022849,1,3.064173581035476
U0022850,0,3.8463526763681415
U0022851,0,0.546228373730905
U0022852,0,3.065277049549959
U0022853,1,0.5953054234276607
U0022854,0,0.16015855263180612
U0022855,1,2.3707034384935355
U0022856,0,1.8552464629693084
U0022857,1,5.2877810974076205
U0022858,0,0.8300508795793746
U0022859,1,4.066102785949326
U0022860,0,0.9065255024063141
U0022861,1,6.627971433418253
U0022862,0,2.4304862870954516
U0022863,0,4.833659893107967
U0022864,0,2.879729313881599
U0022865,1,1.5228972874715936
U0022866,0,1.4877578606963269
U0022867,1,3.298687638808204
U0022868,1,1.1682172223470317
U0022869,0,9.694082792451653
U0022870,0,3.592364153306111
U0022871,0,1.4373648259641634
U0022872,1,0.9958202132701892
U0022873,0,1.1570444188451638
U0022874,1,2.5357523479117603
U0022875,1,1.3495775193073598
U0022876,1,1.3446390207610612
U0022877,0,3.8789331427724214
U0022878,1,2.321381509090955
U0022879,0,1.8994824327616264
U0022880,0,2.4740686742109936
U0022881,0,2.643532684623791
U0022882,0,2.796614626209731
U0022883,0,4.361540383626902
U0022884,1,2.8443225888998036
U0022885,1,1.44689607794027
U0022886,1,2.6283381993337045
U0022887,1,2.254624485952009
U0022888,1,2.2453105839671554
U0022889,1,1.8864339445365097
U0022890,1,-1.2418929494657576
U0022891,0,3.94222937569441
U0022892,0,2.4510860225163427
U0022893,1,1.2695695305203696
U0022894,0,0.601644382437815
U0022895,1,4.379264787555734
U0022896,1,1.9773283787627634
U0022897,0,2.9334523369094416
U0022898,1,3.584694795335821
U0022899,1,1.6480137563560753
U0022900,1,3.616616268025524
U0022901,0,3.6367631439750383
U0022902,0,0.673417282174448
U0022903,1,7.288807340246105
U0022904,1,3.1315877753563743
U0022905,0,1.702784995714957
U0022906,1,4.056134172775961
U0022907,1,3.325900347227181
U0022908,1,2.3531181579830314
U0022909,0,3.9714162143694
U0022910,0,2.5310488705785126
U0022911,0,3.610947297801699
U0022912,1,-0.7416645875310799
U0022913,0,2.9773914013745824
U0022914,1,1.1668433014426753
U0022915,1,4.908836872753088
U0022916,0,3.4850811931084493
U0022917,0,3.9613474668941997
U0022918,0,1.6842955040403975
U0022919,0,9.541813788295865
U0022920,1,1.1927918149841688
U0022921,1,-0.5163748481337826
U0022922,1,5.2010655652916995
U0022923,0,0.32479022037913907
U0022924,0,5.262958988997028
U0022925,1,2.385414360044315
U0022926,1,2.6460694747985904
U0022927,1,1.7635965911721279
U0022928,0,1.9970221155786216
U0022929,1,1.7759939521856332
U0022930,1,1.439327544384433
U0022931,1,1.3284513554948294
U0022932,0,1.1828404500072534
U0022933,0,3.5969033378260065
U0022934,0,1.2645274750699969
U0022935,0,1.4794034590324792
U0022936,1,2.624527217511078
U0022937,1,1.255748119121428
U0022938,1,1.5609367629468025
U0022939,0,2.322724565586544
U0022940,1,3.240754758329743
U0022941,1,2.9936565675727618
U0022942,0,5.302031680500573
U0022943,1,2.8795559836295173
U0022944,0,3.3808145449552587
U0022945,0,2.605726211213156
U0022946,0,3.9417177703092996
U0022947,1,4.344976948798095
U0022948,1,3.699038914595775
U0022949,1,3.682185488339865
U0022950,1,2.213362121068542
U0022951,1,6.185869251582801
U0022952,0,3.1430593195283283
U0022953,1,1.063667250620476
U0022954,1,2.3251013581782374
U0022955,1,2.4782491199907213
U0022956,1,4.717641984027576
U0022957,0,2.2685932906637447
U0022958,1,3.17852972865448
U0022959,1,0.5716821956600384
U0022960,0,2.3046733871471083
U0022961,0,2.822778709209448
U0022962,0,3.45881260119379
U0022963,1,3.289159230759445
U0022964,0,2.5578290371121675
U0022965,1,0.3605043842211657
U0022966,0,3.283656818428579
U0022967,0,2.215999755425795
U0022968,0,3.2363756320033144
U0022969,1,2.7248138241407123
U0022970,0,4.290814799416694
U0022971,1,1.3827495829770022
U0022972,0,0.15799545826684103
U0022973,0,4.086391279984735
U0022974,0,1.4606361340482295
U0022975,0,1.498770930287865
U0022976,0,-3.760586900369553
U0022977,0,4.829585099110547
U0022978,1,1.8383375269044429
U0022979,0,3.732027236151989
U0022980,0,2.3363999868734044
U0022981,0,0.5898075332682318
U0022982,0,2.5277612589424336
U0022983,0,2.500360906334265
U0022984,0,3.9583734718675565
U0022985,1,4.827431229895277
U0022986,1,1.338942664548398
U0022987,0,1.1679172435908178
U0022988,0,3.8089153876238413
U0022989,1,3.069970786461134
U0022990,0,4.977280327917958
U0022991,0,-0.6971848345133687
U0022992,1,7.189432631474098
U0022993,0,0.40623048902599734
U0022994,0,2.3792444827704706
U0022995,1,4.1052408291087055
U0022996,1,1.2340948666965268
U0022997,1,2.921831043140571
U0022998,0,2.850408629696389
U0022999,1,0.15118857197325042
U0023000,1,0.207597655191762
U0023001,1,1.3968831501236174
U0023002,0,0.666738910152862
U0023003,1,7.637787652996625
U0023004,1,3.162213090442968
U0023005,1,3.93816072294641
U0023006,1,1.4188278767811848
U0023007,1,3.452335723600587
U0023008,0,1.8722152858292098
U0023009,1,2.525664784723414
U0023010,0,5.391466325851486
U0023011,1,5.764912106330858
U0023012,1,-0.16871777167846957
U0023013,0,1.727650604852279
U0023014,1,2.0760045691120794
U0023015,0,4.266229713805952
U0023016,0,4.730288802307292
U0023017,0,2.050555364964204
U0023018,1,3.7381199812304047
U0023019,0,4.391279075985739
U0023020,0,4.780604018003601
U0023021,1,3.6576409577712212
U0023022,1,1.8735066402927671
U0023023,0,8.470251632082068
U0023024,1,2.4706397501719763
U0023025,0,4.491543487000458
U0023026,0,4.15396464452974
U0023027,0,6.954483466957726
U0023028,1,1.7883803935579472
U0023029,1,2.5599239455675065
U0023030,1,3.5632102096585285
U0023031,0,3.672582107211884
U0023032,1,0.8298977297910817
U0023033,1,3.0081776868027106
U0023034,1,3.193995545524757
U0023035,1,4.207763554736939
U0023036,1,1.8354601959831065
U0023037,1,2.720294346276347
U0023038,1,1.9937142625568889
U0023039,0,3.8337658226778206
U0023040,1,0.447133821624643
U0023041,1,0.9657329678975799
U0023042,1,1.4674916243248965
U0023043,0,1.541459613412961
U0023044,0,3.125690738941053
U0023045,0,1.325424079098294
U0023046,0,4.23391998126311
U0023047,1,2.12340156798631
U0023048,1,6.3975587658552975
U0023049,1,3.9999285402360947
U0023050,0,2.708242710175927
U0023051,1,3.4481937872284654
U0023052,0,4.957732089050655
U0023053,0,3.5445173170178226
U0023054,0,3.446151182281543
U0023055,0,4.138608072634868
U0023056,1,2.7230442671600468
U0023057,1,-0.10413703270571695
U0023058,1,3.7053750508105026
U0023059,1,1.289684391538426
U0023060,0,1.209208506115786
U0023061,0,-0.3541468644507404
U0023062,0,2.1511110429547102
U0023063,1,4.5668609140184095
U0023064,0,5.220792386336742
U0023065,1,3.623455642917996
U0023066,1,2.966464130905967
U0023067,0,0.9869992965602385
U0023068,1,2.8535852261011474
U0023069,0,4.647288742275563
U0023070,1,1.122825084384111
U0023071,0,1.1577139616937373
U0023072,1,5.454132687886659
U0023073,1,4.149996912958411
U0023074,0,2.3612785936000122
U0023075,1,3.9809310509908897
U0023076,0,3.2345690895092165
U0023077,0,2.7726041875036067
U0023078,0,2.3066734986460737
U0023079,1,3.812401929057696
U0023080,0,-5.456539541282851
U0023081,1,1.5825639972143435
U0023082,0,2.2856421916539453
U0023083,0,2.9019171290836177
U0023084,1,0.5346197717226744
U0023085,1,2.6414543587331245
U0023086,0,3.7453980093102484
U0023087,1,2.516886871836057
U0023088,1,1.5717036671118532
U0023089,0,4.040408467808923
U0023090,0,1.7533927980221158
U0023091,1,0.7301706284610994
U0023092,1,0.5113453548569318
U0023093,1,2.583922335428472
U0023094,1,2.541420384404521
U0023095,0,1.2169429918480112
U0023096,0,2.1700056268431744
U0023097,0,3.0186634020507306
U0023098,0,3.854777197087028
U0023099,0,2.381077777902682
U0023100,0,2.5349354312505774
U0023101,1,1.6050825672691431
U0023102,0,9.104116799115197
U0023103,1,3.53420743192493
U0023104,1,1.791239980927898
U0023105,1,1.7090072242625958
U0023106,0,1.9023378996131513
U0023107,1,3.5776212622363985
U0023108,0,1.6313718208139498
U0023109,1,1.1278734150988399
U0023110,0,4.194554887151604
U0023111,1,2.741316962511373
U0023112,0,2.329327845406592
U0023113,1,1.948617931535729
U0023114,0,2.0608303801361494
U0023115,1,1.8947559818336295
U0023116,1,3.330563660458642
U0023117,1,3.1879087887053075
U0023118,0,-4.513969893489497
U0023119,0,5.871705107774011
U0023120,1,1.9344470054422462
U0023121,0,2.876311154486457
U0023122,1,3.7005236645924207
U0023123,1,2.3870754964581025
U0023124,0,0.7612882604370235
U0023125,1,-0.5150749311956311
U0023126,1,4.551422485945258
U0023127,1,2.5386781839093224
U0023128,0,2.0030734780935724
U0023129,1,0.22538919854159012
U0023130,0,1.9254879069659747
U0023131,0,-4.217158472362961
U0023132,0,-0.06602875738029468
U0023133,0,4.034844563842693
U0023134,1,-0.36065518471109215
U0023135,0,5.141739534123467
U0023136,0,3.406913553967506
U0023137,1,2.0590301660303076
U0023138,0,2.014569190922627
U0023139,1,3.8636752393461364
U0023140,0,3.0213666077617596
U0023141,0,0.02111113569963763
U0023142,0,1.6849198548729625
U0023143,1,1.44765735792868
U0023144,1,-0.5686038273302252
U0023145,0,4.607703183789875
U0023146,1,3.84397616207961
U0023147,1,3.2709854193601444
U0023148,0,5.377553140091361
U0023149,0,3.8436682901572183
U0023150,0,5.348407473167972
U0023151,1,4.280707598318095
U0023152,0,2.897488673972571
U0023153,1,1.5674578146153024
U0023154,0,4.796179252977815
U0023155,0,0.8174222282188346
U0023156,1,0.1852101222058593
U0023157,0,2.542550978293324
U0023158,1,3.7649700135126665
U0023159,1,3.049328481581137
U0023160,1,2.5144224530791988
U0023161,1,2.8010446303620675
U0023162,0,0.0455274157294312
U0023163,0,0.9906338861371271
U0023164,1,2.959003994064757
U0023165,1,1.566290990116567
U0023166,1,2.515787047721247
U0023167,0,4.2595879390303075
U0023168,1,4.0504915838168
U0023169,1,3.625273975802152
U0023170,0,3.0124158226431117
U0023171,1,1.0679831317376447
U0023172,0,5.0457311726393
U0023173,0,4.228725904089428
U0023174,0,2.702971852952368
U0023175,0,1.525423337379923
U0023176,0,1.8407492318865497
U0023177,0,1.899848625856432
U0023178,0,2.337611034029205
U0023179,1,1.8273118669892803
U0023180,1,2.803248836582341
U0023181,0,3.59938112181281
U0023182,0,-2.239091048731183
U0023183,0,3.4520948046825293
U0023184,1,4.491054328113517
U0023185,0,3.0776773524412757
U0023186,0,1.8972678448357208
U0023187,1,2.6241449889044617
U0023188,1,2.910671591118067
U0023189,0,1.3985067632583856
U0023190,1,2.916020733947285
U0023191,1,3.164807688072921
U0023192,0,1.434749352419928
U0023193,0,3.8938038879316004
U0023194,1,4.029081341358339
U0023195,0,2.955036158193675
U0023196,1,5.087446674630268
U0023197,0,-2.3817250559379417
U0023198,0,2.41101087484369
U0023199,1,3.289094280534723
U0023200,0,3.3646682641432797
U0023201,1,2.6660673267101096
U0023202,0,4.398033480531847
U0023203,0,1.2069658758450714
U0023204,1,2.8227972572596904
U0023205,1,2.6525096701377304
U0023206,1,1.7718550260612176
U0023207,0,2.086142225891626
U0023208,0,1.2570124377360798
U0023209,1,2.004177410170561
U0023210,1,2.862762277301295
U0023211,1,4.684689736533752
U0023212,0,3.6809277242740457
U0023213,1,3.2394292925760375
U0023214,1,4.743472309757053
U0023215,1,2.5995931642025703
U0023216,0,1.3433986299198963
U0023217,1,3.1347994427801584
U0023218,0,4.666483421664676
U0023219,0,1.2438473879300602
U0023220,1,2.5387000733312846
U0023221,1,5.183104107518393
U0023222,1,3.992642874508366
U0023223,1,-2.3089511952874098
U0023224,1,3.478727260311363
U0023225,0,0.10379892649042688
U0023226,0,6.396620219776757
U0023227,0,1.8578376142362103
U0023228,0,1.94437305520351
U0023229,1,1.8192831218601562
U0023230,0,2.4539860297374503
U0023231,0,3.468683258947891
U0023232,1,2.769755797666196
U0023233,1,3.9141451625410077
U0023234,0,5.864057267654598
U0023235,1,2.1377467147935967
U0023236,0,2.6794251371763878
U0023237,1,2.816872722992482
U0023238,1,3.594500561638629
U0023239,0,1.5972307696138053
U0023240,1,1.8404957842168592
U0023241,0,0.23390901752883053
U0023242,1,1.164184068856919
U0023243,0,2.708030322670947
U0023244,0,4.760458681652391
U0023245,0,0.8590177223786242
U0023246,1,2.454577040233085
U0023247,1,3.601065698131322
U0023248,0,2.9129181796524524
U0023249,1,0.7455089527022185
U0023250,1,1.738637237679196
U0023251,0,2.775722944073406
U0023252,1,3.9173027897712487
U0023253,1,2.8564880699627757
U0023254,0,3.1185702493555887
U0023255,0,3.6495760122821785
U0023256,0,5.557445407609084
U0023257,1,3.069663024414165
U0023258,0,0.9944638712227079
U0023259,0,5.36390081752787
U0023260,0,1.1842012554419092
U0023261,0,3.1094885547248765
U0023262,0,2.79432821684701
U0023263,1,3.785064267173979
U0023264,1,4.835757855621043
U0023265,1,2.8167521323902243
U0023266,0,3.4126741319036604
U0023267,1,2.0256732874760353
U0023268,0,3.7254290783027564
U0023269,1,1.6142168979188547
U0023270,0,3.1903144057434183
U0023271,0,3.966289156103729
U0023272,0,3.908827320900839
U0023273,0,2.583486343601777
U0023274,0,2.611233743114319
U0023275,0,2.71415691439838
U0023276,0,0.6010632960654103
U0023277,1,2.2293773530042706
U0023278,1,3.414133986747398
U0023279,1,2.533874303914388
U0023280,1,3.867803520489243
U0023281,1,-0.2309147015752373
U0023282,0,1.9958043467486135
U0023283,1,2.834989215913337
U0023284,1,4.478228802233897
U0023285,1,-1.6293424592337509
U0023286,0,2.0296014420471913
U0023287,0,1.2062425292702699
U0023288,1,3.2771618960456657
U0023289,1,3.2841697380767876
U0023290,0,0.6517255205103307
U0023291,1,1.7960371876536367
U0023292,1,1.874447438752206
U0023293,0,3.802607066955095
U0023294,1,3.738045155596744
U0023295,0,2.8627056929775883
U0023296,0,0.6491135015363092
U0023297,0,2.1155128446228773
U0023298,1,-0.5556845829372961
U0023299,0,2.24983833549582
U0023300,0,4.942588335591854
U0023301,0,6.604258736980565
U0023302,1,-2.2223825425968116
U0023303,0,1.4615699887121494
U0023304,1,3.1653340246407335
U0023305,0,4.78066180474816
U0023306,0,3.7916133937382916
U0023307,1,2.328150998621304
U0023308,1,4.223861010725704
U0023309,0,1.1669848466052546
U0023310,1,-0.5038285768029418
U0023311,0,4.857221310873486
U0023312,0,3.051962481882569
U0023313,0,1.882859423713473
U0023314,0,4.022208413256106
U0023315,0,0.3169232196390084
U0023316,0,-0.13779184064231487
U0023317,0,2.060093617326892
U0023318,1,2.9843378249353076
U0023319,0,3.7925259596963077
U0023320,1,2.5889199377877397
U0023321,0,2.6736728698578496
U0023322,0,5.882560181609662
U0023323,1,2.9817207036852196
U0023324,1,3.6207063039266547
U0023325,0,-0.14306148108600425
U0023326,1,2.965515662666558
U0023327,1,3.7667207480617044
U0023328,0,3.875166234477657
U0023329,0,4.0614786006861685
U0023330,1,3.8882151506033154
U0023331,0,3.8508990471372506
U0023332,0,2.9686820829978124
U0023333,0,3.850432704368661
U0023334,0,1.639316571267841
U0023335,0,3.5948392555579325
U0023336,1,3.35556864951376
U0023337,0,4.518980355259435
U0023338,1,4.4445012395797185
U0023339,0,2.644770029246736
U0023340,0,3.611613274813827
U0023341,0,8.788264568312563
U0023342,0,1.7133039398288474
U0023343,0,0.4928503572313083
U0023344,1,4.131021011274832
U0023345,0,0.16734362408774217
U0023346,0,2.6033235836589306
U0023347,0,3.7734951483248373
U0023348,0,0.43614527409975956
U0023349,0,3.015687684094516
U0023350,0,3.3918260303212104
U0023351,1,3.8195283943884277
U0023352,1,-0.029011354191723626
U0023353,0,1.7243741118041243
U0023354,0,-1.4259504097490918
U0023355,0,1.183324084871483
U0023356,1,2.631756881259065
U0023357,0,3.1468586033343335
U0023358,0,-1.43551866789673
U0023359,0,1.5166858762326498
U0023360,0,2.242908252482305
U0023361,1,4.240120686572196
U0023362,0,3.421690894291906
U0023363,0,5.041427007523997
U0023364,1,2.494907559394832
U0023365,1,0.3080759251049461
U0023366,0,5.109088963665277
U0023367,1,3.016544142107204
U0023368,0,1.9427168893438171
U0023369,1,2.6822321451752877
U0023370,0,3.6502694034018575
U0023371,0,1.4842364485154889
U0023372,1,1.011857512539878
U0023373,0,3.241175273213603
U0023374,0,3.2313714468086214
U0023375,0,2.5940816633774553
U0023376,0,2.8007830301635153
U0023377,1,0.5184009171037047
U0023378,1,2.8521367976080487
U0023379,1,2.331535223643275
U0023380,0,2.858811687317491
U0023381,1,4.255243381896289
U0023382,0,0.016127885380090135
U0023383,0,3.4064864938099237
U0023384,0,2.495391094224207
U0023385,0,2.216130341980058
U0023386,1,4.027991056640832
U0023387,1,3.9014992236978863
U0023388,1,2.909756379022049
U0023389,0,2.9821438755257184
U0023390,1,2.13688979579754
U0023391,1,2.955559611928674
U0023392,1,5.063872325599085
U0023393,0,0.5245027081273452
U0023394,0,4.307046788417519
U0023395,1,5.566987518884279
U0023396,0,0.2148289999415418
U0023397,1,1.5959727939012147
U0023398,1,4.100831566517478
U0023399,0,2.615124434821052
U0023400,1,1.9336346072159536
U0023401,1,3.6845457673252042
U0023402,0,2.388388927930393
U0023403,0,0.9945212660042451
U0023404,0,4.636634857289064
U0023405,0,-0.9219518988760385
U0023406,1,3.598776157343181
U0023407,0,1.792572269552565
U0023408,1,4.113816446080744
U0023409,1,2.2107042054056123
U0023410,0,4.619709210084535
U0023411,0,1.0860543220393701
U0023412,0,3.0887022322085365
U0023413,1,1.600720412666334
U0023414,1,1.8730980933313361
U0023415,0,7.034431154861792
U0023416,1,2.4250763927649928
U0023417,1,2.416038073059731
U0023418,1,0.3085215178240439
U0023419,1,7.9452190120168495
U0023420,0,3.0459035046385097
U0023421,1,1.4588709573383163
U0023422,1,3.4641936289135487
U0023423,1,3.751016871419246
U0023424,1,1.8427117281331107
U0023425,0,3.065065982113534
U0023426,1,1.8536788873891261
U0023427,0,4.062725973379633
U0023428,1,1.0330127066729737
U0023429,1,3.232889698824607
U0023430,1,1.9572552923646924
U0023431,1,3.317002974732187
U0023432,0,-1.1879164461627063
U0023433,1,2.2956088270205193
U0023434,1,2.4792889406864624
U0023435,0,2.8722712972082682
U0023436,0,4.3792035460910625
U0023437,1,5.2922750001335075
U0023438,0,3.411012191557493
U0023439,1,3.9738023908786424
U0023440,1,4.0568112533080125
U0023441,1,2.557137308400744
U0023442,0,1.8751611985497263
U0023443,1,3.0529911606734714
U0023444,0,4.518338758625344
U0023445,1,3.171908670357226
U0023446,1,2.0337272757198903
U0023447,1,3.572033266546537
U0023448,0,1.367717039284969
U0023449,1,3.134115817906835
U0023450,1,2.850139774882269
U0023451,0,3.328412780102637
U0023452,1,2.6595526964290848
U0023453,1,4.024355102454194
U0023454,1,1.928709913897329
U0023455,0,3.953963519059304
U0023456,1,3.2712232869466646
U0023457,1,4.414867940802186
U0023458,1,5.474587825252726
U0023459,0,1.3904706795943653
U0023460,1,3.5346682082945833
U0023461,0,2.7539343973593446
U0023462,1,1.8378755946344967
U0023463,1,3.1050987739826716
U0023464,0,2.924408216465757
U0023465,1,3.887144100104095
U0023466,0,3.438230323293695
U0023467,0,2.937736423624827
U0023468,0,3.8523710238687645
U0023469,1,2.2646588146951405
U0023470,0,4.488191280108042
U0023471,0,3.509871185050031
U0023472,1,0.08944142244374831
U0023473,0,3.7645841649249885
U0023474,1,2.3882046041603626
U0023475,1,3.030524218014442
U0023476,0,1.8831864845353365
U0023477,1,5.016983573994446
U0023478,1,0.47462381968581724
U0023479,0,2.7954793578496293
U0023480,1,2.481630901099802
U0023481,1,0.01305138638210579
U0023482,1,7.014285667984566
U0023483,1,2.169869424647345
U0023484,0,4.078003543209418
U0023485,1,-0.04579710289164751
U0023486,0,0.6133093149389239
U0023487,1,0.5159299825107659
U0023488,1,4.34740463488758
U0023489,0,3.6962164972412026
U0023490,0,6.0293484409573495
U0023491,1,2.217603870608846
U0023492,0,3.1039774959210202
U0023493,0,1.9921384777583366
U0023494,0,-0.9954866390460388
U0023495,1,4.168357545950407
U0023496,1,5.158369225788142
U0023497,0,4.529958835304484
U0023498,1,3.779060352991678
U0023499,0,5.721867257772228
U0023500,1,2.811168897117101
U0023501,1,1.7171415269086516
U0023502,1,3.6093060035184905
U0023503,1,1.5156269454197862
U0023504,1,3.080007934300628
U0023505,1,0.6245444902977937
U0023506,0,3.0730534783842636
U0023507,1,0.013988012689882368
U0023508,0,2.791163295199336
U0023509,1,-0.8009842070110906
U0023510,0,3.280644896995808
U0023511,1,-1.3447856534739415
U0023512,0,3.28506737521192
U0023513,1,1.5976592310577615
U0023514,0,1.1406938451410937
U0023515,0,4.8885439683927
U0023516,1,-0.3954485254375175
U0023517,0,2.563585270932755
U0023518,0,0.9324387318179426
U0023519,1,1.8642881417591735
U0023520,0,3.062121899010121
U0023521,1,2.882866069157682
U0023522,1,1.9631819335513718
U0023523,1,2.912573114953531
U0023524,1,4.828183261832914
U0023525,0,4.02134091171108
U0023526,1,0.04289711773626692
U0023527,1,0.41992171689258484
U0023528,1,0.05829893168465361
U0023529,1,4.395283349250256
U0023530,1,3.9192135688110916
U0023531,1,-2.757019804779791
U0023532,0,2.973268704176407
U0023533,0,3.502605606436969
U0023534,1,3.3339588409196512
U0023535,0,5.546782796702443
U0023536,1,4.45985631967553
U0023537,0,2.0103602196808126
U0023538,0,2.5866931708094043
U0023539,1,2.325842083964144
U0023540,0,3.7056066180170184
U0023541,0,3.2642296010361775
U0023542,1,4.002014010782876
U0023543,0,6.112475647297227
U0023544,1,2.0943758660586447
U0023545,0,2.6808072907996845
U0023546,1,3.556468818250753
U0023547,1,1.1760238130386256
U0023548,0,1.3427944980639346
U0023549,0,2.7586268492191124
U0023550,0,1.7852728107184408
U0023551,1,0.7037141981674075
U0023552,1,2.0222417038359133
U0023553,1,-2.7142663740054926
U0023554,0,1.1060996319019214
U0023555,0,-1.820525980332043
U0023556,1,4.463628608234174
U0023557,0,1.2682133550649155
U0023558,0,1.432002778219175
U0023559,0,1.0636706931221909
U0023560,1,2.1865424831716
U0023561,0,1.736327977403917
U0023562,0,2.326557101960155
U0023563,0,1.7456084343647262
U0023564,1,1.43741677990592
U0023565,1,4.181485179824616
U0023566,1,5.265616311116993
U0023567,1,1.7634338381614203
U0023568,0,2.511122396191592
U0023569,1,3.903121540784184
U0023570,0,3.4083271150900742
U0023571,1,1.8646878446159754
U0023572,0,3.353979690154711
U0023573,1,3.5862680286447226
U0023574,1,4.0145238541946995
U0023575,0,2.1322676806208385
U0023576,1,3.4124498213830705
U0023577,0,2.358257834879627
U0023578,0,2.5568594650151724
U0023579,1,3.515329434478039
U0023580,0,1.1561133953096387
U0023581,0,3.0478603330188943
U0023582,1,1.964743683403924
U0023583,1,0.5073585421548916
U0023584,0,2.479480186122739
U0023585,1,4.067509817053256
U0023586,0,2.8528123363630975
U0023587,1,2.32450455270342
U0023588,1,2.7515648859974924
U0023589,1,2.8225826231183504
U0023590,1,4.059053505299072
U0023591,0,5.009982399101709
U0023592,0,6.004172924790538
U0023593,0,1.758598212224939
U0023594,0,1.9959215854354078
U0023595,0,1.9932014825960422
U0023596,1,4.424958874391653
U0023597,1,1.5239037315383221
U0023598,1,2.203747737521299
U0023599,0,1.3226248473436009
U0023600,1,1.7825842935715173
U0023601,0,3.8221470482977153
U0023602,0,4.804188704780856
U0023603,0,2.4746731486919806
U0023604,1,2.5870062883670606
U0023605,1,5.12804580430849
U0023606,1,3.432706289545443
U0023607,0,0.8003255530843099
U0023608,0,6.002175145400731
U0023609,1,4.910942147301959
U0023610,0,3.031680445456633
U0023611,1,1.1943807338016477
U0023612,0,4.313570393821141
U0023613,1,2.860436547774663
U0023614,0,2.363346370368344
U0023615,0,3.681478008516425
U0023616,1,-2.347874395359324
U0023617,0,1.894663384927025
U0023618,0,2.830943651243885
U0023619,1,4.750488637944827
U0023620,1,4.101857450828499
U0023621,1,2.8682393556424106
U0023622,0,3.2643637033608037
U0023623,0,2.849651106066567
U0023624,0,4.621557543105261
U0023625,1,3.099099701518817
U0023626,0,1.5024743493498747
U0023627,0,3.659987073528182
U0023628,1,2.4172304138237735
U0023629,0,3.188824891761989
U0023630,0,2.727678909641991
U0023631,1,2.5062068585652213
U0023632,0,4.493069072888062
U0023633,0,-3.174600643947727
U0023634,1,3.768752217896889
U0023635,1,4.184064140559872
U0023636,1,1.043771664526723
U0023637,0,2.6253284223936575
U0023638,1,5.007977302964708
U0023639,0,2.4408379520116057
U0023640,1,3.802868790704956
U0023641,0,0.7130252623335238
U0023642,1,12.186485446679882
U0023643,1,2.5472118084449384
U0023644,1,1.7501222323879517
U0023645,0,1.8988497274377405
U0023646,1,3.0525955606502535
U0023647,1,3.490694211752949
U0023648,1,4.627383456211046
U0023649,1,3.2298155137113067
U0023650,1,2.2996061229391938
U0023651,1,4.974935864739617
U0023652,0,6.771375772133338
U0023653,0,5.708612634646302
U0023654,1,3.518202663328676
U0023655,0,4.166756618272586
U0023656,1,3.034135731206012
U0023657,0,10.042396002648092
U0023658,0,3.999290892516978
U0023659,1,4.089883075520078
U0023660,1,3.4740695025078914
U0023661,0,0.6802454104611737
U0023662,0,2.599588227382842
U0023663,0,1.7548828302049841
U0023664,0,2.588139448740513
U0023665,0,0.11128075724362319
U0023666,1,3.2150705387387823
U0023667,0,0.2955945921945009
U0023668,0,3.8877186328674362
U0023669,1,1.8258588648880956
U0023670,0,2.029701414486958
U0023671,1,3.3397936553933576
U0023672,0,5.129728904752952
U0023673,1,1.8345249171789284
U0023674,1,3.8417436267024456
U0023675,0,0.8299626397095707
U0023676,1,0.9065445455919914
U0023677,1,4.683993095800352
U0023678,1,4.005371538707607
U0023679,0,4.001165348206275
U0023680,0,2.4490337537121434
U0023681,0,3.036636424942728
U0023682,0,4.86478504898896
U0023683,0,1.4842696618802407
U0023684,0,2.451813222688184
U0023685,1,1.9497194507607993
U0023686,0,3.681494898270163
U0023687,1,3.108327035952918
U0023688,1,1.9500604870742713
U0023689,0,0.8593158601557036
U0023690,1,0.5781366221831679
U0023691,0,5.780050556382822
U0023692,0,3.629832302308216
U0023693,0,2.323028098107482
U0023694,1,1.918214716364151
U0023695,0,0.44736674411311483
U0023696,1,1.4830384211671763
U0023697,0,5.896381473789274
U0023698,1,2.412906773363842
U0023699,1,0.8986306856681132
U0023700,1,9.193938303723272
U0023701,1,2.4678853500625024
U0023702,1,1.3479574030879338
U0023703,1,4.3300829969402415
U0023704,1,5.539210068514084
U0023705,1,4.579877363549986
U0023706,0,2.4672169759194666
U0023707,0,1.2222318425393102
U0023708,1,3.2404725012874582
U0023709,1,4.063164712273537
U0023710,0,7.931743742936014
U0023711,1,2.8540543049164953
U0023712,1,3.5516685370544536
U0023713,1,2.127693086050826
U0023714,1,1.8097747976176635
U0023715,0,2.1669276353380447
U0023716,1,2.257899241514142
U0023717,1,2.826249938653282
U0023718,1,2.59435371395557
U0023719,1,3.5990514393871678
U0023720,0,0.33303587452043715
U0023721,1,1.609165939895096
U0023722,1,3.579572932476097
U0023723,1,2.022843464196219
U0023724,1,1.7661475509985536
U0023725,0,2.255350740577807
U0023726,1,2.050538859016388
U0023727,0,3.0484541101626768
U0023728,0,3.1060782708802783
U0023729,1,0.9301019047643493
U0023730,0,2.2118954350157196
U0023731,0,5.381773610495406
U0023732,0,-1.0357989919021335
U0023733,0,3.1797159398590793
U0023734,1,1.010075479520566
U0023735,1,2.0420299597090956
U0023736,1,0.2648928876233825
U0023737,0,2.8415825501033005
U0023738,1,-1.1167988824662203
U0023739,0,2.026957162477064
U0023740,0,3.3588888218385407
U0023741,1,3.9424460249314226
U0023742,0,2.9416363732559994
U0023743,1,3.3809939501076585
U0023744,0,4.0191059038687165
U0023745,0,5.06174799408705
U0023746,0,3.397986215660506
U0023747,0,2.961243150506686
U0023748,0,5.225818816279958
U0023749,1,3.6001676330732586
U0023750,1,2.0309203142549634
U0023751,0,5.0299246419582
U0023752,0,1.5989974191602307
U0023753,1,3.9728103851980308
U0023754,1,2.9557923122261833
U0023755,1,1.7746821275250753
U0023756,0,7.052480926288684
U0023757,1,3.191945161333308
U0023758,1,3.91405922714279
U0023759,1,3.105072779490264
U0023760,0,3.2489742950877734
U0023761,0,-1.2553303893845396
U0023762,0,3.7390409344563107
U0023763,0,1.804858972966052
U0023764,0,3.1573394889688124
U0023765,1,5.425691456803721
U0023766,1,3.7166109065574418
U0023767,0,3.268595278399557
U0023768,0,2.298403070494844
U0023769,0,2.851075651325319
U0023770,0,5.364756359723444
U0023771,1,1.9293610641980514
U0023772,0,3.7682652691757106
U0023773,0,2.434893892945638
U0023774,1,1.9010648799780334
U0023775,0,2.520670492992771
U0023776,1,2.1418686031725898
U0023777,1,1.3641661515768817
U0023778,0,1.513187962522796
U0023779,1,0.9602891469491777
U0023780,1,4.41493088454941
U0023781,1,5.47924114934094
U0023782,1,2.899582006978118
U0023783,0,0.9744220864154691
U0023784,0,3.1790405215682576
U0023785,1,2.1841376478873897
U0023786,0,3.076698396053123
U0023787,1,2.0112930688392368
U0023788,1,3.4813213819728475
U0023789,0,2.883181983263663
U0023790,0,2.870399346608817
U0023791,1,2.4703908547840037
U0023792,1,3.629270277357193
U0023793,1,0.5937664498049706
U0023794,1,4.679021513965747
U0023795,0,1.9575328610157268
U0023796,0,2.4188332876007266
U0023797,1,2.726279604369976
U0023798,1,3.8488410381321927
U0023799,0,1.9183048830088918
U0023800,1,5.951891375382427
U0023801,1,1.5821632899409295
U0023802,1,1.7002360731206139
U0023803,0,2.4566771442854147
U0023804,0,2.715263244035496
U0023805,0,0.9972351234453853
U0023806,0,2.473268580113274
U0023807,1,1.9744818776902555
U0023808,1,3.5648118382573664
U0023809,0,2.4404431711102177
U0023810,1,3.718226012098196
U0023811,0,1.0778991408769905
U0023812,1,2.225320619740611
U0023813,0,3.025957041961723
U0023814,1,2.813712372844755
U0023815,0,3.064362425968845
U0023816,0,1.1129091208468544
U0023817,1,2.829638259389551
U0023818,1,4.17502962344167
U0023819,0,3.6922778480148537
U0023820,1,2.180236009931013
U0023821,1,1.3037432826022943
U0023822,1,-0.27057710277833635
U0023823,0,3.8695956998879097
U0023824,0,2.1013041447531364
U0023825,0,3.7969759105710477
U0023826,0,5.3243608070107555
U0023827,0,2.24125304804134
U0023828,0,3.540882531049194
U0023829,1,2.7542022617148536
U0023830,0,-0.08693216038501994
U0023831,1,3.329998620339323
U0023832,0,7.357660377924816
U0023833,0,3.20816620384387
U0023834,1,4.270916944541147
U0023835,1,3.3844342452081584
U0023836,1,2.701289442474433
U0023837,1,3.30639855485078
U0023838,1,2.713671650768669
U0023839,0,3.4237040410610824
U0023840,0,0.5483978623961612
U0023841,1,-1.1152294572163988
U0023842,1,3.067682677885678
U0023843,1,2.254659213106944
U0023844,0,1.7976964132712396
U0023845,0,3.010830585115329
U0023846,0,1.6035175033189795
U0023847,1,2.157469945545822
U0023848,0,2.87167880292699
U0023849,1,3.3653072630223484
U0023850,1,0.9942578545899092
U0023851,0,3.14656159543188
U0023852,0,4.243427061536675
U0023853,0,-0.8256803494953786
U0023854,0,3.018621085572086
U0023855,0,3.1623259531063432
U0023856,0,5.419067880139934
U0023857,1,4.126252793471171
U0023858,1,3.490669515343793
U0023859,0,3.593090657042165
U0023860,1,1.2630643310717744
U0023861,1,2.2212804417541925
U0023862,1,1.5719770883887634
U0023863,1,3.849041991991971
U0023864,1,9.36850923874055
U0023865,1,2.5125556731637957
U0023866,0,3.348737596448924
U0023867,0,4.058850626568638
U0023868,0,4.634670656543722
U0023869,1,6.07121563095772
U0023870,1,2.097416376566974
U0023871,1,1.8152484399345923
U0023872,1,5.087189706390717
U0023873,1,4.137480021614056
U0023874,1,1.482060273785919
U0023875,0,3.8680841667470034
U0023876,1,1.9821713399519911
U0023877,0,0.3131545465191685
U0023878,1,2.881621271337959
U0023879,1,1.0342584567177493
U0023880,1,-1.5476077511249215
U0023881,1,3.493025572357631
U0023882,1,3.2459894462363827
U0023883,0,2.9156691646816473
U0023884,1,3.625581901666294
U0023885,1,2.7188163911288292
U0023886,0,4.415691586985915
U0023887,0,2.752543752953436
U0023888,1,2.0347730939778614
U0023889,1,3.093883945496806
U0023890,1,1.4375772906349518
U0023891,0,3.9620220889634368
U0023892,0,0.09800014002792068
U0023893,0,2.82779110871601
U0023894,1,4.261897496132271
U0023895,1,3.5044411463194685
U0023896,1,2.292969659614254
U0023897,1,1.5037038668027485
U0023898,0,-0.40058897989041853
U0023899,0,2.92323600998553
U0023900,0,2.4881782871223486
U0023901,0,2.518415100797707
U0023902,0,6.458506258375014
U0023903,0,2.158377091461549
U0023904,0,1.767955542561971
U0023905,0,1.0333539025725074
U0023906,1,4.079574713685815
U0023907,0,3.999725707040092
U0023908,0,3.2507023318494284
U0023909,0,2.247723925666591
U0023910,1,1.091491590544969
U0023911,1,3.9806530426378366
U0023912,0,1.4940312401447873
U0023913,1,3.566875302025595
U0023914,0,2.7393916649600456
U0023915,1,2.879532589686889
U0023916,1,1.1978433054809123
U0023917,0,3.453802906407267
U0023918,0,4.126775645764635
U0023919,0,3.5501707278629393
U0023920,0,-0.3709285623838383
U0023921,1,3.296760975032843
U0023922,0,2.410686221611872
U0023923,0,5.151733250072384
U0023924,1,2.62277033529527
U0023925,1,1.2075395822177875
U0023926,0,3.321350457897843
U0023927,0,2.2667339333364573
U0023928,1,2.507399024766551
U0023929,0,1.1659137651782636
U0023930,0,3.7740510471999436
U0023931,0,4.0201331958932975
U0023932,1,2.4822974911744193
U0023933,1,4.501450165481671
U0023934,1,5.220085811066724
U0023935,0,1.701877037639175
U0023936,1,1.0963842789062426
U0023937,1,6.0178783999733
U0023938,1,3.6828934123986237
U0023939,1,2.3055175611586307
U0023940,0,0.15292339547896106
U0023941,0,-0.2700138798752221
U0023942,1,4.33331070858544
U0023943,1,3.8877586628417156
U0023944,0,2.9214284402591684
U0023945,0,-0.19732850282137981
U0023946,1,2.913242504348439
U0023947,1,3.486758527246394
U0023948,1,2.0875992863101445
U0023949,1,5.34550222903853
U0023950,1,4.366479635450846
U0023951,0,4.500278914123129
U0023952,0,1.8260892998967506
U0023953,1,5.347769704434917
U0023954,1,3.2678100579247698
U0023955,0,2.7770240036995926
U0023956,1,3.8756539585714798
U0023957,0,-4.120177498925863
U0023958,0,1.6222298336857897
U0023959,0,2.9513561173556155
U0023960,1,-0.3452612313110226
U0023961,1,1.552951989647962
U0023962,1,4.6456136047402
U0023963,0,2.699375093014744
U0023964,0,2.9358690703758334
U0023965,0,2.798148652301691
U0023966,0,2.899892281748979
U0023967,0,3.9158995972408093
U0023968,1,3.2238784499012283
U0023969,1,3.549435803537083
U0023970,0,3.4106963435153794
U0023971,1,2.8255210614235455
U0023972,1,3.6333578900070727
U0023973,0,3.614253637624799
U0023974,1,2.0016941133996156
U0023975,0,2.887820871177947
U0023976,1,2.3978925815797645
U0023977,0,0.8586732558613939
U0023978,0,2.3273779335615856
U0023979,1,1.5717495026956918
U0023980,1,3.6067283378294235
U0023981,1,4.6414507587620335
U0023982,0,1.5447057570403153
U0023983,0,2.347661431067049
U0023984,1,4.297718223585203
U0023985,1,2.2200906138060432
U0023986,0,4.465769531936452
U0023987,1,2.8967677749085965
U0023988,0,2.789746225454973
U0023989,0,2.193561546889706
U0023990,0,2.3226892835935864
U0023991,0,5.937298946168287
U0023992,1,1.5689720017673245
U0023993,1,2.2232143429499303
U0023994,0,2.189404381255976
U0023995,1,2.4855999743318122
U0023996,1,1.7093785735097118
U0023997,1,3.066592983928482
U0023998,0,2.872885311095466
U0023999,1,0.5774405188839076
U0024000,1,-0.07521737943068985
U0024001,1,2.1525499297791857
U0024002,1,2.73670308241012
U0024003,0,3.296382220686933
U0024004,1,3.1130296509574684
U0024005,0,-2.9670128642882325
U0024006,0,1.71814223231004
U0024007,1,3.2059998563505925
U0024008,0,3.542091906030115
U0024009,0,3.7989222233440962
U0024010,0,0.5422446362448845
U0024011,1,3.4023699523469872
U0024012,0,3.332884695787669
U0024013,0,2.948820260915312
U0024014,0,4.110185705727268
U0024015,1,2.535842124755309
U0024016,0,4.799622771986936
U0024017,0,1.9283545841235465
U0024018,1,1.8734330786666469
U0024019,1,-0.32906773312541304
U0024020,0,1.8619215587217735
U0024021,0,3.1479449715822128
U0024022,0,2.519556680739349
U0024023,0,1.5262708573839614
U0024024,1,0.35558163931931475
U0024025,0,3.4035671431018724
U0024026,1,2.596287525904131
U0024027,0,5.720042880090359
U0024028,1,-1.4719124420803453
U0024029,1,1.5961878829828713
U0024030,0,1.9878640494378104
U0024031,1,0.680138232399834
U0024032,0,0.9383014884323799
U0024033,0,3.1857393927029136
U0024034,1,2.1622896479336955
U0024035,1,1.5950907367368963
U0024036,1,2.5265246894286566
U0024037,1,4.020181184004326
U0024038,1,1.537722756456951
U0024039,0,3.052515524453076
U0024040,1,4.197129010378616
U0024041,0,0.3476962432003461
U0024042,1,2.332656678913404
U0024043,1,4.346265824026007
U0024044,0,4.527088228487592
U0024045,0,2.873717552402482
U0024046,1,4.622662411180645
U0024047,0,1.5494694117587926
U0024048,1,-0.7625274743327015
U0024049,0,2.770996457977347
U0024050,0,0.18994281543628944
U0024051,1,1.0532380635112446
U0024052,1,4.0394513858846075
U0024053,1,1.2283296694279642
U0024054,1,3.952996938365544
U0024055,1,2.2086269320319154
U0024056,0,1.4998898402461158
U0024057,1,4.730182574743726
U0024058,1,1.77057668014492
U0024059,1,2.8854653894487114
U0024060,1,2.5345928697238094
U0024061,1,4.855631386370661
U0024062,1,3.7668856215676403
U0024063,1,2.4212310723133257
U0024064,1,1.793687477645662
U0024065,1,2.008463931436271
U0024066,1,3.1284296706309114
U0024067,1,5.574741858148801
U0024068,1,0.8011938436290222
U0024069,1,-2.0658332688357284
U0024070,0,-1.3800664554572748
U0024071,0,1.8897215933204912
U0024072,0,1.8092481954665942
U0024073,1,4.469337401530931
U0024074,0,0.241154488231075
U0024075,0,1.765910808437221
U0024076,1,1.3916562726395085
U0024077,0,3.0130670913126565
U0024078,1,1.3253445166110858
U0024079,0,3.839489482467549
U0024080,1,3.4665136806778314
U0024081,1,3.080724201776139
U0024082,1,1.9800674239519154
U0024083,0,5.174778859999002
U0024084,0,3.83642347569519
U0024085,1,2.5378873922713936
U0024086,0,-10.202192988506987
U0024087,1,0.5977394177531288
U0024088,0,1.9049543027511788
U0024089,1,4.522658706273994
U0024090,1,2.41167122954816
U0024091,0,2.3668042211905487
U0024092,0,1.7278571646231171
U0024093,1,1.2096402723274124
U0024094,1,5.134814391929925
U0024095,0,5.531318206677383
U0024096,1,6.339099259504117
U0024097,1,-0.4830779593718164
U0024098,0,2.7363195696373097
U0024099,1,3.3519332438673004
U0024100,1,4.235551509123917
U0024101,0,3.214908099494994
U0024102,1,4.557809065705644
U0024103,1,2.8132174232995766
U0024104,1,2.1016259378779765
U0024105,1,4.915581138048934
U0024106,0,0.44891123392972787
U0024107,1,3.178953458091197
U0024108,1,3.0851379978734066
U0024109,0,3.2740608397038553
U0024110,0,2.582157574577071
U0024111,1,2.797224131940368
U0024112,0,3.2183993536583984
U0024113,0,5.29541372744157
U0024114,0,2.6668104219767024
U0024115,0,1.4976386859108644
U0024116,1,3.4694590593300667
U0024117,0,2.5770560885755565
U0024118,0,2.0463161690971674
U0024119,1,4.31682996564564
U0024120,1,3.8901041878478093
U0024121,1,0.9318644561234546
U0024122,1,2.127472741024288
U0024123,0,8.599193535597092
U0024124,1,2.3897734918881763
U0024125,1,5.431971957408667
U0024126,1,4.058803215301365
U0024127,0,1.3730603716773953
U0024128,1,-0.3624344862288069
U0024129,1,2.6093386908656786
U0024130,1,3.986783594778384
U0024131,1,6.705655695068128
U0024132,1,1.3558435606223629
U0024133,1,6.122289665886335
U0024134,0,2.670700516858254
U0024135,0,1.0233256074966874
U0024136,0,4.084106844923806
U0024137,1,-1.8612636718557383
U0024138,0,0.9884814219847691
U0024139,0,4.373338039545807
U0024140,0,3.0153949955552957
U0024141,1,1.4300528255936094
U0024142,1,2.0522482300922604
U0024143,0,2.9007028555490084
U0024144,1,1.7340960037133435
U0024145,1,-0.3307856525109152
U0024146,1,3.840619120782719
U0024147,0,4.774554924335021
U0024148,1,3.6172273741491665
U0024149,0,6.535733466668528
U0024150,1,1.9897965225049283
U0024151,0,5.169402774989468
U0024152,0,-0.272748201724923
U0024153,0,1.6248535382729017
U0024154,0,3.996342446804057
U0024155,0,1.0751076678412517
U0024156,1,-0.43208149597828793
U0024157,1,3.573629900291575
U0024158,0,2.382920627351549
U0024159,0,5.0981403587585294
U0024160,0,0.7116799113304051
U0024161,1,4.158934766270946
U0024162,0,-0.6480097953062476
U0024163,0,1.097591737616316
U0024164,0,1.0147469612194655
U0024165,1,1.9356599803094205
U0024166,1,2.4636511689814036
U0024167,0,1.8026987462202015
U0024168,1,1.1107161701899102
U0024169,0,4.163000945812676
U0024170,1,3.6773216285458457
U0024171,1,0.9069254360755892
U0024172,1,4.867631974337032
U0024173,1,1.7034113887660425
U0024174,1,3.5225188549408966
U0024175,0,3.3031775811079527
U0024176,0,-1.8512292041061116
U0024177,0,0.3049274024041839
U0024178,1,2.467835383434995
U0024179,1,2.2606855937679633
U0024180,0,-0.29928174603179514
U0024181,0,3.638689467277393
U0024182,1,2.963532747531012
U0024183,1,2.8178825790324282
U0024184,0,4.443516994788826
U0024185,1,2.6939982865771626
U0024186,0,3.4467824262909694
U0024187,1,3.140604740397176
U0024188,0,2.339153400159301
U0024189,0,3.1603927390649282
U0024190,1,1.0248202513926739
U0024191,0,2.986479316397462
U0024192,0,1.5303223414706295
U0024193,1,3.115961837446747
U0024194,1,2.6250936054415765
U0024195,0,5.080894636034561
U0024196,0,0.9136210826519182
U0024197,0,3.061518435703336
U0024198,1,3.355364419383392
U0024199,0,3.8215981299200035
U0024200,0,3.8638221646404354
U0024201,0,1.9212689700707521
U0024202,0,2.8957059759895767
U0024203,0,-7.5483852901101685
U0024204,0,5.136600460219984
U0024205,0,4.834051197423939
U0024206,1,3.5085403845902334
U0024207,1,2.009260396617208
U0024208,1,7.028088695117031
U0024209,0,1.988091606783943
U0024210,0,3.7888118098411976
U0024211,1,2.1928772220465405
U0024212,1,-0.586372510030639
U0024213,1,3.4066058868156333
U0024214,1,2.6927440682699704
U0024215,0,3.9290632247280435
U0024216,0,2.38079167905504
U0024217,1,3.836844442986486
U0024218,0,0.13723801353102338
U0024219,1,1.0336069849477063
U0024220,0,3.8272721593720203
U0024221,1,3.050904086220706
U0024222,0,1.9538953181845642
U0024223,0,2.377731226052269
U0024224,0,1.7379828671438382
U0024225,1,1.767397136808487
U0024226,0,-3.3123257472883303
U0024227,1,1.7446422439440354
U0024228,0,1.9673828948710081
U0024229,0,1.1703014208297233
U0024230,1,2.9801670563481046
U0024231,0,-0.11511657537864828
U0024232,1,2.912269234819237
U0024233,0,1.2526406802619974
U0024234,1,3.2593842571269995
U0024235,1,3.1721207561876543
U0024236,1,3.2215824730833624
U0024237,0,3.7388525996816337
U0024238,0,0.22564314989636713
U0024239,1,4.47807187406638
U0024240,1,2.8699018710464834
U0024241,0,2.8602255384718376
U0024242,0,5.58265299136235
U0024243,0,1.3936188171584263
U0024244,0,4.549278643111691
U0024245,1,1.6078229625114453
U0024246,1,0.4131767018877106
U0024247,0,2.54795581504103
U0024248,0,3.3639768511684593
U0024249,0,2.7138096706520756
U0024250,1,2.23450933389576
U0024251,0,3.8358313617580464
U0024252,1,3.52446126506101
U0024253,0,1.775911807326377
U0024254,0,3.5904013319400434
U0024255,0,-0.7781156530206168
U0024256,1,3.253543890320188
U0024257,1,0.9577899859794314
U0024258,0,-1.7059529279730867
U0024259,0,4.387969211632619
U0024260,0,1.545950101277338
U0024261,0,3.6950890675920434
U0024262,0,3.132429009355567
U0024263,1,-0.5145395000831776
U0024264,1,3.9878279191732133
U0024265,1,3.5408694195605506
U0024266,0,3.166342866603536
U0024267,0,3.681150346748556
U0024268,0,3.126221082702335
U0024269,1,4.482553171429476
U0024270,1,12.544497139735881
U0024271,1,0.9737872442130815
U0024272,1,3.4807227052962553
U0024273,1,-2.8477983300936636
U0024274,1,1.609491895710626
U0024275,0,1.7619833786348522
U0024276,0,3.7959977654311494
U0024277,1,2.4415610719968157
U0024278,0,2.0210911834831293
U0024279,0,3.3287744886608586
U0024280,0,3.974641729671294
U0024281,0,0.8736231054215935
U0024282,1,1.780417562229724
U0024283,0,4.2517244527336295
U0024284,1,5.70314675855699
U0024285,1,-0.6667109464262619
U0024286,0,3.320586644145351
U0024287,1,2.5067176431773674
U0024288,0,4.978361059058484
U0024289,1,1.7762750618217922
U0024290,1,2.4796074697071244
U0024291,1,2.2574728976896132
U0024292,1,0.6251973385493592
U0024293,0,4.797324456399725
U0024294,0,-2.2066557999257483
U0024295,0,3.244715067111951
U0024296,0,1.545145783451023
U0024297,0,3.6876382159298053
U0024298,1,0.050330373042285714
U0024299,1,3.611446464376039
U0024300,0,2.1637742920946437
U0024301,0,2.1185984916739464
U0024302,1,3.910220438836676
U0024303,0,0.5204389602066328
U0024304,1,4.343349781560274
U0024305,1,3.9575071751666435
U0024306,1,2.6148044073992907
U0024307,0,2.724135297054117
U0024308,0,2.2361079583422168
U0024309,0,1.6481712272879676
U0024310,0,2.070024255351287
U0024311,1,12.950452627832142
U0024312,1,2.092348822058547
U0024313,0,3.18089918193229
U0024314,0,2.7355233884422354
U0024315,0,3.656211541396358
U0024316,1,3.055687267002426
U0024317,0,3.128082224919517
U0024318,0,0.7823399354412715
U0024319,0,1.942842920611053
U0024320,0,3.1254898020159985
U0024321,1,3.848308328628619
U0024322,0,0.8971158854937897
U0024323,0,3.0892804164106273
U0024324,0,3.081653759614511
U0024325,1,-3.415398491766954
U0024326,0,3.9252393499495586
U0024327,1,3.8842734749887455
U0024328,0,3.287223084665225
U0024329,1,4.0403994677973145
U0024330,0,4.132274120276001
U0024331,0,2.5497215407333265
U0024332,1,2.3307603551990113
U0024333,0,3.0629759815947146
U0024334,0,4.479678858847681
U0024335,0,2.964843088403736
U0024336,0,5.697305305454982
U0024337,0,1.394508436040855
U0024338,0,3.699202520592838
U0024339,1,-1.5585030593717306
U0024340,1,3.084075179816086
U0024341,1,2.089368482812201
U0024342,1,1.5557540437307757
U0024343,0,5.329990181034599
U0024344,1,3.4958389129925322
U0024345,0,2.0873387384632025
U0024346,1,1.7465813274176512
U0024347,1,1.2077691062756166
U0024348,1,2.537288667306349
U0024349,0,-0.82814715395957
U0024350,1,2.577508492143835
U0024351,0,3.1058183908715646
U0024352,1,2.5354999351682928
U0024353,1,0.8038998387689844
U0024354,1,2.851992849347935
U0024355,0,2.1573089793155376
U0024356,1,3.933748991941499
U0024357,0,1.390174877714804
U0024358,0,5.020212016764681
U0024359,1,3.594433025195425
U0024360,0,2.445079131857593
U0024361,0,-0.8758459940441465
U0024362,1,-1.3886469771294685
U0024363,0,-0.6511342598644045
U0024364,1,6.760089546711161
U0024365,1,2.0836421040115756
U0024366,1,4.4525715476302565
U0024367,1,3.584311284314337
U0024368,1,3.5827449908046294
U0024369,0,5.52611741762108
U0024370,1,0.7769871269518234
U0024371,1,1.8480340024409774
U0024372,1,1.7945979381947765
U0024373,0,4.026513817544345
U0024374,1,4.342962525426145
U0024375,1,7.5222487690170965
U0024376,1,2.1851678307245948
U0024377,0,5.361191795505519
U0024378,1,2.591664727723792
U0024379,0,1.7334311845853154
U0024380,0,1.140088839799116
U0024381,1,3.0235556356954483
U0024382,1,2.109943476196122
U0024383,0,1.5793137732909237
U0024384,1,3.4707256306292287
U0024385,0,-0.6948085235474721
U0024386,0,1.538183533410681
U0024387,1,2.8115038205389062
U0024388,0,1.7964969140162523
U0024389,1,1.15174236349554
U0024390,0,0.46040283778345525
U0024391,0,-5.8488488574363515
U0024392,1,3.1950882438669
U0024393,0,2.2642385112188705
U0024394,0,-0.25802563942765033
U0024395,0,2.6446071518186915
U0024396,1,4.0235520712251205
U0024397,1,2.7199988152204266
U0024398,0,1.90938438883515
U0024399,1,2.2050361527504023
U0024400,0,6.2201999805359165
U0024401,0,3.1818748694026695
U0024402,0,2.9327994292832074
U0024403,1,2.0018815649295583
U0024404,1,4.437491096521436
U0024405,0,4.316907033353104
U0024406,0,2.343152762137489
U0024407,0,2.2050594130951584
U0024408,0,2.9492784035903163
U0024409,0,1.48913746442771
U0024410,1,2.031619587463979
U0024411,0,-2.039353597364787
U0024412,0,2.9981372801681303
U0024413,1,2.9792864294580355
U0024414,1,2.076406897028857
U0024415,0,-4.684761019985048
U0024416,0,4.673526462126009
U0024417,1,3.474602647044069
U0024418,0,2.9100872203841046
U0024419,0,-3.640559590050394
U0024420,0,-0.26703201905182183
U0024421,0,1.6932723155128784
U0024422,0,4.165137445061397
U0024423,1,4.212171692767013
U0024424,1,4.709687930321966
U0024425,0,2.0198432692544444
U0024426,0,2.7563218811212664
U0024427,1,1.5114746960960233
U0024428,0,2.4951449621733204
U0024429,1,0.3446368113568923
U0024430,1,2.4424168400139195
U0024431,1,3.5369805408700774
U0024432,0,-0.10728892699092896
U0024433,0,3.9160479603489584
U0024434,0,0.6647622316919808
U0024435,0,1.5404858204211926
U0024436,0,3.411135043788512
U0024437,0,1.8927980001839977
U0024438,0,2.0363874163383358
U0024439,0,2.3847200979223864
U0024440,1,1.8979177546226538
U0024441,1,3.7669734869289684
U0024442,1,3.199185803098805
U0024443,0,2.315862399498073
U0024444,1,3.9100394658918542
U0024445,0,0.8827234290510759
U0024446,0,-1.6641251511753623
U0024447,0,2.9009510594068217
U0024448,1,2.0545678401766185
U0024449,0,1.9174877491451383
U0024450,0,2.2265077029607916
U0024451,0,2.4709421018567035
U0024452,1,1.0218861942594124
U0024453,1,2.361833469685216
U0024454,1,0.05788371762839972
U0024455,0,2.996124218560645
U0024456,0,4.104010584555812
U0024457,0,-0.07239899803660421
U0024458,0,2.9611545611508934
U0024459,1,1.227237205529688
U0024460,0,2.6394557987930405
U0024461,0,4.002234130383723
U0024462,0,2.2328892694191573
U0024463,1,2.967893769719348
U0024464,0,1.017158877045631
U0024465,0,2.428160047077471
U0024466,0,4.221319261969402
U0024467,0,2.771758751526601
U0024468,0,4.345597858840126
U0024469,0,5.836259635559788
U0024470,0,2.9431396993743277
U0024471,0,1.261838777371132
U0024472,1,3.0348211432850576
U0024473,1,2.1347875898920563
U0024474,0,0.9201318030742822
U0024475,0,2.944785984183085
U0024476,1,0.35354115098246197
U0024477,0,4.04058195851173
U0024478,1,2.764988731517075
U0024479,1,14.99891531511512
U0024480,0,5.726594760709606
U0024481,0,3.213282138378254
U0024482,1,4.139037820677693
U0024483,0,2.8743560981015825
U0024484,1,5.286732353984391
U0024485,0,3.4144145954151064
U0024486,1,3.791514496809576
U0024487,0,2.995463381603262
U0024488,0,4.966400665405253
U0024489,1,3.7848374693661757
U0024490,1,4.306298867410526
U0024491,1,3.870227677597317
U0024492,1,2.0557017358731358
U0024493,0,-0.6446580161345103
U0024494,0,2.250252761455741
U0024495,1,3.981605642510459
U0024496,0,2.90906292197206
U0024497,1,1.3446325528751721
U0024498,1,5.535435817010601
U0024499,0,4.473767384591781
U0024500,0,3.503938133119071
U0024501,0,1.086048520125102
U0024502,1,7.7581788547161
U0024503,0,2.60267798367539
U0024504,1,-0.6162390483155544
U0024505,0,5.305869679822637
U0024506,1,1.4449074874942731
U0024507,0,2.1738278149734676
U0024508,0,2.1977226518860675
U0024509,1,1.3891937483781973
U0024510,1,2.334604741823611
U0024511,0,2.000117650332582
U0024512,1,3.3037384405404104
U0024513,1,1.3110996068429905
U0024514,1,0.07499550108419228
U0024515,0,6.4188738183912974
U0024516,1,3.1275491834707623
U0024517,0,3.8657576256987873
U0024518,1,0.700901867394002
U0024519,0,1.6611451680610223
U0024520,0,-0.7301617986069999
U0024521,0,2.8754356300402595
U0024522,1,-1.0181628810105074
U0024523,0,2.143265017220145
U0024524,1,1.5099933298027892
U0024525,1,1.5051295750480236
U0024526,1,7.725243928056592
U0024527,0,2.3944637598007503
U0024528,0,2.028484923385726
U0024529,1,0.8326308565576355
U0024530,1,1.7612676016160336
U0024531,1,3.284659656286017
U0024532,1,3.8867410974346157
U0024533,0,3.3869921084306824
U0024534,0,3.319129513329857
U0024535,0,2.447985702712497
U0024536,1,2.6761694864191163
U0024537,0,3.6828963807915542
U0024538,1,5.78866448723501
U0024539,1,0.762592496278792
U0024540,0,2.341776812947799
U0024541,1,1.644671097043986
U0024542,1,1.1959185626138726
U0024543,1,0.12421517946077643
U0024544,0,2.758273738347434
U0024545,0,0.5458867794695159
U0024546,1,2.7061753854132604
U0024547,1,-0.18518933651653668
U0024548,0,2.9476060274102416
U0024549,0,3.22431595820283
U0024550,0,1.8081640868261104
U0024551,1,3.2438759637133465
U0024552,0,3.397776316660483
U0024553,1,2.2508678067726002
U0024554,0,3.584144632240662
U0024555,0,3.279867201740286
U0024556,0,-1.6289850498963432
U0024557,1,2.398254029698524
U0024558,0,0.9668608058253731
U0024559,1,2.5421423144150026
U0024560,1,4.073269063261501
U0024561,0,2.3777426110480953
U0024562,0,2.125594749909329
U0024563,1,2.169431323333111
U0024564,0,3.947114159789958
U0024565,1,1.8368694225312776
U0024566,1,1.8618617306694354
U0024567,0,3.1719544314422823
U0024568,1,1.9787089978195134
U0024569,0,1.38317949542623
U0024570,1,1.9888568930875188
U0024571,1,4.311205491755128
U0024572,0,2.460161733292864
U0024573,0,3.373937375896645
U0024574,1,1.6253614886547805
U0024575,1,4.316411877332413
U0024576,1,1.5090809795566074
U0024577,0,4.340731305146907
U0024578,1,1.2397400173720126
U0024579,0,2.3933747547674535
U0024580,0,3.754204737218206
U0024581,1,2.7649257559838993
U0024582,0,0.6935433626947152
U0024583,0,3.421578374625213
U0024584,0,2.283425938381548
U0024585,0,3.5373979184946585
U0024586,0,3.2652451879464337
U0024587,0,0.38125568283947686
U0024588,1,2.275358857446008
U0024589,0,1.4064687444820176
U0024590,1,3.155397725526692
U0024591,1,2.0747426797904858
U0024592,1,3.6399231625305575
U0024593,1,2.0778523290799953
U0024594,0,4.71248926274701
U0024595,0,-0.09312411059981685
U0024596,1,3.056302420102595
U0024597,0,1.5481371496197482
U0024598,1,1.2758132908458215
U0024599,0,3.1937915636253464
U0024600,1,5.355774452739521
U0024601,1,1.7251146165877813
U0024602,0,3.2620062989120573
U0024603,1,3.7005158934554103
U0024604,0,1.6189502074268418
U0024605,1,2.3402103441436175
U0024606,0,6.061308668925577
U0024607,0,4.627447757602852
U0024608,0,1.8746474549497272
U0024609,1,3.8527393227383335
U0024610,1,3.0342865903757286
U0024611,0,-0.44900054785396826
U0024612,1,4.048964172334088
U0024613,1,1.8410626538997015
U0024614,0,1.7130998609974348
U0024615,1,3.297874784057967
U0024616,1,2.942152193391184
U0024617,0,2.53658572917427
U0024618,0,1.239222959691686
U0024619,0,3.120824611997163
U0024620,0,5.961386912374898
U0024621,1,2.829365188246504
U0024622,1,3.2732954033371726
U0024623,0,3.045184496519809
U0024624,0,3.5794007257472984
U0024625,0,2.93783977484291
U0024626,1,2.7485110057431417
U0024627,0,1.430148986492732
U0024628,1,2.3210768787902296
U0024629,1,1.0655751710805639
U0024630,0,3.3642466195806584
U0024631,1,-3.138972610065558
U0024632,1,9.177326487808536
U0024633,0,4.070085992225836
U0024634,0,4.037557438387477
U0024635,1,3.3744453661892404
U0024636,0,2.459680993713981
U0024637,0,0.5590965925972498
U0024638,0,3.6131849832897487
U0024639,1,3.0826318304893796
U0024640,0,2.9633893332074983
U0024641,0,3.4584287571908945
U0024642,0,5.013426271909331
U0024643,0,6.423454024802595
U0024644,0,2.5279695031668687
U0024645,1,-1.703964757507979
U0024646,1,4.404230671753975
U0024647,0,3.5959279694803286
U0024648,0,4.799801223212214
U0024649,0,2.4391464438147423
U0024650,0,2.232981216955947
U0024651,1,-0.17518110552146382
U0024652,1,3.9164834975218827
U0024653,0,-4.864464190603382
U0024654,0,1.8113567044036056
U0024655,1,4.826278797260022
U0024656,0,2.773590860501855
U0024657,0,3.276564071553196
U0024658,1,1.7514901983495932
U0024659,1,3.07321440393895
U0024660,1,2.138583676691244
U0024661,1,0.5464154979191918
U0024662,1,2.4815233936386782
U0024663,1,3.3682863946613857
U0024664,1,3.8798958827205148
U0024665,1,2.303599731964688
U0024666,0,5.289387259513962
U0024667,1,1.6806575649833029
U0024668,1,2.788860944812164
U0024669,1,1.42763395077084
U0024670,1,2.102578882317907
U0024671,0,1.120822877126411
U0024672,1,0.8580508990815972
U0024673,1,0.06512884408460451
U0024674,1,1.0706049544175507
U0024675,1,4.47687436361036
U0024676,0,2.681985454715125
U0024677,0,2.0422338096463264
U0024678,1,1.6185796580834282
U0024679,0,0.8074949383651919
U0024680,1,4.286991380912243
U0024681,0,3.7494290327738415
U0024682,0,3.360889959760774
U0024683,1,2.0363679271905593
U0024684,1,3.7712328961172155
U0024685,1,3.6861151303971873
U0024686,1,4.348606657922463
U0024687,1,1.2497223295784075
U0024688,1,5.3471943952263
U0024689,1,-0.7826122588745861
U0024690,0,4.703843609046849
U0024691,1,3.275188826591169
U0024692,1,5.269872594566969
U0024693,0,5.298513644066006
U0024694,0,5.066286315992748
U0024695,1,3.1815753176392256
U0024696,0,1.713165653903804
U0024697,1,1.5559254763091452
U0024698,1,1.4459111411775574
U0024699,0,1.060758675331373
U0024700,1,2.989121762370175
U0024701,0,1.924202738643995
U0024702,1,1.0466216505727743
U0024703,0,3.046564956619733
U0024704,1,3.3976855467926015
U0024705,1,1.8566653926689867
U0024706,1,2.789061579791575
U0024707,1,2.7940428598286466
U0024708,1,3.4811335796228526
U0024709,1,2.9258957106928225
U0024710,0,5.9926288915414965
U0024711,0,5.321334399882545
U0024712,1,0.8853578500780479
U0024713,1,0.507536939760417
U0024714,0,1.9943829627548872
U0024715,1,5.009407080440333
U0024716,1,1.580029303297188
U0024717,0,3.0270311944260584
U0024718,0,5.740527731169031
U0024719,1,2.3394791155085652
U0024720,0,4.04308275418059
U0024721,0,3.423587944549098
U0024722,0,4.562775552416355
U0024723,1,4.265929473666336
U0024724,0,1.5873872269059426
U0024725,1,4.013444289390879
U0024726,0,1.6382048571640198
U0024727,0,-1.2768747869172685
U0024728,0,3.1146685703536026
U0024729,1,-0.7511649342739979
U0024730,1,2.4810921009342266
U0024731,1,-0.2722824767571552
U0024732,0,1.9078137058083335
U0024733,1,2.1355171563085626
U0024734,1,1.2541366376024747
U0024735,1,2.289603864375483
U0024736,1,1.8012775587244931
U0024737,0,2.7256257854524932
U0024738,0,3.3814445280465577
U0024739,0,1.2978620905421963
U0024740,1,7.338963542161721
U0024741,0,3.194518048610128
U0024742,0,3.913390630887065
U0024743,1,2.031267811342822
U0024744,1,2.6109998478431145
U0024745,0,2.732482443504832
U0024746,0,2.8772758199065454
U0024747,1,3.428468427247079
U0024748,1,2.489763287530117
U0024749,0,3.7853244690815657
U0024750,0,1.684413118859169
U0024751,0,5.282269182373245
U0024752,1,2.305034053952916
U0024753,1,2.4337065369689626
U0024754,1,5.089777420804836
U0024755,1,3.2686306207958005
U0024756,1,2.687000624751672
U0024757,1,3.3016624965919945
U0024758,0,2.9390029114425076
U0024759,1,4.344483499823802
U0024760,1,8.17013983348636
U0024761,1,3.007955631827045
U0024762,0,2.9411479482480587
U0024763,0,2.2215374517070146
U0024764,1,2.4256423184466485
U0024765,0,-1.434373653643215
U0024766,1,0.7785988820104848
U0024767,1,4.010500374697667
U0024768,0,1.4005298505372394
U0024769,1,-1.4283813740605709
U0024770,0,4.212496226626445
U0024771,1,6.293018181005397
U0024772,0,3.715738190491905
U0024773,0,2.5071428537073643
U0024774,0,1.657733380759467
U0024775,1,2.309607010083816
U0024776,0,1.7624559238291226
U0024777,0,2.144226947457348
U0024778,0,0.42941991582884853
U0024779,0,4.017418942665081
U0024780,0,-0.1607605692123606
U0024781,1,2.3555414865359197
U0024782,1,2.3684912736613484
U0024783,0,5.496530568383644
U0024784,1,3.484814667974902
U0024785,1,1.0664006426637975
U0024786,1,11.523692678291283
U0024787,0,1.8905343381119355
U0024788,1,4.174669932564733
U0024789,0,2.800828919818887
U0024790,1,1.9541347442543096
U0024791,0,3.2211753684318083
U0024792,0,7.942295540969123
U0024793,1,8.797041225657672
U0024794,0,3.4528413740862476
U0024795,0,3.89788949055556
U0024796,0,-0.3248904081772608
U0024797,0,3.619487748856283
U0024798,0,3.4330239741940005
U0024799,1,1.0121827654924829
U0024800,1,4.082708823818493
U0024801,1,4.41467089245994
U0024802,0,3.328581520717563
U0024803,1,4.339652153627384
U0024804,0,5.620128980149222
U0024805,0,1.7870975575614594
U0024806,0,5.05908815097737
U0024807,0,10.354002678569703
U0024808,0,3.3479984458411174
U0024809,0,0.8790307429063731
U0024810,1,2.759822832442458
U0024811,1,2.991354019142591
U0024812,0,2.065431731290623
U0024813,0,6.786215095362497
U0024814,0,3.3955136919710824
U0024815,0,3.2898633920279323
U0024816,0,0.8792751763966784
U0024817,0,2.523958249191555
U0024818,0,1.6702590391014027
U0024819,0,1.7490432167247576
U0024820,1,2.1704282616389587
U0024821,1,5.915169661419592
U0024822,0,-0.5652977746501477
U0024823,0,2.2705780108412945
U0024824,0,1.7006794805486862
U0024825,0,4.068301906321196
U0024826,0,1.395350092821154
U0024827,0,-1.6921978267407578
U0024828,0,2.769661681575787
U0024829,1,1.0168748103488134
U0024830,1,2.891024473839865
U0024831,0,2.380649250746419
U0024832,1,3.1116889568885604
U0024833,0,1.913433649563359
U0024834,0,0.4939082950096143
U0024835,1,2.668932862123846
U0024836,1,1.3946678426696764
U0024837,1,3.2649238730327923
U0024838,1,4.157325995176315
U0024839,0,1.7128823134927451
U0024840,0,1.90293458015325
U0024841,1,3.1853865585599443
U0024842,1,1.681044444389439
U0024843,0,3.747903275842461
U0024844,1,2.618043449175765
U0024845,1,3.3114933708096643
U0024846,1,0.6837526253150763
U0024847,1,2.388320380924064
U0024848,0,0.8411554132863515
U0024849,1,2.6420687212698635
U0024850,1,3.6051663414628656
U0024851,0,4.8776656098467654
U0024852,0,3.7817817951209314
U0024853,0,4.31980861670195
U0024854,1,0.8906175367807219
U0024855,0,4.486697152414262
U0024856,0,3.4922248759820746
U0024857,0,0.40795028422370017
U0024858,1,2.0750641524396407
U0024859,1,6.745313448575523
U0024860,0,1.6545122687202216
U0024861,1,6.967690250045894
U0024862,0,4.213545279626011
U0024863,1,0.6661768544192483
U0024864,1,2.4322425847265663
U0024865,1,3.810929008951792
U0024866,1,3.470318730643374
U0024867,1,3.4016764812783293
U0024868,1,-1.8971263223994015
U0024869,1,0.6683737151208895
U0024870,1,1.9530699168232033
U0024871,0,3.7700254113399048
U0024872,1,3.789775320430449
U0024873,1,4.688693500835509
U0024874,1,2.503358893378948
U0024875,0,6.023025916302998
U0024876,1,0.08017111633439455
U0024877,1,1.370017126877329
U0024878,1,5.954962406790422
U0024879,0,4.567750488285579
U0024880,1,3.1414894010710945
U0024881,1,4.4117661472201295
U0024882,1,3.6627461844167684
U0024883,0,3.4079104226408052
U0024884,1,3.689061695180884
U0024885,0,-1.367177221635222
U0024886,1,4.12274372022962
U0024887,0,3.448688267451768
U0024888,1,4.390942700699446
U0024889,1,1.7833342263250138
U0024890,1,2.090568154470498
U0024891,0,1.4620276713619447
U0024892,0,3.1501306278633727
U0024893,0,2.837003177150777
U0024894,1,3.4467990122946617
U0024895,0,4.040384265494302
U0024896,1,3.2320338556138104
U0024897,1,3.701594448783336
U0024898,1,3.737023565586089
U0024899,1,3.6759299069614464
U0024900,0,3.2741219175786362
U0024901,1,1.6326933710078233
U0024902,1,0.4975405683238314
U0024903,1,1.0607740428576893
U0024904,0,2.618154511889399
U0024905,0,3.840563726619891
U0024906,1,2.4873625379741497
U0024907,0,3.877826412877658
U0024908,0,2.747757988497881
U0024909,0,4.873955904065138
U0024910,1,2.898746073319378
U0024911,0,2.094835314487163
U0024912,1,3.052085313577324
U0024913,0,1.0136267803657582
U0024914,1,5.834018397194978
U0024915,0,3.661011005420697
U0024916,0,1.1401096825128825
U0024917,0,1.1075304648002664
U0024918,1,4.222711102348558
U0024919,1,1.8736390202911295
U0024920,0,3.7211048141535805
U0024921,0,8.06197302015888
U0024922,1,1.8170311167118918
U0024923,0,3.938838204574129
U0024924,0,5.374540524866816
U0024925,1,1.9313784674610677
U0024926,1,2.0829515708705877
U0024927,1,1.6887629806553797
U0024928,0,2.8613078719594114
U0024929,1,3.4284507329763336
U0024930,0,3.534089791183831
U0024931,1,3.6006980425932067
U0024932,1,1.2363345041885587
U0024933,1,1.9724628646260385
U0024934,1,0.14465119756977884
U0024935,1,4.907866652440379
U0024936,0,2.335482223763486
U0024937,0,1.8607416935296754
U0024938,0,2.26160748678652
U0024939,0,0.6477113720364223
U0024940,0,6.319307787514122
U0024941,0,2.2485496375515073
U0024942,1,2.1987080368580045
U0024943,0,2.6493265617522255
U0024944,0,1.949838780577963
U0024945,0,1.6379380090583027
U0024946,1,2.9018847413557403
U0024947,1,0.42013923761554217
U0024948,1,1.021945873004782
U0024949,1,4.299314490752444
U0024950,1,3.050430624728058
U0024951,0,0.8844665879359788
U0024952,1,2.401665966990379
U0024953,1,3.0980478175638346
U0024954,0,3.5752622324797105
U0024955,0,1.9142032028362177
U0024956,1,3.6977222756897454
U0024957,1,5.221172090925343
U0024958,0,1.5260150503264818
U0024959,0,2.77673236845094
U0024960,0,5.544019052107711
U0024961,1,1.2305870163762336
U0024962,1,2.3251243245093463
U0024963,1,6.3771030141951535
U0024964,0,2.1705339159054695
U0024965,1,1.0046189156966765
U0024966,0,3.4589452847898094
U0024967,0,3.652526213536909
U0024968,0,4.266235821043928
U0024969,0,-6.780414715202987
U0024970,1,3.6011606113038432
U0024971,0,4.001804773718884
U0024972,0,2.937163087379675
U0024973,0,3.741795627945592
U0024974,1,0.8980675947833703
U0024975,0,3.153582852954756
U0024976,0,2.3243521781793284
U0024977,1,5.30401217478502
U0024978,1,3.4834190550090813
U0024979,1,4.985890327422332
U0024980,1,0.4241539657931348
U0024981,1,1.4854609038570743
U0024982,0,2.3533471437751174
U0024983,1,0.7994568372949207
U0024984,0,4.533484172475866
U0024985,0,3.6143516529479456
U0024986,1,3.208545720427164
U0024987,0,1.9951384554955212
U0024988,1,4.686512203543689
U0024989,1,1.406004001547771
U0024990,0,2.136124736065291
U0024991,0,1.8315911528963795
U0024992,0,4.539903182778534
U0024993,0,3.1372086567441784
U0024994,0,4.178581526271287
U0024995,0,0.7062516129855432
U0024996,1,3.4330026487669674
U0024997,1,2.346868147377375
U0024998,0,0.05986990826714944
U0024999,0,1.7746659929460584
